7001,[1, "2019-10-29T03:42:34.398544", [101, "2019-10-29T03:42:34.387544", "aggr_hash: 2d196aaecffceab5c872a456df8b017ceb5e3de96bc95e015a26031d46008df8", "timestamp_from: 2019-10-29T03:25:59.587162", "timestamp_to: 2019-10-29T03:42:34.337546", "index_from: 0", "index_to: 100", "0002b2b11c94b5d6e32f688f76ceacfebf37b59fd559b3fa9f39621fb086ea7f", "000f5d03dd740702ec549e6b0cdf412ce5c5dd7cdbf49b45ecbc86f075b445c8", 218, "TB"], "00027d2a30d8a6e0562a47fb9e85671f6707974452cf44762e9add382001a48b", "0000820cc91a7365cf5dc786ec34ebdc580b76c681bf5ad992087e3ec7d341e3", 67, "SB"],1572320555684,1572320558542,2858
7002,[2, "2019-10-29T03:59:19.075920", [203, "2019-10-29T03:59:19.067919", "aggr_hash: 0f0d644e97395122110292466f8c931070d81e09b7c53551762e36173871c2a9", "timestamp_from: 2019-10-29T03:42:44.589551", "timestamp_to: 2019-10-29T03:59:19.058955", "index_from: 102", "index_to: 202", "00002504414bff3334b1c74bf742663f1223fd93f2104e3c89867e997d38c15a", "0005783aa11fe53fe8cb9477c16e22435aa6dbb351e369bc2c79b3483b79fc48", 2015, "TB"], "000b0433fb27f01534cebe6ac093677aa5d3bf96dbab211ea57286f3214bf1d5", "00027d2a30d8a6e0562a47fb9e85671f6707974452cf44762e9add382001a48b", 258, "SB"],1572321559941,1572321562756,2815
7003,[3, "2019-10-29T04:16:03.399632", [305, "2019-10-29T04:16:03.390635", "aggr_hash: ddc18a5ce23b25d79277dff91abf98940297a8dae127ad1588c409b7e0446e6e", "timestamp_from: 2019-10-29T03:59:29.263920", "timestamp_to: 2019-10-29T04:16:03.339635", "index_from: 204", "index_to: 304", "000a9107f82481179da62f7fd7e90dfab9f640dcd93b3d51cce42f32d043d8b3", "00033d0c39a4766328f7dd575decaec6f80133adf7dc7cb7980535b9e39cd5fc", 1834, "TB"], "00070375a28ab56ae6188e6926db041411814b8b737064849cc4e8e07f3fec8e", "000b0433fb27f01534cebe6ac093677aa5d3bf96dbab211ea57286f3214bf1d5", 818, "SB"],1572322564212,1572322567036,2824
7004,[4, "2019-10-29T04:32:47.805335", [407, "2019-10-29T04:32:47.793355", "aggr_hash: 14fc670afd0d7b5e00de441985d1511717196385ade2bb49a1dd1c32fb465ad6", "timestamp_from: 2019-10-29T04:16:13.561635", "timestamp_to: 2019-10-29T04:32:47.778322", "index_from: 306", "index_to: 406", "0000607854b280516403e15d5f3691261013ce57ba4da775811205276e6fcc0e", "000a686c42dab22c7ca2d547b1b14d7bd3ed17f3e04e478d101cd91ac933e7d2", 2864, "TB"], "0004f9f9b6446ef18c099d8c0bdf9e5a34cf106b6695f0100cb4ee986445ff2e", "00070375a28ab56ae6188e6926db041411814b8b737064849cc4e8e07f3fec8e", 17778, "SB"],1572323568710,1572323571509,2799
7005,[5, "2019-10-29T04:49:32.696351", [509, "2019-10-29T04:49:32.678453", "aggr_hash: 9d06640b26ad7332241230faed3e2b2f552aabda5cc0b69d7a2fb473cc906e05", "timestamp_from: 2019-10-29T04:32:58.019321", "timestamp_to: 2019-10-29T04:49:32.653351", "index_from: 408", "index_to: 508", "0001610f32ab4259664bf5902f7c77ef1c4f7ac8e27d1edd88494868aa745475", "0005bfca1ce205cd1caf12263260528682f6209530b768b40d5e284f2f266ee7", 5109, "TB"], "0004c662231cde0430607804a10ea60dbc9b40acdf9609a2d4c4cb00bddcb470", "0004f9f9b6446ef18c099d8c0bdf9e5a34cf106b6695f0100cb4ee986445ff2e", 10866, "SB"],1572324573595,1572324576415,2820
7006,[6, "2019-10-29T05:06:17.478063", [611, "2019-10-29T05:06:17.447082", "aggr_hash: e9bc7ea6be84f2efef1a6ace7951dfdf71449c2f083af6a7889b576546909c8a", "timestamp_from: 2019-10-29T04:49:42.888538", "timestamp_to: 2019-10-29T05:06:17.419064", "index_from: 510", "index_to: 610", "0009bbdaf9f5ec0ec3f5b6028762de0cd11a62888e1bfc73618355660f6b3a75", "0008086e9a5a0b30981a5d44ddda09452d3cfb2662449ad81aaba9d6bed1c81b", 12888, "TB"], "0004e3bb59de602c995e579911cb5d49933d31f50488ef4a57ffb41cb8e2854b", "0004c662231cde0430607804a10ea60dbc9b40acdf9609a2d4c4cb00bddcb470", 4187, "SB"],1572325578343,1572325581208,2865
7007,[7, "2019-10-29T05:23:01.914442", [713, "2019-10-29T05:23:01.908441", "aggr_hash: eb2766b5c0af9438453a5249f63bb258d4b66093d63e4f6c44529369024334e2", "timestamp_from: 2019-10-29T05:06:27.654069", "timestamp_to: 2019-10-29T05:23:01.905439", "index_from: 612", "index_to: 712", "000a226ad889f7972b509d3ae1206b0bc149a7bd0ad14ce128c19b0ee36428b6", "00082ea08ce2bf3b8b2bad33cfa53717af21bd52d4e9b3fd0e5f80d328857897", 1226, "TB"], "0009739d4c0d566a24590f3ebbb0397b6ede621e09a5654bf75b70541072960a", "0004e3bb59de602c995e579911cb5d49933d31f50488ef4a57ffb41cb8e2854b", 7206, "SB"],1572326582824,1572326585641,2817
7008,[8, "2019-10-29T05:39:46.050160", [815, "2019-10-29T05:39:46.037194", "aggr_hash: f64e9b7ab1e463374f7d87121d2117e04cead2d8c35bc37b67c87f7421994871", "timestamp_from: 2019-10-29T05:23:12.150468", "timestamp_to: 2019-10-29T05:39:46.023161", "index_from: 714", "index_to: 814", "000a259d7debe3349b9e62de809c24094a6bf7ebb61863d6596d257d7381f39e", "000108a44e6a0b8e3def75fa7ae2396d1b92fe82d6b1eb3d977b3469a30cdc87", 2620, "TB"], "000ac263826b9e110b05c99967fe5985a9e458adccfe4a94cefd8120c93d2940", "0009739d4c0d566a24590f3ebbb0397b6ede621e09a5654bf75b70541072960a", 1132, "SB"],1572327586930,1572327589742,2812
7009,[9, "2019-10-29T05:56:30.639607", [917, "2019-10-29T05:56:30.623606", "aggr_hash: b56c236d11be5874741826ea245c418fe6eecad5c6156de73b45a9b0f9cd0b74", "timestamp_from: 2019-10-29T05:39:56.210161", "timestamp_to: 2019-10-29T05:56:30.613605", "index_from: 816", "index_to: 916", "00044a24f04e4c96b317bca8f5473ffbde4bc91619149cd02fde9760e9513313", "000d59f41fc106751ff22b0d71f54181612656ca0e100facea332822e2e63f98", 3140, "TB"], "000b2a6627f48d8d1db0b8db292012107aeddb89e02e9c5f24e9cb4c48a15ead", "000ac263826b9e110b05c99967fe5985a9e458adccfe4a94cefd8120c93d2940", 1598, "SB"],1572328591547,1572328594363,2816
7010,[10, "2019-10-29T06:13:15.384479", [1019, "2019-10-29T06:13:15.357464", "aggr_hash: 9565a21d95d000d27c7577cfbdef38c66eb49c7d905cf28098f3d75875c84bd4", "timestamp_from: 2019-10-29T05:56:40.812605", "timestamp_to: 2019-10-29T06:13:15.337470", "index_from: 918", "index_to: 1018", "000c622dbd4b2ba010e16747cfea934a80c1d2122368ebc6f590c670ee9d2721", "000a7b04c52218479a7cb01f4dbe6e19fa066d2e81e2b3d3b73e7eae41baaba5", 7137, "TB"], "00020aabaab19e9050c1c878a9c8497f928637d66857905accbca1b75e40dc4e", "000b2a6627f48d8d1db0b8db292012107aeddb89e02e9c5f24e9cb4c48a15ead", 7540, "SB"],1572329596312,1572329599156,2844
