Task,"(0, '2018-09-23T18:51:40.602993', 'A Genesis Block for Superblockchain', '0001271cda556c56197b08a4f0535f13536e72ad05be1f50a80114806b0b7a6c', '0000000000000000000000000000000000000000000000000000000000000000', 5899, 'SBC-GB')",Start_time,2018-09-23 14:51:41.198400,End_time,2018-09-23 14:51:51.569315,Duration,0:00:10.370915
Task,"(1, '2018-09-23T18:51:40.617953', (101, '2018-09-23T18:51:40.595221', 'aggr_hash: 3bc839e254373590153dc8cc6c883502dc1f647ab9aa69b858a07bfac3e90da9', 'timestamp_from: 2018-09-23T18:50:37.892083', 'timestamp_to: 2018-09-23T18:51:40.567089', 'index_from: 0', 'index_to: 100', '0009f00754e1dde5f5626814332e58348390810b127f349c5c64c3f08f1b2a61', '00079cfed74b32a9090c2f2d5b5571cf6045c190ca9e47d2cb47074a64bd7c2e', 1607, 'TB'), '000c2a42263b21f34da85e6d5318be9d2b413d0e174983183947ee95c1c6b8bb', '0001271cda556c56197b08a4f0535f13536e72ad05be1f50a80114806b0b7a6c', 1349, 'SB')",Start_time,2018-09-23 14:51:51.709939,End_time,2018-09-23 14:52:42.373420,Duration,0:00:50.663481
Task,"(2, '2018-09-23T18:53:33.284050', (203, '2018-09-23T18:53:33.278031', 'aggr_hash: 824081c034188a0b0616abffca16feba6ab8d268526bf5400e1f83200e8442b8', 'timestamp_from: 2018-09-23T18:52:42.942897', 'timestamp_to: 2018-09-23T18:53:33.259082', 'index_from: 102', 'index_to: 202', '000b8715444940ca96d1ef7b34f2ed6a9d8c0b62a1600a19f0c185e1a6ba4d8e', '000613827b1a77c9b2fa042a5136a4020c5ddbcc5f179165d681f02f17efbb54', 533, 'TB'), '000372aae42deaf1eeecc7ac699486b07b860fb5aa696a24e6fed3054bc48fc7', '000c2a42263b21f34da85e6d5318be9d2b413d0e174983183947ee95c1c6b8bb', 9636, 'SB')",Start_time,2018-09-23 14:53:33.617156,End_time,2018-09-23 14:53:53.955506,Duration,0:00:20.338350
Task,"(3, '2018-09-23T18:54:44.347986', (305, '2018-09-23T18:54:44.333027', 'aggr_hash: 0a21fde63d7010270c166af5e2f2ced085cce74938f874c467c802286460273e', 'timestamp_from: 2018-09-23T18:53:54.518005', 'timestamp_to: 2018-09-23T18:54:44.294130', 'index_from: 204', 'index_to: 304', '000bfc4fac109179c7f2e4492e3627821026dc62473efc5bc807836b4275ab01', '000b8d88f957247c949245c369d37ba479d16bf5fe7c9ed3267b48ab45603c57', 4107, 'TB'), '0003b6022b46839bb4758e2555712b3970f704dbb1b822c805ca4b7c1479f9f2', '000372aae42deaf1eeecc7ac699486b07b860fb5aa696a24e6fed3054bc48fc7', 2345, 'SB')",Start_time,2018-09-23 14:54:45.346365,End_time,2018-09-23 14:55:16.083235,Duration,0:00:30.736870
Task,"(4, '2018-09-23T18:56:06.842751', (407, '2018-09-23T18:56:06.829992', 'aggr_hash: 5931d746868094bd5fde8f6dcdef9e3758ca9918ad8351305dede59c7b2e73e6', 'timestamp_from: 2018-09-23T18:55:16.640742', 'timestamp_to: 2018-09-23T18:56:06.805860', 'index_from: 306', 'index_to: 406', '0004cfad83bc60b3ae28c4afbcc4004e0e97f1cf84abddd4d930f6faa10e013e', '000dfddfbb16f43f95836e38b024b26162bbef6ccd68265a2feb2a196ffe530d', 3517, 'TB'), '000b79d7fc596223359dd39420933ce57e748d5972b22aeda9f1d50331b2d2a2', '0003b6022b46839bb4758e2555712b3970f704dbb1b822c805ca4b7c1479f9f2', 2331, 'SB')",Start_time,2018-09-23 14:56:07.130980,End_time,2018-09-23 14:56:47.721675,Duration,0:00:40.590695
Task,"(5, '2018-09-23T18:57:38.995120', (509, '2018-09-23T18:57:38.990110', 'aggr_hash: 384aaf63650ea50fb34e0b23d6a7a24812e6da11fe4c6993ab08b04c3ef942e1', 'timestamp_from: 2018-09-23T18:56:48.299130', 'timestamp_to: 2018-09-23T18:57:38.961188', 'index_from: 408', 'index_to: 508', '0001d7be18df19b362008f4005fa1f79092192d2e4ce4a74d7bfc8ace336a939', '000d0ae1f569742a66252806d9ba5bfa5c35c64839c0cc9e76d2d79ca139c681', 224, 'TB'), '000e540e324f67e86876fbe33bfe0715c628d19dc0234b440c043263cad83eae', '000b79d7fc596223359dd39420933ce57e748d5972b22aeda9f1d50331b2d2a2', 6436, 'SB')",Start_time,2018-09-23 14:57:39.943564,End_time,2018-09-23 14:57:50.221338,Duration,0:00:10.277774
Task,"(6, '2018-09-23T18:58:41.294080', (611, '2018-09-23T18:58:41.263197', 'aggr_hash: 4ee80e0f07cf3bdb16246231c9e49bb04888896d504ce2ef05f35aed79135898', 'timestamp_from: 2018-09-23T18:57:50.792805', 'timestamp_to: 2018-09-23T18:58:41.256182', 'index_from: 510', 'index_to: 610', '0007d6aad762e01ba644dde08397cc616d7af5a92c42b0956ed7a1258c2c2683', '0003a51f700fd91cb41c89d5c28bece7f7a4a46803b1c198159729dae636d845', 6604, 'TB'), '000f492a03cd3dfaa6834b30f10c542d4bd587b2a8c41d13e2a5cc23a374b7ea', '000e540e324f67e86876fbe33bfe0715c628d19dc0234b440c043263cad83eae', 323, 'SB')",Start_time,2018-09-23 14:58:41.575327,End_time,2018-09-23 14:59:01.941553,Duration,0:00:20.366226
Task,"(7, '2018-09-23T18:59:53.132906', (713, '2018-09-23T18:59:53.116992', 'aggr_hash: 2a3eb3e508420577b2fb0a530405fa9476be79b4e80dbbd4c0657f5599ae3b59', 'timestamp_from: 2018-09-23T18:59:02.491046', 'timestamp_to: 2018-09-23T18:59:53.051129', 'index_from: 612', 'index_to: 712', '0006567b8cc7cbbae2eedb4cc11eb8651cb7ce0111e9c576f39cd2ab58c2e0b0', '0009ffe26593478bb2c95a6d50831ade4e8eaf2e147a0fb49144e8c3de3c51a7', 4888, 'TB'), '000b4113d418946126b107db603ca5b2bfee0f996d9bffb062532573a30a183d', '000f492a03cd3dfaa6834b30f10c542d4bd587b2a8c41d13e2a5cc23a374b7ea', 11848, 'SB')",Start_time,2018-09-23 14:59:53.478015,End_time,2018-09-23 15:00:13.831918,Duration,0:00:20.353903
Task,"(8, '2018-09-23T19:01:04.709531', (815, '2018-09-23T19:01:04.685593', 'aggr_hash: a90a3fcee29a44568b6c4741b6d9a24033e1a90159f668151c01abff7b232ae2', 'timestamp_from: 2018-09-23T19:00:14.374431', 'timestamp_to: 2018-09-23T19:01:04.667645', 'index_from: 714', 'index_to: 814', '000317574e5489af7610dbd7788d080830f8d5e22ae40b8b1c19620fe2dc41cf', '000f9211079465534f7dbbb49d68b5bce40e11e9d0cb93d77a1efd82e1e82d9c', 7687, 'TB'), '000613be5e4d1fb2d4569afbda29a3de5954497057197ce083c4b750f89ad22c', '000b4113d418946126b107db603ca5b2bfee0f996d9bffb062532573a30a183d', 1175, 'SB')",Start_time,2018-09-23 15:01:05.274021,End_time,2018-09-23 15:01:26.283570,Duration,0:00:21.009549
Task,"(9, '2018-09-23T19:02:17.002242', (917, '2018-09-23T19:02:16.990455', 'aggr_hash: eb0d170d149853cdea70ed0e394c890063a7e6b5602d6ef7cc6fa6d7997f405d', 'timestamp_from: 2018-09-23T19:01:26.843028', 'timestamp_to: 2018-09-23T19:02:16.954344', 'index_from: 816', 'index_to: 916', '0005780ca2feade86e6d9d1dcd10dd1d7e88d2e5cc1f2a7b1088db11d48be2d0', '00059bac0b657b59ecedbd8095b6511e62b5458aa0c970e8851170ddbbe26cef', 2136, 'TB'), '000b59cfc22f82efe7bd94a1c6b54098ff38c0d6657c109b9490288d28d8b987', '000613be5e4d1fb2d4569afbda29a3de5954497057197ce083c4b750f89ad22c', 4796, 'SB')",Start_time,2018-09-23 15:02:17.367244,End_time,2018-09-23 15:02:27.905755,Duration,0:00:10.538511
Task,"(10, '2018-09-23T19:03:18.730138', (1019, '2018-09-23T19:03:18.714182', 'aggr_hash: 1dd51dd4aa52fd59ace76cf6907015fc19706d21b2b13d49f529fd8635e2276d', 'timestamp_from: 2018-09-23T19:02:28.434340', 'timestamp_to: 2018-09-23T19:03:18.686258', 'index_from: 918', 'index_to: 1018', '00099d433dc71e5e2bfbf498a5f836e421aa2240334f425c9ca4a079b514290e', '00018b99b06d8c44c0c196a9d1990e59dba96b433ad06f82feea8f1cddb3e340', 5212, 'TB'), '000c451c042c613ea1b9a9aa87606546996c3207c8d84ba4be407a06ee438f4c', '000b59cfc22f82efe7bd94a1c6b54098ff38c0d6657c109b9490288d28d8b987', 2258, 'SB')",Start_time,2018-09-23 15:03:19.099151,End_time,2018-09-23 15:03:29.357725,Duration,0:00:10.258574
