501,[1, "2019-10-28T22:17:04.586437", [11, "2019-10-28T22:17:04.557439", "aggr_hash: 3bd4324962061a0940114612e89c80c1fa652b7e77ee4693aad3d39cc00940d1", "timestamp_from: 2019-10-28T22:16:54.249857", "timestamp_to: 2019-10-28T22:17:04.540440", "index_from: 0", "index_to: 10", "000e208fe90b6d3c4f531db6ffa9dbf597d91e9aa21fd262cda16aed14a9910a", "000b0ef97c86373fda226bb438602fd2eee0f2e3501e29a60fe218a1f8abb2f9", 3486, "TB"], "00018dbf4f46f58f7617bfe80414747a2d4b4349be663eb284c44de46a9cb37f", "0000331a7c0cc5f9b07a643d93082ab645c7b1e5828fb9d3056e4357cc4a3e34", 5873, "SB"],1572301027617,1572301030448,2831
502,[2, "2019-10-28T22:17:15.305286", [23, "2019-10-28T22:17:15.248287", "aggr_hash: 44b46f4a25f0f1257bd5e33216732011bcf6be44bef8ec8d84d9dda31906eff5", "timestamp_from: 2019-10-28T22:17:05.806730", "timestamp_to: 2019-10-28T22:17:15.243287", "index_from: 12", "index_to: 22", "000031fbeca21690db0085ee7579a4d03e784f923db1f40c80660506feeff21f", "00025c9a85e87d8bf08d62c127c26e7f19671b4e8f7695d75866365c0ee2f6ac", 8577, "TB"], "0002b633248c3cc54e4cfa9d7183d5045e7cba70739d7bd35506cd0f31c90d0d", "00018dbf4f46f58f7617bfe80414747a2d4b4349be663eb284c44de46a9cb37f", 13236, "SB"],1572301037909,1572301040686,2777
503,[3, "2019-10-28T22:17:26.054541", [35, "2019-10-28T22:17:25.979542", "aggr_hash: 70c77f0b80795fb55e670491df1778fb873407462d9d78191c23485820637e89", "timestamp_from: 2019-10-28T22:17:16.515000", "timestamp_to: 2019-10-28T22:17:25.960545", "index_from: 24", "index_to: 34", "000dbdd7898d892c669207f5274a98a5ccf59335ec9ff917c757a733d7888c8d", "00088cbad0c9d2dcc99c9727cbb1819c1ee5fac6d0fd9305b50862c3df0fbd99", 25587, "TB"], "0000f9f53318967350dae0e6534a87b38d3fcf9b9f4c889ffccef93f266e6bbd", "0002b633248c3cc54e4cfa9d7183d5045e7cba70739d7bd35506cd0f31c90d0d", 1175, "SB"],1572301048647,1572301051395,2748
504,[4, "2019-10-28T22:17:36.757265", [47, "2019-10-28T22:17:36.747302", "aggr_hash: 2f03f5ee5048dcfed2805b3ec725db9d36857d23b2dfb632e212acebbe854d22", "timestamp_from: 2019-10-28T22:17:27.229003", "timestamp_to: 2019-10-28T22:17:36.681266", "index_from: 36", "index_to: 46", "0000ab0a7c6b363e98868b02209322b99b9625d204bad82e23608caa284ac87d", "000dccb385aa994c32ac2ff4659d8354d840747eb76176867460b1d30fc27cd3", 2126, "TB"], "000508bddf57a346d37dbbdd29aea3bd702a34cf4728dd413702687a05c2b37b", "0000f9f53318967350dae0e6534a87b38d3fcf9b9f4c889ffccef93f266e6bbd", 4724, "SB"],1572301059348,1572301062131,2783
505,[5, "2019-10-28T22:17:47.582657", [59, "2019-10-28T22:17:47.564661", "aggr_hash: 68ee9f3c1c06af9d84762ed7f7391ca98319f455ad0fa4b23ae18864187a5dfa", "timestamp_from: 2019-10-28T22:17:37.924933", "timestamp_to: 2019-10-28T22:17:47.486660", "index_from: 48", "index_to: 58", "000f072aaaaa40b1e99a28985e62b29cf11d354badb2544bb2450e1acc2fdd6b", "0009ed71e11d697eaaa84938022796191c2f789bab072cfe1fee403cba568e60", 5798, "TB"], "000ddb452b285f72a7d38c5700cfe9ed557e1bba1ff19d38b87c2bbe723f5d64", "000508bddf57a346d37dbbdd29aea3bd702a34cf4728dd413702687a05c2b37b", 16040, "SB"],1572301070170,1572301072908,2738
506,[6, "2019-10-28T22:17:58.201670", [71, "2019-10-28T22:17:58.198667", "aggr_hash: 60db9afff6cac0db97e4b75ef33709a9d1cf07ac34d46f0e27f2053166ffbb3a", "timestamp_from: 2019-10-28T22:17:48.794838", "timestamp_to: 2019-10-28T22:17:58.194666", "index_from: 60", "index_to: 70", "000c6395a61bd2c8dfa3e837cb042856365fcc107254458f7e2d968cfb2406da", "00017a1e07739c69e07e9ead0467cd45fa8512a4f46fda4935c311b8a177e173", 153, "TB"], "0004c61cf5b99ed705ca062609d641f30f5a0561ae2d13073cf31c99ba038dc3", "000ddb452b285f72a7d38c5700cfe9ed557e1bba1ff19d38b87c2bbe723f5d64", 155, "SB"],1572301080730,1572301083520,2790
507,[7, "2019-10-28T22:18:08.764416", [83, "2019-10-28T22:18:08.737508", "aggr_hash: d091a4abaa8051d72eaa47eada50a941cf4e243340f6f67687201c12eda6ae38", "timestamp_from: 2019-10-28T22:17:59.371368", "timestamp_to: 2019-10-28T22:18:08.731427", "index_from: 72", "index_to: 82", "000c052fbd92e2d967d601609f72b817f32dad6c2ebf9dbedae125d3304fd4c2", "0009f9f1da95bb7d3c0bf321d266133d20d04c66481ec84d85a76c20ef2c2154", 7469, "TB"], "000b180b9d8ed83ebb4684c8f239b5f525b3193aa2af31bc335813fb8b77596a", "0004c61cf5b99ed705ca062609d641f30f5a0561ae2d13073cf31c99ba038dc3", 3130, "SB"],1572301091321,1572301094101,2780
508,[8, "2019-10-28T22:18:19.323397", [95, "2019-10-28T22:18:19.296379", "aggr_hash: bd6d4136dd6a572361d66ef05f376edebd1dadf94425f0cfbbedc6322ba88cc7", "timestamp_from: 2019-10-28T22:18:09.931521", "timestamp_to: 2019-10-28T22:18:19.280381", "index_from: 84", "index_to: 94", "00002d0c6714529bf5818a08edd222fbbe3a1ddaee919c075eb3d767e08816c6", "000a0b81c8e87a60d7c52626ae0516fe0a88059d269e7593a68a8d01fb1ddca7", 5629, "TB"], "000214622ca740cb4299870c9eeeed6b7b319b9a75560266d378ed0341cac3ba", "000b180b9d8ed83ebb4684c8f239b5f525b3193aa2af31bc335813fb8b77596a", 11076, "SB"],1572301101922,1572301104694,2772
509,[9, "2019-10-28T22:18:29.992458", [107, "2019-10-28T22:18:29.990424", "aggr_hash: 00891a6f04a9580a0f82a5a1db657bb8e497f0cfaefc0a9bd88ba145d26e44b0", "timestamp_from: 2019-10-28T22:18:20.546655", "timestamp_to: 2019-10-28T22:18:29.948634", "index_from: 96", "index_to: 106", "00067a3732ed63aac4d30eaa057e707a98d1497561065a6bd11ef4a66cce314d", "0008bbcbeb71c2fe6743c6f06e5849e8deaaae741a0757beafa226a09f435f8e", 597, "TB"], "0003b516ed8905e7bcca50ad5486151f6cdd2058745a3c2211f8394d78b79516", "000214622ca740cb4299870c9eeeed6b7b319b9a75560266d378ed0341cac3ba", 4554, "SB"],1572301112534,1572301115308,2774
510,[10, "2019-10-28T22:18:40.478475", [119, "2019-10-28T22:18:40.470510", "aggr_hash: ec3ff2c7c34415c00f969472b04159b74a2be32c253e1e71f876fac9fd289f60", "timestamp_from: 2019-10-28T22:18:31.164916", "timestamp_to: 2019-10-28T22:18:40.458476", "index_from: 108", "index_to: 118", "0006351497a5aa4511c0bd332b4c938cf1d5ee5bd3c4bfdecec935134cd370fc", "000c0c4391f8ffbcd5838314d1317a911758ce7c134ab9711e70a82c1776e1c6", 2460, "TB"], "000c4e840347e9b6c2aefb8fcc8e02e6ac66e5c8351211422a5450e592304246", "0003b516ed8905e7bcca50ad5486151f6cdd2058745a3c2211f8394d78b79516", 932, "SB"],1572301123050,1572301125853,2803
511,[11, "2019-10-28T22:18:51.007519", [131, "2019-10-28T22:18:50.999487", "aggr_hash: afca88eb8563b2bdde65b675ef9c7eaeec7faa03b76f35e0111d2a499d8756a4", "timestamp_from: 2019-10-28T22:18:41.642743", "timestamp_to: 2019-10-28T22:18:50.993482", "index_from: 120", "index_to: 130", "0008eade1e1491768260d769d56203c9ae9aae7ffe7a010a29ca4751b4a27293", "000dcee8d8ca139e95fd438bf1f4789a0a17e41b8971985ea9793fedc0e93bfb", 2133, "TB"], "000474f55e473805f5c52cc79a3212a478ba556e058a9f1ee63b2d2f1d0e370b", "000c4e840347e9b6c2aefb8fcc8e02e6ac66e5c8351211422a5450e592304246", 16138, "SB"],1572301133616,1572301136391,2775
512,[12, "2019-10-28T22:19:01.715552", [143, "2019-10-28T22:19:01.710598", "aggr_hash: 43626b6ce31218e4a1930e92d88414f4fe9a6ab0f4480e62025be67e3b419275", "timestamp_from: 2019-10-28T22:18:52.213753", "timestamp_to: 2019-10-28T22:19:01.673577", "index_from: 132", "index_to: 142", "0000206c74aea1913c956fe42fbe6a4cca42f08e5cc6bd82d3932f0e8d04f2dd", "0005054d54dd0c3afd094e55ba4e3f6efbc467b3d6c1388cc85a66904fd1d592", 1180, "TB"], "000935e03efb8ddabc3923925034a1dcd68176298d2cc4fbc0bdc4e74c217091", "000474f55e473805f5c52cc79a3212a478ba556e058a9f1ee63b2d2f1d0e370b", 4726, "SB"],1572301144556,1572301147331,2775
513,[13, "2019-10-28T22:19:12.626123", [155, "2019-10-28T22:19:12.613175", "aggr_hash: 96eeee0e3f3755015f21d320e987c5e90210b9d8bcdb114d02f9b189d5c30bd6", "timestamp_from: 2019-10-28T22:19:03.199224", "timestamp_to: 2019-10-28T22:19:12.612100", "index_from: 144", "index_to: 154", "000f335402b7f556bbb91598a3acb4598aa23b01732da45da1a9fc54132dc06e", "000b67d9fd5779f94bc68ff5e38626e30c8bd3fd1bf90a7e18ce1f8824558091", 1978, "TB"], "0007632121e02b83e37cea818d381b20a6a38fc43f8083a734ce23a59376234f", "000935e03efb8ddabc3923925034a1dcd68176298d2cc4fbc0bdc4e74c217091", 1806, "SB"],1572301155481,1572301158308,2827
514,[14, "2019-10-28T22:19:23.470454", [167, "2019-10-28T22:19:23.425457", "aggr_hash: 9afa1badf269bd5b6ab5b973aab53a957160ea038b26dd0d8ee9c9fad5fc3ee2", "timestamp_from: 2019-10-28T22:19:14.100085", "timestamp_to: 2019-10-28T22:19:23.414264", "index_from: 156", "index_to: 166", "000c863cca5bece7a8c90817436d4c810ce947a5301c232e6bbf3cebc8ea8b96", "000b7b87c360164c4d2d0cb5bcabfad8a00af9aa7dc8543df289600333f9bdb6", 12421, "TB"], "000b50f700816f3c5b5d433046a019933006a5eda2a0dc4757704ff3db604a08", "0007632121e02b83e37cea818d381b20a6a38fc43f8083a734ce23a59376234f", 10008, "SB"],1572301166014,1572301168803,2789
515,[15, "2019-10-28T22:19:34.178687", [179, "2019-10-28T22:19:34.148691", "aggr_hash: 3294fd55a0eb21040b6f62badbb4c86066a5412ba986d56bd55813ffd442f1e2", "timestamp_from: 2019-10-28T22:19:24.657549", "timestamp_to: 2019-10-28T22:19:34.095476", "index_from: 168", "index_to: 178", "0000b6cfab06fcb20ed30cd3b81c9045001d75a803a15b4d3a0934518934bae9", "000447e9ecd6fb9c80a202ce7b0374932f2044dd66464c48f37effba33771f0f", 8697, "TB"], "000a37086134aa17296dba3aa027091632a9668c3f37302956d7ae7393053861", "000b50f700816f3c5b5d433046a019933006a5eda2a0dc4757704ff3db604a08", 3917, "SB"],1572301176716,1572301179501,2785
516,[16, "2019-10-28T22:19:44.789256", [191, "2019-10-28T22:19:44.784232", "aggr_hash: 56c34d79dc0a3142c0bcdaaaf7b5a0b1eecec4f3bd80757c4ab301612ab373e8", "timestamp_from: 2019-10-28T22:19:35.352605", "timestamp_to: 2019-10-28T22:19:44.780932", "index_from: 180", "index_to: 190", "000f121bf28487acbad510db2f9c464ae1a96ba1803f39e4074ea8f02d878f3b", "000db149809e4f7ae87d9c80cfd5e7e68c7c241826b69592dc2d0c22bc4cdc00", 528, "TB"], "000eb6ef6a15b8e6a809c4d15f7120eb476e75622a1017c3ee344b834e382c43", "000a37086134aa17296dba3aa027091632a9668c3f37302956d7ae7393053861", 2897, "SB"],1572301187339,1572301190175,2836
517,[17, "2019-10-28T22:19:55.353468", [203, "2019-10-28T22:19:55.335469", "aggr_hash: 8bb7319249020850d0348f03e4ce26636a8f29f0155d927a4eb1653c23d9551b", "timestamp_from: 2019-10-28T22:19:45.979915", "timestamp_to: 2019-10-28T22:19:55.311435", "index_from: 192", "index_to: 202", "000a885c61bd08ce9a9a50b5f17353a4833e88998195e181016bad871c2e163f", "0000ffe95af5274ddcadcc99b76b5e59ece86f32f38868ad7f4de90e25fd8673", 7327, "TB"], "0007a55c9ea734cbd9cb32419fd4ddd6269f88ab73acfe6a32de48a111cc6d1a", "000eb6ef6a15b8e6a809c4d15f7120eb476e75622a1017c3ee344b834e382c43", 5766, "SB"],1572301197938,1572301200705,2767
518,[18, "2019-10-28T22:20:06.056834", [215, "2019-10-28T22:20:06.028830", "aggr_hash: 9fa7af32aab6b37b549c39fbca5b9f4c8da8eaaee31fab6bef035fa180240746", "timestamp_from: 2019-10-28T22:19:56.530402", "timestamp_to: 2019-10-28T22:20:06.025833", "index_from: 204", "index_to: 214", "000982778c58b95932f2bd1aae7479dd876f442126cb59876f4cac05fc757f52", "0003c9ce0d1889bc73d04519629157cff4f6840673a10af78a23dd48ba6fad66", 2439, "TB"], "0009bd159764789df6325bb4b44090c878750e7050f73c9d6b190baf74c6cae1", "0007a55c9ea734cbd9cb32419fd4ddd6269f88ab73acfe6a32de48a111cc6d1a", 3114, "SB"],1572301208646,1572301211498,2852
519,[19, "2019-10-28T22:20:16.641148", [227, "2019-10-28T22:20:16.638147", "aggr_hash: bd43074597885a601bf71df6690f4c03967b33754d845117ed4f588109b74d40", "timestamp_from: 2019-10-28T22:20:07.238263", "timestamp_to: 2019-10-28T22:20:16.614148", "index_from: 216", "index_to: 226", "0001991bd3f8065e550f92420837a1e54f3095aa26978d80cfd97c49cbe18025", "000636484d3da6c63e5d70ffac83e8474d629ddb7f472339ccdd6b421e742b17", 348, "TB"], "000624f0fd573b586b150a203826a0ad68540bed1c4a0c936ccfd182a3bfc84e", "0009bd159764789df6325bb4b44090c878750e7050f73c9d6b190baf74c6cae1", 2561, "SB"],1572301219182,1572301221961,2779
520,[20, "2019-10-28T22:20:27.281548", [239, "2019-10-28T22:20:27.281548", "aggr_hash: ed37ca48a7f980bc51a259c70cdf57d483546d8714f073fe4c036d213c67dcd4", "timestamp_from: 2019-10-28T22:20:17.808189", "timestamp_to: 2019-10-28T22:20:27.255549", "index_from: 228", "index_to: 238", "0006b38f8eeaadd92d963d7e01aec77b8a1b52805f2e183819a608409148a36a", "000db65be59d9ab66ee5cfb918741349b29548502e2d1e77e658928f86c49bc2", 59, "TB"], "0009fc44a9ba03a105039f422a15b0fb02275b6f26dfc055c5bfc07195f7ef64", "000624f0fd573b586b150a203826a0ad68540bed1c4a0c936ccfd182a3bfc84e", 3294, "SB"],1572301229820,1572301232584,2764
