Task,"(0, '2019-10-29T02:49:38.607196', 'Absolute Genesis Block', '0009a71b42ba0fb0219e0fb3fb1904d1151d02c29c41e29ed72c91c19e54d4e8', '0000000000000000000000000000000000000000000000000000000000000000', 3498, 'AGB')",Start_time,2019-10-28 22:49:38.607196,End_time,2019-10-28 22:49:38.626196,Duration,0:00:00.019000
Task,"(1, '2019-10-29T02:49:38.629249', {'digest': 'C38B226D489D312EE7FC940C42E5651046F8827AFF9D8226CF06BAFA6591B217'}, '0004ef681353c99fe396c09174f25e4769d0387ea0d320a84430811a0847ad56', '0009a71b42ba0fb0219e0fb3fb1904d1151d02c29c41e29ed72c91c19e54d4e8', 258, 'DB')",Start_time,2019-10-28 22:49:38.629249,End_time,2019-10-28 22:49:38.630196,Duration,0:00:00.000947
Task,"(2, '2019-10-29T02:49:48.655196', {'digest': 'C38B226D489D312EE7FC940C42E5651046F8827AFF9D8226CF06BAFA6591B217'}, '000586232826cc348382e8080407eb9c4eaaea8ebde87ab7c57c12b12c655c29', '0004ef681353c99fe396c09174f25e4769d0387ea0d320a84430811a0847ad56', 7409, 'DB')",Start_time,2019-10-28 22:49:48.655196,End_time,2019-10-28 22:49:48.689199,Duration,0:00:00.034003
Task,"(3, '2019-10-29T02:49:58.712197', {'digest': 'C38B226D489D312EE7FC940C42E5651046F8827AFF9D8226CF06BAFA6591B217'}, '000ba499710945b73384ef4842cbdc4c27713d289e24cccf2786463ccf88b7f3', '000586232826cc348382e8080407eb9c4eaaea8ebde87ab7c57c12b12c655c29', 2847, 'DB')",Start_time,2019-10-28 22:49:58.712197,End_time,2019-10-28 22:49:58.725205,Duration,0:00:00.013008
Task,"(4, '2019-10-29T02:50:08.752196', {'digest': 'C38B226D489D312EE7FC940C42E5651046F8827AFF9D8226CF06BAFA6591B217'}, '000c6c35542f108e6c1051f137264701185ed12c1fb3db1a193859d7f77e7251', '000ba499710945b73384ef4842cbdc4c27713d289e24cccf2786463ccf88b7f3', 6893, 'DB')",Start_time,2019-10-28 22:50:08.752196,End_time,2019-10-28 22:50:08.780193,Duration,0:00:00.027997
Task,"(5, '2019-10-29T02:50:18.802199', {'digest': 'C38B226D489D312EE7FC940C42E5651046F8827AFF9D8226CF06BAFA6591B217'}, '000d57c0bb6658b08b0343259071306a1c0e9fba3775ee55cd75668487bf00c2', '000c6c35542f108e6c1051f137264701185ed12c1fb3db1a193859d7f77e7251', 665, 'DB')",Start_time,2019-10-28 22:50:18.802199,End_time,2019-10-28 22:50:18.805196,Duration,0:00:00.002997
Task,"(6, '2019-10-29T02:50:28.832196', {'digest': 'C38B226D489D312EE7FC940C42E5651046F8827AFF9D8226CF06BAFA6591B217'}, '00096c6c81800db65cc6ef5e24fd59e4c035475dd65bafed7a98c2e8b14fb74f', '000d57c0bb6658b08b0343259071306a1c0e9fba3775ee55cd75668487bf00c2', 557, 'DB')",Start_time,2019-10-28 22:50:28.832196,End_time,2019-10-28 22:50:28.835194,Duration,0:00:00.002998
Task,"(7, '2019-10-29T02:50:38.862218', {'digest': 'C38B226D489D312EE7FC940C42E5651046F8827AFF9D8226CF06BAFA6591B217'}, '000b647392b4fbc480c9020d5f216b9d07b6f9ab6f59a79ccf2d463bc1753172', '00096c6c81800db65cc6ef5e24fd59e4c035475dd65bafed7a98c2e8b14fb74f', 82, 'DB')",Start_time,2019-10-28 22:50:38.862218,End_time,2019-10-28 22:50:38.862218,Duration,0:00:00
Task,"(8, '2019-10-29T02:50:48.892197', {'digest': 'C38B226D489D312EE7FC940C42E5651046F8827AFF9D8226CF06BAFA6591B217'}, '0004b50035616bf9084dd37a50ac28bffcf97b9c71dff95a2dbe6cccb6298b2d', '000b647392b4fbc480c9020d5f216b9d07b6f9ab6f59a79ccf2d463bc1753172', 3345, 'DB')",Start_time,2019-10-28 22:50:48.892197,End_time,2019-10-28 22:50:48.908193,Duration,0:00:00.015996
Task,"(9, '2019-10-29T02:50:58.933196', {'digest': 'C38B226D489D312EE7FC940C42E5651046F8827AFF9D8226CF06BAFA6591B217'}, '000a3aee94b4df990ccfcf3d87e385a01a4f2faf60f6c52ea3be2673dac5cb87', '0004b50035616bf9084dd37a50ac28bffcf97b9c71dff95a2dbe6cccb6298b2d', 1811, 'DB')",Start_time,2019-10-28 22:50:58.933196,End_time,2019-10-28 22:50:58.939195,Duration,0:00:00.005999
Task,"(10, '2019-10-29T02:51:08.964197', {'digest': 'C38B226D489D312EE7FC940C42E5651046F8827AFF9D8226CF06BAFA6591B217'}, '0008b49ea710df00bbc244de02781cd78244df16b703c99d2ebf122c02c3080f', '000a3aee94b4df990ccfcf3d87e385a01a4f2faf60f6c52ea3be2673dac5cb87', 1488, 'DB')",Start_time,2019-10-28 22:51:08.964197,End_time,2019-10-28 22:51:08.971196,Duration,0:00:00.006999
Task,"(11, '2019-10-29T02:51:08.972203', <LC.TB_data object at 0x00000200AFBE50F0>, '000a45b5d36b884ced5e03bae98eaec659f4ac1c3e502dbaae04a40d60bc4b10', '0008b49ea710df00bbc244de02781cd78244df16b703c99d2ebf122c02c3080f', 5674, 'TB')",Start_time,2019-10-28 22:51:08.972203,End_time,2019-10-28 22:51:08.989288,Duration,0:00:00.017085
Task,"(12, '2019-10-29T02:51:19.186525', 'Relative Genesis Block', '000abcf0413819960d79b5469165b9553be5954886040ccbdcb032dfdc6417d6', '000a45b5d36b884ced5e03bae98eaec659f4ac1c3e502dbaae04a40d60bc4b10', 8497, 'RGB')",Start_time,2019-10-28 22:51:19.186525,End_time,2019-10-28 22:51:19.215535,Duration,0:00:00.029010
Task,"(13, '2019-10-29T02:51:19.217526', {'digest': 'C38B226D489D312EE7FC940C42E5651046F8827AFF9D8226CF06BAFA6591B217'}, '0007c31d58ec423ddbb9c4bfaa31eb8bcbec1df95e4299baec979ec71d0f9967', '000abcf0413819960d79b5469165b9553be5954886040ccbdcb032dfdc6417d6', 3522, 'DB')",Start_time,2019-10-28 22:51:19.217526,End_time,2019-10-28 22:51:19.226558,Duration,0:00:00.009032
Task,"(14, '2019-10-29T02:51:29.247524', {'digest': 'C38B226D489D312EE7FC940C42E5651046F8827AFF9D8226CF06BAFA6591B217'}, '00060eaa3946b18ee4817fc0c82ccc1c231d29ba8e5e08faab1477802081991f', '0007c31d58ec423ddbb9c4bfaa31eb8bcbec1df95e4299baec979ec71d0f9967', 6599, 'DB')",Start_time,2019-10-28 22:51:29.247524,End_time,2019-10-28 22:51:29.274560,Duration,0:00:00.027036
Task,"(15, '2019-10-29T02:51:39.298740', {'digest': 'C38B226D489D312EE7FC940C42E5651046F8827AFF9D8226CF06BAFA6591B217'}, '00002722c192db0f63a2a23691d174a960ee1ae9dba8c55ea6040ebc9a1d07d0', '00060eaa3946b18ee4817fc0c82ccc1c231d29ba8e5e08faab1477802081991f', 256, 'DB')",Start_time,2019-10-28 22:51:39.298740,End_time,2019-10-28 22:51:39.299738,Duration,0:00:00.000998
Task,"(16, '2019-10-29T02:51:49.326901', {'digest': 'C38B226D489D312EE7FC940C42E5651046F8827AFF9D8226CF06BAFA6591B217'}, '000c03fd81ba3639dbb1d8c8d6f4df813cbe4b2be97b2abbf7fffb78d157f744', '00002722c192db0f63a2a23691d174a960ee1ae9dba8c55ea6040ebc9a1d07d0', 7785, 'DB')",Start_time,2019-10-28 22:51:49.326901,End_time,2019-10-28 22:51:49.355901,Duration,0:00:00.029000
Task,"(17, '2019-10-29T02:51:59.375903', {'digest': 'C38B226D489D312EE7FC940C42E5651046F8827AFF9D8226CF06BAFA6591B217'}, '000dc0e4ba765bfda50fc3d4ec8495dfec8cc0046e37e7f0d503b84a3e449da9', '000c03fd81ba3639dbb1d8c8d6f4df813cbe4b2be97b2abbf7fffb78d157f744', 3075, 'DB')",Start_time,2019-10-28 22:51:59.375903,End_time,2019-10-28 22:51:59.389897,Duration,0:00:00.013994
Task,"(18, '2019-10-29T02:52:09.418899', {'digest': 'C38B226D489D312EE7FC940C42E5651046F8827AFF9D8226CF06BAFA6591B217'}, '0009ca05f3136665f6d85cfddbf8860c9a976c310aa04cee98cd324c15d06a83', '000dc0e4ba765bfda50fc3d4ec8495dfec8cc0046e37e7f0d503b84a3e449da9', 2607, 'DB')",Start_time,2019-10-28 22:52:09.418899,End_time,2019-10-28 22:52:09.430905,Duration,0:00:00.012006
Task,"(19, '2019-10-29T02:52:19.460207', {'digest': 'C38B226D489D312EE7FC940C42E5651046F8827AFF9D8226CF06BAFA6591B217'}, '0002fa0d2cfa17d3993187f495d2a2b436f97b697b70e36f67550d5cb81b627d', '0009ca05f3136665f6d85cfddbf8860c9a976c310aa04cee98cd324c15d06a83', 3036, 'DB')",Start_time,2019-10-28 22:52:19.460207,End_time,2019-10-28 22:52:19.472204,Duration,0:00:00.011997
Task,"(20, '2019-10-29T02:52:29.499362', {'digest': 'C38B226D489D312EE7FC940C42E5651046F8827AFF9D8226CF06BAFA6591B217'}, '0006930ab436c89af7af81168d3e73293e6f37e6df9e88070690dc1e397b88a5', '0002fa0d2cfa17d3993187f495d2a2b436f97b697b70e36f67550d5cb81b627d', 25, 'DB')",Start_time,2019-10-28 22:52:29.499362,End_time,2019-10-28 22:52:29.499362,Duration,0:00:00
Task,"(21, '2019-10-29T02:52:39.525509', {'digest': 'C38B226D489D312EE7FC940C42E5651046F8827AFF9D8226CF06BAFA6591B217'}, '0005c37cd591ef30367a757133895d597aa0109e4f091ffdff36f07226bd4400', '0006930ab436c89af7af81168d3e73293e6f37e6df9e88070690dc1e397b88a5', 1280, 'DB')",Start_time,2019-10-28 22:52:39.525509,End_time,2019-10-28 22:52:39.530492,Duration,0:00:00.004983
Task,"(22, '2019-10-29T02:52:49.558494', {'digest': 'C38B226D489D312EE7FC940C42E5651046F8827AFF9D8226CF06BAFA6591B217'}, '0006f11faae201ca0d6c1fe1a583629f40217824fea29ef7939a1bf833dc031c', '0005c37cd591ef30367a757133895d597aa0109e4f091ffdff36f07226bd4400', 552, 'DB')",Start_time,2019-10-28 22:52:49.558494,End_time,2019-10-28 22:52:49.560494,Duration,0:00:00.002000
Task,"(23, '2019-10-29T02:52:49.562492', <LC.TB_data object at 0x00000200AFC00208>, '0008bde01852e1cb182afcbdef2ba6efb9735d61bf7711db4decb8fe7193eeea', '0006f11faae201ca0d6c1fe1a583629f40217824fea29ef7939a1bf833dc031c', 3975, 'TB')",Start_time,2019-10-28 22:52:49.562492,End_time,2019-10-28 22:52:49.579493,Duration,0:00:00.017001
Task,"(24, '2019-10-29T02:52:59.750493', 'Relative Genesis Block', '0006b697c0ccf0af4d47472b74792d03bba60a46c7ae24e446c6c68d69776edf', '0008bde01852e1cb182afcbdef2ba6efb9735d61bf7711db4decb8fe7193eeea', 2712, 'RGB')",Start_time,2019-10-28 22:52:59.750493,End_time,2019-10-28 22:52:59.760490,Duration,0:00:00.009997
Task,"(25, '2019-10-29T02:52:59.761492', {'digest': 'C38B226D489D312EE7FC940C42E5651046F8827AFF9D8226CF06BAFA6591B217'}, '000a17f658831848d74944af22c6804030aa9d99d96c8f9614398608dbf92cd6', '0006b697c0ccf0af4d47472b74792d03bba60a46c7ae24e446c6c68d69776edf', 2213, 'DB')",Start_time,2019-10-28 22:52:59.761492,End_time,2019-10-28 22:52:59.768488,Duration,0:00:00.006996
Task,"(26, '2019-10-29T02:53:09.796521', {'digest': 'C38B226D489D312EE7FC940C42E5651046F8827AFF9D8226CF06BAFA6591B217'}, '000d1ee558ba3b63146c74068cb71c4e80ae69b7fa1c468bbd3577fac0683fc6', '000a17f658831848d74944af22c6804030aa9d99d96c8f9614398608dbf92cd6', 6615, 'DB')",Start_time,2019-10-28 22:53:09.796521,End_time,2019-10-28 22:53:09.816514,Duration,0:00:00.019993
Task,"(27, '2019-10-29T02:53:19.842645', {'digest': 'C38B226D489D312EE7FC940C42E5651046F8827AFF9D8226CF06BAFA6591B217'}, '0001a0eaec0089be378e5d5939af113933940850e16372fcfb803a5b00bc4226', '000d1ee558ba3b63146c74068cb71c4e80ae69b7fa1c468bbd3577fac0683fc6', 1277, 'DB')",Start_time,2019-10-28 22:53:19.842645,End_time,2019-10-28 22:53:19.846644,Duration,0:00:00.003999
Task,"(28, '2019-10-29T02:53:29.873665', {'digest': 'C38B226D489D312EE7FC940C42E5651046F8827AFF9D8226CF06BAFA6591B217'}, '000d0e082db0a14088495030bb0bc49ef9eda7f5645c3c46f7551288245d635b', '0001a0eaec0089be378e5d5939af113933940850e16372fcfb803a5b00bc4226', 4667, 'DB')",Start_time,2019-10-28 22:53:29.873665,End_time,2019-10-28 22:53:29.892646,Duration,0:00:00.018981
Task,"(29, '2019-10-29T02:53:39.913646', {'digest': 'C38B226D489D312EE7FC940C42E5651046F8827AFF9D8226CF06BAFA6591B217'}, '0002d06bfd763f85373f3d0897cca3e9d65919cdc9f57998a9dcb1d5dc6e9ecc', '000d0e082db0a14088495030bb0bc49ef9eda7f5645c3c46f7551288245d635b', 2076, 'DB')",Start_time,2019-10-28 22:53:39.913646,End_time,2019-10-28 22:53:39.923651,Duration,0:00:00.010005
Task,"(30, '2019-10-29T02:53:49.954647', {'digest': 'C38B226D489D312EE7FC940C42E5651046F8827AFF9D8226CF06BAFA6591B217'}, '000fb88ba780f3dfb6714a2f03e5c8db7d3b49daf64b693b8b7c20bcbb696ea0', '0002d06bfd763f85373f3d0897cca3e9d65919cdc9f57998a9dcb1d5dc6e9ecc', 483, 'DB')",Start_time,2019-10-28 22:53:49.954647,End_time,2019-10-28 22:53:49.956649,Duration,0:00:00.002002
Task,"(31, '2019-10-29T02:53:59.982646', {'digest': 'C38B226D489D312EE7FC940C42E5651046F8827AFF9D8226CF06BAFA6591B217'}, '00013524b95318a67fe39b6b94080ad06d613417e4eb928b36c093c7962932b2', '000fb88ba780f3dfb6714a2f03e5c8db7d3b49daf64b693b8b7c20bcbb696ea0', 1927, 'DB')",Start_time,2019-10-28 22:53:59.982646,End_time,2019-10-28 22:53:59.991645,Duration,0:00:00.008999
Task,"(32, '2019-10-29T02:54:10.018645', {'digest': 'C38B226D489D312EE7FC940C42E5651046F8827AFF9D8226CF06BAFA6591B217'}, '000a0672892ec26ce1b5b1078a34d1120a9aa104d3d837c8a60f3095d5eee0cb', '00013524b95318a67fe39b6b94080ad06d613417e4eb928b36c093c7962932b2', 1983, 'DB')",Start_time,2019-10-28 22:54:10.018645,End_time,2019-10-28 22:54:10.026711,Duration,0:00:00.008066
Task,"(33, '2019-10-29T02:54:20.056816', {'digest': 'C38B226D489D312EE7FC940C42E5651046F8827AFF9D8226CF06BAFA6591B217'}, '000e33f8e424b416e5513467a45bd9436a0774b782562a9d281286626136469e', '000a0672892ec26ce1b5b1078a34d1120a9aa104d3d837c8a60f3095d5eee0cb', 747, 'DB')",Start_time,2019-10-28 22:54:20.056816,End_time,2019-10-28 22:54:20.059813,Duration,0:00:00.002997
Task,"(34, '2019-10-29T02:54:30.086814', {'digest': 'C38B226D489D312EE7FC940C42E5651046F8827AFF9D8226CF06BAFA6591B217'}, '0001ec56bba0d0d81ed3bb95898b63561e5818a4b0ea788e4f8f8ab38810d44b', '000e33f8e424b416e5513467a45bd9436a0774b782562a9d281286626136469e', 2970, 'DB')",Start_time,2019-10-28 22:54:30.086814,End_time,2019-10-28 22:54:30.097825,Duration,0:00:00.011011
Task,"(35, '2019-10-29T02:54:30.099811', <LC.TB_data object at 0x00000200AFC0D240>, '000b986fb91f59968634e65ca32f2a66b07155c78550ef1d4cf9002e1b2a6c2e', '0001ec56bba0d0d81ed3bb95898b63561e5818a4b0ea788e4f8f8ab38810d44b', 275, 'TB')",Start_time,2019-10-28 22:54:30.099811,End_time,2019-10-28 22:54:30.100818,Duration,0:00:00.001007
Task,"(36, '2019-10-29T02:54:40.301845', 'Relative Genesis Block', '000d64c4c2c4ca485826c8285cd242be09c1f64c68dcab379396449e038aa24a', '000b986fb91f59968634e65ca32f2a66b07155c78550ef1d4cf9002e1b2a6c2e', 6635, 'RGB')",Start_time,2019-10-28 22:54:40.301845,End_time,2019-10-28 22:54:40.328837,Duration,0:00:00.026992
Task,"(37, '2019-10-29T02:54:40.330836', {'digest': 'C38B226D489D312EE7FC940C42E5651046F8827AFF9D8226CF06BAFA6591B217'}, '000441e548e962103135f3c0039719802673d9586b14a85f5f55edfd380e39c8', '000d64c4c2c4ca485826c8285cd242be09c1f64c68dcab379396449e038aa24a', 3525, 'DB')",Start_time,2019-10-28 22:54:40.330836,End_time,2019-10-28 22:54:40.340837,Duration,0:00:00.010001
Task,"(38, '2019-10-29T02:54:50.362840', {'digest': 'C38B226D489D312EE7FC940C42E5651046F8827AFF9D8226CF06BAFA6591B217'}, '00058e0a631ea7d00e1ebcdb5cc11262359d454552ddd28d6dda16d522a8f9b7', '000441e548e962103135f3c0039719802673d9586b14a85f5f55edfd380e39c8', 948, 'DB')",Start_time,2019-10-28 22:54:50.362840,End_time,2019-10-28 22:54:50.367838,Duration,0:00:00.004998
Task,"(39, '2019-10-29T02:55:00.392344', {'digest': 'C38B226D489D312EE7FC940C42E5651046F8827AFF9D8226CF06BAFA6591B217'}, '0002e68f61d799a90c653f6f85bc2d2749190965639a0fac6c6344a6535d5834', '00058e0a631ea7d00e1ebcdb5cc11262359d454552ddd28d6dda16d522a8f9b7', 10501, 'DB')",Start_time,2019-10-28 22:55:00.392344,End_time,2019-10-28 22:55:00.428341,Duration,0:00:00.035997
Task,"(40, '2019-10-29T02:55:10.452308', {'digest': 'C38B226D489D312EE7FC940C42E5651046F8827AFF9D8226CF06BAFA6591B217'}, '000e8ac1b0a84a9a01020d9be53536c4673303d25749f05cc767c3dc079e52c2', '0002e68f61d799a90c653f6f85bc2d2749190965639a0fac6c6344a6535d5834', 585, 'DB')",Start_time,2019-10-28 22:55:10.452308,End_time,2019-10-28 22:55:10.455312,Duration,0:00:00.003004
Task,"(41, '2019-10-29T02:55:20.483312', {'digest': 'C38B226D489D312EE7FC940C42E5651046F8827AFF9D8226CF06BAFA6591B217'}, '000749abb696801c11a846c371d97e7604d70c3e9fedb1e173d7348b34e65e37', '000e8ac1b0a84a9a01020d9be53536c4673303d25749f05cc767c3dc079e52c2', 12462, 'DB')",Start_time,2019-10-28 22:55:20.483312,End_time,2019-10-28 22:55:20.521340,Duration,0:00:00.038028
Task,"(42, '2019-10-29T02:55:30.544310', {'digest': 'C38B226D489D312EE7FC940C42E5651046F8827AFF9D8226CF06BAFA6591B217'}, '0009533153adc4886e3db5fd1061ef8d1f6f09b7045b1b4e17f0f251e01d4e7f', '000749abb696801c11a846c371d97e7604d70c3e9fedb1e173d7348b34e65e37', 852, 'DB')",Start_time,2019-10-28 22:55:30.544310,End_time,2019-10-28 22:55:30.548311,Duration,0:00:00.004001
Task,"(43, '2019-10-29T02:55:40.574313', {'digest': 'C38B226D489D312EE7FC940C42E5651046F8827AFF9D8226CF06BAFA6591B217'}, '0002e798464f1d7946d43dfb3b23c15744aa2c57261c44b7acb439e0d079f13b', '0009533153adc4886e3db5fd1061ef8d1f6f09b7045b1b4e17f0f251e01d4e7f', 2978, 'DB')",Start_time,2019-10-28 22:55:40.574313,End_time,2019-10-28 22:55:40.584307,Duration,0:00:00.009994
Task,"(44, '2019-10-29T02:55:50.616309', {'digest': 'C38B226D489D312EE7FC940C42E5651046F8827AFF9D8226CF06BAFA6591B217'}, '0006a02a6f24dcab7c77086b907b39801e7018773ded28e3efab56e46eaa4c6f', '0002e798464f1d7946d43dfb3b23c15744aa2c57261c44b7acb439e0d079f13b', 4604, 'DB')",Start_time,2019-10-28 22:55:50.616309,End_time,2019-10-28 22:55:50.635304,Duration,0:00:00.018995
Task,"(45, '2019-10-29T02:56:00.660308', {'digest': 'C38B226D489D312EE7FC940C42E5651046F8827AFF9D8226CF06BAFA6591B217'}, '000c2a37770d05da3da40edb3663805060a7c15dd85febc96a68cacb9ccafe82', '0006a02a6f24dcab7c77086b907b39801e7018773ded28e3efab56e46eaa4c6f', 17344, 'DB')",Start_time,2019-10-28 22:56:00.660308,End_time,2019-10-28 22:56:00.714306,Duration,0:00:00.053998
Task,"(46, '2019-10-29T02:56:10.736310', {'digest': 'C38B226D489D312EE7FC940C42E5651046F8827AFF9D8226CF06BAFA6591B217'}, '000d009ae30f443d8a1b7bfbea62d37e0b493c9a25b9a43bdbdb2d355e1e4c9d', '000c2a37770d05da3da40edb3663805060a7c15dd85febc96a68cacb9ccafe82', 1738, 'DB')",Start_time,2019-10-28 22:56:10.736310,End_time,2019-10-28 22:56:10.743312,Duration,0:00:00.007002
Task,"(47, '2019-10-29T02:56:10.744307', <LC.TB_data object at 0x00000200AFBF9860>, '000e4d1242fbba4b05716bf8ce9132f608b049fd2a16f0006b823c42ddff9df2', '000d009ae30f443d8a1b7bfbea62d37e0b493c9a25b9a43bdbdb2d355e1e4c9d', 2207, 'TB')",Start_time,2019-10-28 22:56:10.744307,End_time,2019-10-28 22:56:10.753307,Duration,0:00:00.009000
Task,"(48, '2019-10-29T02:56:20.914307', 'Relative Genesis Block', '000fe4e72e4d440654342924698a6299f2ffa8cda930990f9cbb6ace668d06be', '000e4d1242fbba4b05716bf8ce9132f608b049fd2a16f0006b823c42ddff9df2', 3788, 'RGB')",Start_time,2019-10-28 22:56:20.914307,End_time,2019-10-28 22:56:20.929308,Duration,0:00:00.015001
Task,"(49, '2019-10-29T02:56:20.930308', {'digest': 'C38B226D489D312EE7FC940C42E5651046F8827AFF9D8226CF06BAFA6591B217'}, '000e1609481300a7edcda0ed5ac0a0cf33d4f24e6fb8f15117d4c150b9a68788', '000fe4e72e4d440654342924698a6299f2ffa8cda930990f9cbb6ace668d06be', 3198, 'DB')",Start_time,2019-10-28 22:56:20.930308,End_time,2019-10-28 22:56:20.939342,Duration,0:00:00.009034
Task,"(50, '2019-10-29T02:56:30.961310', {'digest': 'C38B226D489D312EE7FC940C42E5651046F8827AFF9D8226CF06BAFA6591B217'}, '0009b63d090082a1cfe92d1fc2e1760be1cb40caeb0bb82250641b0336801e01', '000e1609481300a7edcda0ed5ac0a0cf33d4f24e6fb8f15117d4c150b9a68788', 5325, 'DB')",Start_time,2019-10-28 22:56:30.961310,End_time,2019-10-28 22:56:30.977308,Duration,0:00:00.015998
Task,"(51, '2019-10-29T02:56:41.001312', {'digest': 'C38B226D489D312EE7FC940C42E5651046F8827AFF9D8226CF06BAFA6591B217'}, '000414702dd0b60271f9c5c42c3da1bd7232c7d507e51264d82d7b4d528eba9c', '0009b63d090082a1cfe92d1fc2e1760be1cb40caeb0bb82250641b0336801e01', 4058, 'DB')",Start_time,2019-10-28 22:56:41.001312,End_time,2019-10-28 22:56:41.025308,Duration,0:00:00.023996
Task,"(52, '2019-10-29T02:56:51.053311', {'digest': 'C38B226D489D312EE7FC940C42E5651046F8827AFF9D8226CF06BAFA6591B217'}, '000a74e4de8481962c6ee64d77ef54060280cc0ed4b5c6fedc192b3f944dfbc9', '000414702dd0b60271f9c5c42c3da1bd7232c7d507e51264d82d7b4d528eba9c', 6676, 'DB')",Start_time,2019-10-28 22:56:51.053311,End_time,2019-10-28 22:56:51.085305,Duration,0:00:00.031994
Task,"(53, '2019-10-29T02:57:01.108308', {'digest': 'C38B226D489D312EE7FC940C42E5651046F8827AFF9D8226CF06BAFA6591B217'}, '0006cfa2d073b72fabb6423b7247302adbea2a87678fb3b65c196ab751c186fb', '000a74e4de8481962c6ee64d77ef54060280cc0ed4b5c6fedc192b3f944dfbc9', 2646, 'DB')",Start_time,2019-10-28 22:57:01.108308,End_time,2019-10-28 22:57:01.117310,Duration,0:00:00.009002
Task,"(54, '2019-10-29T02:57:11.145308', {'digest': 'C38B226D489D312EE7FC940C42E5651046F8827AFF9D8226CF06BAFA6591B217'}, '00012d40e6411d99f0f2b3a7aad5909ea0f427039fde1de0876aa0d8cd7a2955', '0006cfa2d073b72fabb6423b7247302adbea2a87678fb3b65c196ab751c186fb', 4623, 'DB')",Start_time,2019-10-28 22:57:11.145308,End_time,2019-10-28 22:57:11.163307,Duration,0:00:00.017999
Task,"(55, '2019-10-29T02:57:21.192310', {'digest': 'C38B226D489D312EE7FC940C42E5651046F8827AFF9D8226CF06BAFA6591B217'}, '00041530ef20edbe06457e790e870a84e14f3b0a9d9c7eb5559231faf99d9c2f', '00012d40e6411d99f0f2b3a7aad5909ea0f427039fde1de0876aa0d8cd7a2955', 1465, 'DB')",Start_time,2019-10-28 22:57:21.192310,End_time,2019-10-28 22:57:21.200312,Duration,0:00:00.008002
Task,"(56, '2019-10-29T02:57:31.228311', {'digest': 'C38B226D489D312EE7FC940C42E5651046F8827AFF9D8226CF06BAFA6591B217'}, '000e93dcde087bfbe7cafcf4d19b13745b6ad1554b08dab0c7b778c7479a3770', '00041530ef20edbe06457e790e870a84e14f3b0a9d9c7eb5559231faf99d9c2f', 3800, 'DB')",Start_time,2019-10-28 22:57:31.228311,End_time,2019-10-28 22:57:31.251306,Duration,0:00:00.022995
Task,"(57, '2019-10-29T02:57:41.273309', {'digest': 'C38B226D489D312EE7FC940C42E5651046F8827AFF9D8226CF06BAFA6591B217'}, '000065ce858311c5d45ea8e9a45519eaee2a325ddb42da4f68d24c784aff07d5', '000e93dcde087bfbe7cafcf4d19b13745b6ad1554b08dab0c7b778c7479a3770', 7717, 'DB')",Start_time,2019-10-28 22:57:41.273309,End_time,2019-10-28 22:57:41.311309,Duration,0:00:00.038000
Task,"(58, '2019-10-29T02:57:51.338308', {'digest': 'C38B226D489D312EE7FC940C42E5651046F8827AFF9D8226CF06BAFA6591B217'}, '000a1688c11a9dc5d7d6917d9d22f09d41eb349c591a19035542ef33ec9b0980', '000065ce858311c5d45ea8e9a45519eaee2a325ddb42da4f68d24c784aff07d5', 107, 'DB')",Start_time,2019-10-28 22:57:51.338308,End_time,2019-10-28 22:57:51.338308,Duration,0:00:00
Task,"(59, '2019-10-29T02:57:51.340315', <LC.TB_data object at 0x00000200AFBA0AC8>, '000258266e30ccb95b3784a51cfe2919c0d765d97d94f77298fc46133f12fff8', '000a1688c11a9dc5d7d6917d9d22f09d41eb349c591a19035542ef33ec9b0980', 1661, 'TB')",Start_time,2019-10-28 22:57:51.340315,End_time,2019-10-28 22:57:51.346312,Duration,0:00:00.005997
Task,"(60, '2019-10-29T02:58:01.527308', 'Relative Genesis Block', '000eb62978f32450a303cb55348017d47d705e5372d0590045eb34ba8edbf9d2', '000258266e30ccb95b3784a51cfe2919c0d765d97d94f77298fc46133f12fff8', 2613, 'RGB')",Start_time,2019-10-28 22:58:01.527308,End_time,2019-10-28 22:58:01.535307,Duration,0:00:00.007999
Task,"(61, '2019-10-29T02:58:01.536335', {'digest': 'C38B226D489D312EE7FC940C42E5651046F8827AFF9D8226CF06BAFA6591B217'}, '000d54b699a488c179111163b0b22e052b6221031b1b43c4a9b04e638822624c', '000eb62978f32450a303cb55348017d47d705e5372d0590045eb34ba8edbf9d2', 2746, 'DB')",Start_time,2019-10-28 22:58:01.536335,End_time,2019-10-28 22:58:01.545308,Duration,0:00:00.008973
Task,"(62, '2019-10-29T02:58:11.571313', {'digest': 'C38B226D489D312EE7FC940C42E5651046F8827AFF9D8226CF06BAFA6591B217'}, '0003c3c42a4e1f66b4f864cbbee3cd2c07d9c6fa4e9cc636c32bcd0c1cf2b739', '000d54b699a488c179111163b0b22e052b6221031b1b43c4a9b04e638822624c', 394, 'DB')",Start_time,2019-10-28 22:58:11.571313,End_time,2019-10-28 22:58:11.573307,Duration,0:00:00.001994
Task,"(63, '2019-10-29T02:58:21.600629', {'digest': 'C38B226D489D312EE7FC940C42E5651046F8827AFF9D8226CF06BAFA6591B217'}, '000b2f81a3b9e76a369ce482f9d17ecdde653e0301de22cfe58d83cc6e9c1c28', '0003c3c42a4e1f66b4f864cbbee3cd2c07d9c6fa4e9cc636c32bcd0c1cf2b739', 1037, 'DB')",Start_time,2019-10-28 22:58:21.600629,End_time,2019-10-28 22:58:21.604625,Duration,0:00:00.003996
Task,"(64, '2019-10-29T02:58:31.631626', {'digest': 'C38B226D489D312EE7FC940C42E5651046F8827AFF9D8226CF06BAFA6591B217'}, '0009567d0f344d6ae71826fa32f67ec1b7b30e4794da00ddd75e30758e747ade', '000b2f81a3b9e76a369ce482f9d17ecdde653e0301de22cfe58d83cc6e9c1c28', 0, 'DB')",Start_time,2019-10-28 22:58:31.631626,End_time,2019-10-28 22:58:31.632624,Duration,0:00:00.000998
Task,"(65, '2019-10-29T02:58:41.659624', {'digest': 'C38B226D489D312EE7FC940C42E5651046F8827AFF9D8226CF06BAFA6591B217'}, '0005efcb39627ee06c85db90bba800e2bc88481e6fc02a77a792513a68deae3f', '0009567d0f344d6ae71826fa32f67ec1b7b30e4794da00ddd75e30758e747ade', 5153, 'DB')",Start_time,2019-10-28 22:58:41.659624,End_time,2019-10-28 22:58:41.685623,Duration,0:00:00.025999
Task,"(66, '2019-10-29T02:58:51.714625', {'digest': 'C38B226D489D312EE7FC940C42E5651046F8827AFF9D8226CF06BAFA6591B217'}, '00000a5e4b40efa3c5fdbf66ec93b7e47003c719ccdd59016606cd5d02397a68', '0005efcb39627ee06c85db90bba800e2bc88481e6fc02a77a792513a68deae3f', 1449, 'DB')",Start_time,2019-10-28 22:58:51.714625,End_time,2019-10-28 22:58:51.721625,Duration,0:00:00.007000
Task,"(67, '2019-10-29T02:59:01.750690', {'digest': 'C38B226D489D312EE7FC940C42E5651046F8827AFF9D8226CF06BAFA6591B217'}, '000f85ba7c4452b101483bdebd8fbc5c112bb33ee1c17ffc3f833e7188290f97', '00000a5e4b40efa3c5fdbf66ec93b7e47003c719ccdd59016606cd5d02397a68', 2802, 'DB')",Start_time,2019-10-28 22:59:01.750690,End_time,2019-10-28 22:59:01.761687,Duration,0:00:00.010997
Task,"(68, '2019-10-29T02:59:11.787722', {'digest': 'C38B226D489D312EE7FC940C42E5651046F8827AFF9D8226CF06BAFA6591B217'}, '0006f56b09a1142693f031bfa1fd2d6f7955f2dd5a2639390a893d78354ab811', '000f85ba7c4452b101483bdebd8fbc5c112bb33ee1c17ffc3f833e7188290f97', 18452, 'DB')",Start_time,2019-10-28 22:59:11.787722,End_time,2019-10-28 22:59:11.840752,Duration,0:00:00.053030
Task,"(69, '2019-10-29T02:59:21.862915', {'digest': 'C38B226D489D312EE7FC940C42E5651046F8827AFF9D8226CF06BAFA6591B217'}, '0009ca5cd52c457c5375bb6a4fefd1ad96f27e31ece9a2b1c07a7dd661bece21', '0006f56b09a1142693f031bfa1fd2d6f7955f2dd5a2639390a893d78354ab811', 7636, 'DB')",Start_time,2019-10-28 22:59:21.862915,End_time,2019-10-28 22:59:21.896917,Duration,0:00:00.034002
Task,"(70, '2019-10-29T02:59:31.932069', {'digest': 'C38B226D489D312EE7FC940C42E5651046F8827AFF9D8226CF06BAFA6591B217'}, '00087e0b84e73cc29af0f51cf76c19259e573de905f6e28942f458624803e80e', '0009ca5cd52c457c5375bb6a4fefd1ad96f27e31ece9a2b1c07a7dd661bece21', 5211, 'DB')",Start_time,2019-10-28 22:59:31.932069,End_time,2019-10-28 22:59:31.950065,Duration,0:00:00.017996
Task,"(71, '2019-10-29T02:59:31.951067', <LC.TB_data object at 0x00000200AFC18D68>, '0005f93fda2599b240bed30e4b3d2d2466429b45da011fd04b69c1556b43d140', '00087e0b84e73cc29af0f51cf76c19259e573de905f6e28942f458624803e80e', 3442, 'TB')",Start_time,2019-10-28 22:59:31.951067,End_time,2019-10-28 22:59:31.959066,Duration,0:00:00.007999
Task,"(72, '2019-10-29T02:59:42.124070', 'Relative Genesis Block', '000375384f047efee1ff4950c9d032dfb4dc5407507e3d99795eaf5c82ee9da9', '0005f93fda2599b240bed30e4b3d2d2466429b45da011fd04b69c1556b43d140', 3236, 'RGB')",Start_time,2019-10-28 22:59:42.124070,End_time,2019-10-28 22:59:42.137067,Duration,0:00:00.012997
Task,"(73, '2019-10-29T02:59:42.139073', {'digest': 'C38B226D489D312EE7FC940C42E5651046F8827AFF9D8226CF06BAFA6591B217'}, '0000c98aee03077cb34c6486b5704b87e982154f45959933cfd3f75e5ac3f0c0', '000375384f047efee1ff4950c9d032dfb4dc5407507e3d99795eaf5c82ee9da9', 4450, 'DB')",Start_time,2019-10-28 22:59:42.139073,End_time,2019-10-28 22:59:42.155070,Duration,0:00:00.015997
Task,"(74, '2019-10-29T02:59:52.186070', {'digest': 'C38B226D489D312EE7FC940C42E5651046F8827AFF9D8226CF06BAFA6591B217'}, '000e90146a92e84ba107b9421f604b183176c95155e5a26c70ad8b7fa00ba521', '0000c98aee03077cb34c6486b5704b87e982154f45959933cfd3f75e5ac3f0c0', 16738, 'DB')",Start_time,2019-10-28 22:59:52.186070,End_time,2019-10-28 22:59:52.235109,Duration,0:00:00.049039
Task,"(75, '2019-10-29T03:00:02.263072', {'digest': 'C38B226D489D312EE7FC940C42E5651046F8827AFF9D8226CF06BAFA6591B217'}, '0006b6d9206266c294f2b9aa590181a8fba867ee13fa29496f0ddc08de0e6307', '000e90146a92e84ba107b9421f604b183176c95155e5a26c70ad8b7fa00ba521', 3250, 'DB')",Start_time,2019-10-28 23:00:02.263072,End_time,2019-10-28 23:00:02.276074,Duration,0:00:00.013002
Task,"(76, '2019-10-29T03:00:12.303068', {'digest': 'C38B226D489D312EE7FC940C42E5651046F8827AFF9D8226CF06BAFA6591B217'}, '0008ef257edb72173294bf341f6b6fb35f1e6c2e6f38d11b6ac61734fa1266cc', '0006b6d9206266c294f2b9aa590181a8fba867ee13fa29496f0ddc08de0e6307', 12415, 'DB')",Start_time,2019-10-28 23:00:12.303068,End_time,2019-10-28 23:00:12.349067,Duration,0:00:00.045999
Task,"(77, '2019-10-29T03:00:22.375805', {'digest': 'C38B226D489D312EE7FC940C42E5651046F8827AFF9D8226CF06BAFA6591B217'}, '000c69407763699273a444a8ba7ee5af1618a4c404397c77b5bbf9d4faed2626', '0008ef257edb72173294bf341f6b6fb35f1e6c2e6f38d11b6ac61734fa1266cc', 2203, 'DB')",Start_time,2019-10-28 23:00:22.375805,End_time,2019-10-28 23:00:22.385803,Duration,0:00:00.009998
Task,"(78, '2019-10-29T03:00:32.412018', {'digest': 'C38B226D489D312EE7FC940C42E5651046F8827AFF9D8226CF06BAFA6591B217'}, '0006f2b101fed648a960129c9c51ebc676a6a14e131ef9ab3158427c582ebee1', '000c69407763699273a444a8ba7ee5af1618a4c404397c77b5bbf9d4faed2626', 69, 'DB')",Start_time,2019-10-28 23:00:32.412018,End_time,2019-10-28 23:00:32.412018,Duration,0:00:00
Task,"(79, '2019-10-29T03:00:42.446050', {'digest': 'C38B226D489D312EE7FC940C42E5651046F8827AFF9D8226CF06BAFA6591B217'}, '000d65a7317024cfc356252ccfc80e59cf0595cbbb9eb5991a376e8f451eefab', '0006f2b101fed648a960129c9c51ebc676a6a14e131ef9ab3158427c582ebee1', 859, 'DB')",Start_time,2019-10-28 23:00:42.446050,End_time,2019-10-28 23:00:42.459102,Duration,0:00:00.013052
Task,"(80, '2019-10-29T03:00:52.493266', {'digest': 'C38B226D489D312EE7FC940C42E5651046F8827AFF9D8226CF06BAFA6591B217'}, '0007fd06e598d7691557964fb6b05c2e5f1c42067c94966350d82795c7a8385f', '000d65a7317024cfc356252ccfc80e59cf0595cbbb9eb5991a376e8f451eefab', 449, 'DB')",Start_time,2019-10-28 23:00:52.493266,End_time,2019-10-28 23:00:52.497267,Duration,0:00:00.004001
Task,"(81, '2019-10-29T03:01:02.536991', {'digest': 'C38B226D489D312EE7FC940C42E5651046F8827AFF9D8226CF06BAFA6591B217'}, '000dff32fb5fff41d08a28d10f50d4a047159634d4da3f2f27b92f3f28d367d7', '0007fd06e598d7691557964fb6b05c2e5f1c42067c94966350d82795c7a8385f', 3539, 'DB')",Start_time,2019-10-28 23:01:02.536991,End_time,2019-10-28 23:01:02.554989,Duration,0:00:00.017998
Task,"(82, '2019-10-29T03:01:12.581599', {'digest': 'C38B226D489D312EE7FC940C42E5651046F8827AFF9D8226CF06BAFA6591B217'}, '0001b7fa9814b1ed743c26e5f73cdd33c265ac45005ffd5a6ec41af8b95d0f7b', '000dff32fb5fff41d08a28d10f50d4a047159634d4da3f2f27b92f3f28d367d7', 11053, 'DB')",Start_time,2019-10-28 23:01:12.581599,End_time,2019-10-28 23:01:12.618595,Duration,0:00:00.036996
Task,"(83, '2019-10-29T03:01:12.619595', <LC.TB_data object at 0x00000200AFBDFFD0>, '000e3b99eead1188fb1b2e4366c62927804a0afdbafc20265aefe5aa28612473', '0001b7fa9814b1ed743c26e5f73cdd33c265ac45005ffd5a6ec41af8b95d0f7b', 12598, 'TB')",Start_time,2019-10-28 23:01:12.619595,End_time,2019-10-28 23:01:12.654629,Duration,0:00:00.035034
Task,"(84, '2019-10-29T03:01:22.869596', 'Relative Genesis Block', '000481f3ef28972b71ce6018b92aca998cf045bff7a4a8b07017dd98eb2aa79c', '000e3b99eead1188fb1b2e4366c62927804a0afdbafc20265aefe5aa28612473', 44, 'RGB')",Start_time,2019-10-28 23:01:22.869596,End_time,2019-10-28 23:01:22.869596,Duration,0:00:00
Task,"(85, '2019-10-29T03:01:22.870634', {'digest': 'C38B226D489D312EE7FC940C42E5651046F8827AFF9D8226CF06BAFA6591B217'}, '0000bd356280be1886bfd47650b9ea79408a25f14a017d329c7af2df6c515c5b', '000481f3ef28972b71ce6018b92aca998cf045bff7a4a8b07017dd98eb2aa79c', 934, 'DB')",Start_time,2019-10-28 23:01:22.870634,End_time,2019-10-28 23:01:22.873596,Duration,0:00:00.002962
Task,"(86, '2019-10-29T03:01:32.904976', {'digest': 'C38B226D489D312EE7FC940C42E5651046F8827AFF9D8226CF06BAFA6591B217'}, '000699a172437e2b63ce657599dd5cacf2c889e7bd921864a832b90a5f11a7d6', '0000bd356280be1886bfd47650b9ea79408a25f14a017d329c7af2df6c515c5b', 588, 'DB')",Start_time,2019-10-28 23:01:32.904976,End_time,2019-10-28 23:01:32.907977,Duration,0:00:00.003001
Task,"(87, '2019-10-29T03:01:42.932976', {'digest': 'C38B226D489D312EE7FC940C42E5651046F8827AFF9D8226CF06BAFA6591B217'}, '0005cf5ed88976866d162de13079aa4ced3b8e420b1eec8cd074faf2cf7fc859', '000699a172437e2b63ce657599dd5cacf2c889e7bd921864a832b90a5f11a7d6', 686, 'DB')",Start_time,2019-10-28 23:01:42.932976,End_time,2019-10-28 23:01:42.935980,Duration,0:00:00.003004
Task,"(88, '2019-10-29T03:01:52.968977', {'digest': 'C38B226D489D312EE7FC940C42E5651046F8827AFF9D8226CF06BAFA6591B217'}, '00050134deba1a77538dec325ceb2e63f47b4bb733486eb660b210a706da5661', '0005cf5ed88976866d162de13079aa4ced3b8e420b1eec8cd074faf2cf7fc859', 5704, 'DB')",Start_time,2019-10-28 23:01:52.968977,End_time,2019-10-28 23:01:52.996977,Duration,0:00:00.028000
Task,"(89, '2019-10-29T03:02:03.021976', {'digest': 'C38B226D489D312EE7FC940C42E5651046F8827AFF9D8226CF06BAFA6591B217'}, '00020b53a814b3f625cb30b6eba4e0da2f745e6279204d3696c2bab68e5b9b5d', '00050134deba1a77538dec325ceb2e63f47b4bb733486eb660b210a706da5661', 6723, 'DB')",Start_time,2019-10-28 23:02:03.021976,End_time,2019-10-28 23:02:03.050974,Duration,0:00:00.028998
Task,"(90, '2019-10-29T03:02:13.093977', {'digest': 'C38B226D489D312EE7FC940C42E5651046F8827AFF9D8226CF06BAFA6591B217'}, '000589ffbb00eb4abaf72e598d8628aaf0e898b077ab8ad0e30d32513b10ba35', '00020b53a814b3f625cb30b6eba4e0da2f745e6279204d3696c2bab68e5b9b5d', 152, 'DB')",Start_time,2019-10-28 23:02:13.093977,End_time,2019-10-28 23:02:13.093977,Duration,0:00:00
Task,"(91, '2019-10-29T03:02:23.135705', {'digest': 'C38B226D489D312EE7FC940C42E5651046F8827AFF9D8226CF06BAFA6591B217'}, '000d98620ea025eaa5aa3390130b633d7408357f3d6ec81054ab4ef02c74e403', '000589ffbb00eb4abaf72e598d8628aaf0e898b077ab8ad0e30d32513b10ba35', 649, 'DB')",Start_time,2019-10-28 23:02:23.135705,End_time,2019-10-28 23:02:23.138703,Duration,0:00:00.002998
Task,"(92, '2019-10-29T03:02:33.168703', {'digest': 'C38B226D489D312EE7FC940C42E5651046F8827AFF9D8226CF06BAFA6591B217'}, '00022761bbaac128c0224b16ce82236959a7179b00bcd0f68645f2edb7898222', '000d98620ea025eaa5aa3390130b633d7408357f3d6ec81054ab4ef02c74e403', 8285, 'DB')",Start_time,2019-10-28 23:02:33.168703,End_time,2019-10-28 23:02:33.196737,Duration,0:00:00.028034
Task,"(93, '2019-10-29T03:02:43.218705', {'digest': 'C38B226D489D312EE7FC940C42E5651046F8827AFF9D8226CF06BAFA6591B217'}, '000b0798a41cb3dfcbd67b5c4c41661c56d09980bbd3abf42d1fadc838ec4927', '00022761bbaac128c0224b16ce82236959a7179b00bcd0f68645f2edb7898222', 926, 'DB')",Start_time,2019-10-28 23:02:43.218705,End_time,2019-10-28 23:02:43.221703,Duration,0:00:00.002998
Task,"(94, '2019-10-29T03:02:53.251704', {'digest': 'C38B226D489D312EE7FC940C42E5651046F8827AFF9D8226CF06BAFA6591B217'}, '0001196c7c71a74971ee019352b0a98a52d8e96513c91e801b728977a01d5b65', '000b0798a41cb3dfcbd67b5c4c41661c56d09980bbd3abf42d1fadc838ec4927', 3985, 'DB')",Start_time,2019-10-28 23:02:53.251704,End_time,2019-10-28 23:02:53.272713,Duration,0:00:00.021009
Task,"(95, '2019-10-29T03:02:53.274702', <LC.TB_data object at 0x00000200AFC00390>, '00091c9a2e61f6b28e94c14c52f6c63899e288346097426f3368b7d3266f3dc8', '0001196c7c71a74971ee019352b0a98a52d8e96513c91e801b728977a01d5b65', 14466, 'TB')",Start_time,2019-10-28 23:02:53.274702,End_time,2019-10-28 23:02:53.305700,Duration,0:00:00.030998
Task,"(96, '2019-10-29T03:03:03.464704', 'Relative Genesis Block', '000bcf2a0f88e43d33e935bca9354decc0f502c76367bf6bd17c2fb6078d6443', '00091c9a2e61f6b28e94c14c52f6c63899e288346097426f3368b7d3266f3dc8', 1693, 'RGB')",Start_time,2019-10-28 23:03:03.464704,End_time,2019-10-28 23:03:03.471703,Duration,0:00:00.006999
Task,"(97, '2019-10-29T03:03:03.472703', {'digest': 'C38B226D489D312EE7FC940C42E5651046F8827AFF9D8226CF06BAFA6591B217'}, '000d109253db4e7acb84ecb50290e4deb904ceeff2b8a35619c76b3b157cb101', '000bcf2a0f88e43d33e935bca9354decc0f502c76367bf6bd17c2fb6078d6443', 12938, 'DB')",Start_time,2019-10-28 23:03:03.472703,End_time,2019-10-28 23:03:03.517702,Duration,0:00:00.044999
Task,"(98, '2019-10-29T03:03:13.542543', {'digest': 'C38B226D489D312EE7FC940C42E5651046F8827AFF9D8226CF06BAFA6591B217'}, '000f6763ab6be40442b184b4bd1cf691a34541fed3704852b4de3d761ccd92a4', '000d109253db4e7acb84ecb50290e4deb904ceeff2b8a35619c76b3b157cb101', 12182, 'DB')",Start_time,2019-10-28 23:03:13.542543,End_time,2019-10-28 23:03:13.593574,Duration,0:00:00.051031
Task,"(99, '2019-10-29T03:03:23.615756', {'digest': 'C38B226D489D312EE7FC940C42E5651046F8827AFF9D8226CF06BAFA6591B217'}, '00074a1fd863f944ec26cab7eb22900e5c9c70b6019c4cb7ca98ff079a63fb19', '000f6763ab6be40442b184b4bd1cf691a34541fed3704852b4de3d761ccd92a4', 8561, 'DB')",Start_time,2019-10-28 23:03:23.615756,End_time,2019-10-28 23:03:23.649749,Duration,0:00:00.033993
Task,"(100, '2019-10-29T03:03:33.674974', {'digest': 'C38B226D489D312EE7FC940C42E5651046F8827AFF9D8226CF06BAFA6591B217'}, '0007eb28d7f826b1ffd57d92374cdd04a20014e14cc7be82175132684e927d0a', '00074a1fd863f944ec26cab7eb22900e5c9c70b6019c4cb7ca98ff079a63fb19', 2829, 'DB')",Start_time,2019-10-28 23:03:33.674974,End_time,2019-10-28 23:03:33.687971,Duration,0:00:00.012997
Task,"(101, '2019-10-29T03:03:43.715167', {'digest': 'C38B226D489D312EE7FC940C42E5651046F8827AFF9D8226CF06BAFA6591B217'}, '000044188d4b4056b17f36ce104cda74b4b8d49f17731da9db9e5fb9d3b01e5f', '0007eb28d7f826b1ffd57d92374cdd04a20014e14cc7be82175132684e927d0a', 4581, 'DB')",Start_time,2019-10-28 23:03:43.715167,End_time,2019-10-28 23:03:43.735160,Duration,0:00:00.019993
Task,"(102, '2019-10-29T03:03:53.771161', {'digest': 'C38B226D489D312EE7FC940C42E5651046F8827AFF9D8226CF06BAFA6591B217'}, '000d9746abd3ac1483957f9afab568c857da35d082d82a39038f2c31664ae095', '000044188d4b4056b17f36ce104cda74b4b8d49f17731da9db9e5fb9d3b01e5f', 1180, 'DB')",Start_time,2019-10-28 23:03:53.771161,End_time,2019-10-28 23:03:53.780164,Duration,0:00:00.009003
Task,"(103, '2019-10-29T03:04:03.811679', {'digest': 'C38B226D489D312EE7FC940C42E5651046F8827AFF9D8226CF06BAFA6591B217'}, '000090ecaff1a31678a45629ce1264f7022c2cbdfa0faf6b9d5c9e1f3f5fab14', '000d9746abd3ac1483957f9afab568c857da35d082d82a39038f2c31664ae095', 5898, 'DB')",Start_time,2019-10-28 23:04:03.811679,End_time,2019-10-28 23:04:03.842677,Duration,0:00:00.030998
Task,"(104, '2019-10-29T03:04:13.864027', {'digest': 'C38B226D489D312EE7FC940C42E5651046F8827AFF9D8226CF06BAFA6591B217'}, '0003734bc6a114b607e15160a6ab35beb066e5289cb4626081e61d40c4a081ff', '000090ecaff1a31678a45629ce1264f7022c2cbdfa0faf6b9d5c9e1f3f5fab14', 5228, 'DB')",Start_time,2019-10-28 23:04:13.864027,End_time,2019-10-28 23:04:13.886033,Duration,0:00:00.022006
Task,"(105, '2019-10-29T03:04:23.908018', {'digest': 'C38B226D489D312EE7FC940C42E5651046F8827AFF9D8226CF06BAFA6591B217'}, '0009a306a562d8291fe1ebc5e9c636db0ba2091f79a0124597bad35365852f0c', '0003734bc6a114b607e15160a6ab35beb066e5289cb4626081e61d40c4a081ff', 929, 'DB')",Start_time,2019-10-28 23:04:23.908018,End_time,2019-10-28 23:04:23.910019,Duration,0:00:00.002001
Task,"(106, '2019-10-29T03:04:33.937279', {'digest': 'C38B226D489D312EE7FC940C42E5651046F8827AFF9D8226CF06BAFA6591B217'}, '00001821d7b53f7dda8fbbde3361c2a1deb641c3a7c347fff1face0a82e98666', '0009a306a562d8291fe1ebc5e9c636db0ba2091f79a0124597bad35365852f0c', 547, 'DB')",Start_time,2019-10-28 23:04:33.937279,End_time,2019-10-28 23:04:33.939277,Duration,0:00:00.001998
Task,"(107, '2019-10-29T03:04:33.941276', <LC.TB_data object at 0x00000200AFC280F0>, '0004f6cdea01d0aef6b005ba51de5a342fe76b1340c6135c26b7099b21f3e01a', '00001821d7b53f7dda8fbbde3361c2a1deb641c3a7c347fff1face0a82e98666', 2877, 'TB')",Start_time,2019-10-28 23:04:33.941276,End_time,2019-10-28 23:04:33.955277,Duration,0:00:00.014001
Task,"(108, '2019-10-29T03:04:44.131276', 'Relative Genesis Block', '0000c4db49921fb74e726428178a1f0e5ed010d2eab5bb80b0fd78d5d34cd1cf', '0004f6cdea01d0aef6b005ba51de5a342fe76b1340c6135c26b7099b21f3e01a', 1527, 'RGB')",Start_time,2019-10-28 23:04:44.131276,End_time,2019-10-28 23:04:44.137275,Duration,0:00:00.005999
Task,"(109, '2019-10-29T03:04:44.140275', {'digest': 'C38B226D489D312EE7FC940C42E5651046F8827AFF9D8226CF06BAFA6591B217'}, '000b6f42086c880e3dca5c2d86ae798ec91933462f46d1c862a272fcc36bdf96', '0000c4db49921fb74e726428178a1f0e5ed010d2eab5bb80b0fd78d5d34cd1cf', 2591, 'DB')",Start_time,2019-10-28 23:04:44.140275,End_time,2019-10-28 23:04:44.151273,Duration,0:00:00.010998
Task,"(110, '2019-10-29T03:04:54.176331', {'digest': 'C38B226D489D312EE7FC940C42E5651046F8827AFF9D8226CF06BAFA6591B217'}, '000b992690918b770f60e01173db29a953a97c1d4c9ee54d483cf4e7e4a01a5b', '000b6f42086c880e3dca5c2d86ae798ec91933462f46d1c862a272fcc36bdf96', 7821, 'DB')",Start_time,2019-10-28 23:04:54.176331,End_time,2019-10-28 23:04:54.216331,Duration,0:00:00.040000
Task,"(111, '2019-10-29T03:05:04.243330', {'digest': 'C38B226D489D312EE7FC940C42E5651046F8827AFF9D8226CF06BAFA6591B217'}, '00029b3f65623bb5217625276727c5702fa90fe2c2b470e9f1ff9d71453e7b28', '000b992690918b770f60e01173db29a953a97c1d4c9ee54d483cf4e7e4a01a5b', 6833, 'DB')",Start_time,2019-10-28 23:05:04.243330,End_time,2019-10-28 23:05:04.271429,Duration,0:00:00.028099
Task,"(112, '2019-10-29T03:05:14.290333', {'digest': 'C38B226D489D312EE7FC940C42E5651046F8827AFF9D8226CF06BAFA6591B217'}, '0006618e4350a0da883312f37ac98468684300175475638828884dcdf69ee9eb', '00029b3f65623bb5217625276727c5702fa90fe2c2b470e9f1ff9d71453e7b28', 7490, 'DB')",Start_time,2019-10-28 23:05:14.290333,End_time,2019-10-28 23:05:14.318389,Duration,0:00:00.028056
Task,"(113, '2019-10-29T03:05:24.339334', {'digest': 'C38B226D489D312EE7FC940C42E5651046F8827AFF9D8226CF06BAFA6591B217'}, '000b2ac0bd432bd998e48a29399ea96163880191724fb8e349decff624055e48', '0006618e4350a0da883312f37ac98468684300175475638828884dcdf69ee9eb', 1451, 'DB')",Start_time,2019-10-28 23:05:24.339334,End_time,2019-10-28 23:05:24.344329,Duration,0:00:00.004995
Task,"(114, '2019-10-29T03:05:34.369494', {'digest': 'C38B226D489D312EE7FC940C42E5651046F8827AFF9D8226CF06BAFA6591B217'}, '0004d2c7501f735800094e1bec32b5ff973cc1cc3cc01fa8c52fb99811d7b88b', '000b2ac0bd432bd998e48a29399ea96163880191724fb8e349decff624055e48', 7455, 'DB')",Start_time,2019-10-28 23:05:34.369494,End_time,2019-10-28 23:05:34.394488,Duration,0:00:00.024994
Task,"(115, '2019-10-29T03:05:44.414705', {'digest': 'C38B226D489D312EE7FC940C42E5651046F8827AFF9D8226CF06BAFA6591B217'}, '0005bf62863f2ecb96f2fb8da51219eb59a946d0bec3b4bb4adb1c42e2f028c5', '0004d2c7501f735800094e1bec32b5ff973cc1cc3cc01fa8c52fb99811d7b88b', 3131, 'DB')",Start_time,2019-10-28 23:05:44.414705,End_time,2019-10-28 23:05:44.429706,Duration,0:00:00.015001
Task,"(116, '2019-10-29T03:05:54.458712', {'digest': 'C38B226D489D312EE7FC940C42E5651046F8827AFF9D8226CF06BAFA6591B217'}, '0004eda5cc646238b6b9e6289b493039c06807c04104b598f971e277c4e34081', '0005bf62863f2ecb96f2fb8da51219eb59a946d0bec3b4bb4adb1c42e2f028c5', 2077, 'DB')",Start_time,2019-10-28 23:05:54.458712,End_time,2019-10-28 23:05:54.465702,Duration,0:00:00.006990
Task,"(117, '2019-10-29T03:06:04.498704', {'digest': 'C38B226D489D312EE7FC940C42E5651046F8827AFF9D8226CF06BAFA6591B217'}, '000e225ffc13178e9444d0b318cd7c429a01e63b7dde5c82716dd4117fbb1eaf', '0004eda5cc646238b6b9e6289b493039c06807c04104b598f971e277c4e34081', 4579, 'DB')",Start_time,2019-10-28 23:06:04.497705,End_time,2019-10-28 23:06:04.526701,Duration,0:00:00.028996
Task,"(118, '2019-10-29T03:06:14.557705', {'digest': 'C38B226D489D312EE7FC940C42E5651046F8827AFF9D8226CF06BAFA6591B217'}, '0006ffef5c8dbd6152027fd8e9561e47ef7650d64d96fa214f2b87d0f86839b5', '000e225ffc13178e9444d0b318cd7c429a01e63b7dde5c82716dd4117fbb1eaf', 1168, 'DB')",Start_time,2019-10-28 23:06:14.557705,End_time,2019-10-28 23:06:14.562703,Duration,0:00:00.004998
Task,"(119, '2019-10-29T03:06:14.564703', <LC.TB_data object at 0x00000200AFC28978>, '0000bd3c02c0a048bfa260d8c1e2d8418441654d3bee2a039308f419289cc1fd', '0006ffef5c8dbd6152027fd8e9561e47ef7650d64d96fa214f2b87d0f86839b5', 298, 'TB')",Start_time,2019-10-28 23:06:14.564703,End_time,2019-10-28 23:06:14.565703,Duration,0:00:00.001000
Task,"(120, '2019-10-29T03:06:24.764929', 'Relative Genesis Block', '0007b6dc55f6d348906d81e89eb08107510eaa647912c374e2cab1e4f14dba06', '0000bd3c02c0a048bfa260d8c1e2d8418441654d3bee2a039308f419289cc1fd', 4633, 'RGB')",Start_time,2019-10-28 23:06:24.764929,End_time,2019-10-28 23:06:24.780928,Duration,0:00:00.015999
Task,"(121, '2019-10-29T03:06:24.782931', {'digest': 'C38B226D489D312EE7FC940C42E5651046F8827AFF9D8226CF06BAFA6591B217'}, '000897625305b3f1732ce260ffb78977ee6dbba742af9972b8038373556ee2f5', '0007b6dc55f6d348906d81e89eb08107510eaa647912c374e2cab1e4f14dba06', 6983, 'DB')",Start_time,2019-10-28 23:06:24.782931,End_time,2019-10-28 23:06:24.812928,Duration,0:00:00.029997
Task,"(122, '2019-10-29T03:06:34.841974', {'digest': 'C38B226D489D312EE7FC940C42E5651046F8827AFF9D8226CF06BAFA6591B217'}, '000cc60e25ba9983fdeec77b7ea6378831f65302f7f61e51b860a2add5b5d8a5', '000897625305b3f1732ce260ffb78977ee6dbba742af9972b8038373556ee2f5', 55, 'DB')",Start_time,2019-10-28 23:06:34.841974,End_time,2019-10-28 23:06:34.841974,Duration,0:00:00
Task,"(123, '2019-10-29T03:06:44.875963', {'digest': 'C38B226D489D312EE7FC940C42E5651046F8827AFF9D8226CF06BAFA6591B217'}, '0006dc5a07609d29d2f6aaca8d9be06d528a253884c7decb0b43276ff68d82c0', '000cc60e25ba9983fdeec77b7ea6378831f65302f7f61e51b860a2add5b5d8a5', 104, 'DB')",Start_time,2019-10-28 23:06:44.875963,End_time,2019-10-28 23:06:44.875963,Duration,0:00:00
Task,"(124, '2019-10-29T03:06:54.910725', {'digest': 'C38B226D489D312EE7FC940C42E5651046F8827AFF9D8226CF06BAFA6591B217'}, '0009bdb00e2a43787566af64754a8acf97ebbebf30c57f9da4c8c17c97cc22b8', '0006dc5a07609d29d2f6aaca8d9be06d528a253884c7decb0b43276ff68d82c0', 9512, 'DB')",Start_time,2019-10-28 23:06:54.910725,End_time,2019-10-28 23:06:54.947722,Duration,0:00:00.036997
Task,"(125, '2019-10-29T03:07:04.969906', {'digest': 'C38B226D489D312EE7FC940C42E5651046F8827AFF9D8226CF06BAFA6591B217'}, '000f3482a5e77a03d2dceb85c3aa112afd101f12ac1f8deacb86b06d90a9a559', '0009bdb00e2a43787566af64754a8acf97ebbebf30c57f9da4c8c17c97cc22b8', 4625, 'DB')",Start_time,2019-10-28 23:07:04.969906,End_time,2019-10-28 23:07:04.983910,Duration,0:00:00.014004
Task,"(126, '2019-10-29T03:07:15.011980', {'digest': 'C38B226D489D312EE7FC940C42E5651046F8827AFF9D8226CF06BAFA6591B217'}, '00028814a87b4e21694be6788e61798aa0226d32e417eeaa2af1ea9bc4b09435', '000f3482a5e77a03d2dceb85c3aa112afd101f12ac1f8deacb86b06d90a9a559', 213, 'DB')",Start_time,2019-10-28 23:07:15.011980,End_time,2019-10-28 23:07:15.013982,Duration,0:00:00.002002
Task,"(127, '2019-10-29T03:07:25.047333', {'digest': 'C38B226D489D312EE7FC940C42E5651046F8827AFF9D8226CF06BAFA6591B217'}, '000c2367de17d1d0fb6597c411d0d53083b3968febd843f52c2e790205686b67', '00028814a87b4e21694be6788e61798aa0226d32e417eeaa2af1ea9bc4b09435', 991, 'DB')",Start_time,2019-10-28 23:07:25.047333,End_time,2019-10-28 23:07:25.052362,Duration,0:00:00.005029
Task,"(128, '2019-10-29T03:07:35.083354', {'digest': 'C38B226D489D312EE7FC940C42E5651046F8827AFF9D8226CF06BAFA6591B217'}, '000537eb44bb3bb4567735b32cbe88b8be9953c4cedf633cba26ad2a490f7fd2', '000c2367de17d1d0fb6597c411d0d53083b3968febd843f52c2e790205686b67', 9097, 'DB')",Start_time,2019-10-28 23:07:35.083354,End_time,2019-10-28 23:07:35.129329,Duration,0:00:00.045975
Task,"(129, '2019-10-29T03:07:45.154332', {'digest': 'C38B226D489D312EE7FC940C42E5651046F8827AFF9D8226CF06BAFA6591B217'}, '000e8d68657f002256de35610cc645eacb3f4e868e0fbb148381a7ac729c179a', '000537eb44bb3bb4567735b32cbe88b8be9953c4cedf633cba26ad2a490f7fd2', 6010, 'DB')",Start_time,2019-10-28 23:07:45.154332,End_time,2019-10-28 23:07:45.181333,Duration,0:00:00.027001
Task,"(130, '2019-10-29T03:07:55.220056', {'digest': 'C38B226D489D312EE7FC940C42E5651046F8827AFF9D8226CF06BAFA6591B217'}, '000ed6c40af6de03c68da9cbf969fabb71359d116470a482afd931ac6e6d7e41', '000e8d68657f002256de35610cc645eacb3f4e868e0fbb148381a7ac729c179a', 1679, 'DB')",Start_time,2019-10-28 23:07:55.220056,End_time,2019-10-28 23:07:55.231054,Duration,0:00:00.010998
Task,"(131, '2019-10-29T03:07:55.233056', <LC.TB_data object at 0x00000200AFC007F0>, '000f17180dbb32479e0143e9479a208fb8247e8f283bbb661e45a3377d57d0c0', '000ed6c40af6de03c68da9cbf969fabb71359d116470a482afd931ac6e6d7e41', 2672, 'TB')",Start_time,2019-10-28 23:07:55.233056,End_time,2019-10-28 23:07:55.249054,Duration,0:00:00.015998
Task,"(132, '2019-10-29T03:08:05.508183', 'Relative Genesis Block', '000a781ecc2a9e21db2bbe513fa712807edcfc457b2b86c8585b4f79dafe2c05', '000f17180dbb32479e0143e9479a208fb8247e8f283bbb661e45a3377d57d0c0', 8939, 'RGB')",Start_time,2019-10-28 23:08:05.508183,End_time,2019-10-28 23:08:05.540179,Duration,0:00:00.031996
Task,"(133, '2019-10-29T03:08:05.542181', {'digest': 'C38B226D489D312EE7FC940C42E5651046F8827AFF9D8226CF06BAFA6591B217'}, '000285d4e6e742ee161684a51bf4c1cd6588a9063cbef56818a4bba96ab28003', '000a781ecc2a9e21db2bbe513fa712807edcfc457b2b86c8585b4f79dafe2c05', 7446, 'DB')",Start_time,2019-10-28 23:08:05.542181,End_time,2019-10-28 23:08:05.578183,Duration,0:00:00.036002
Task,"(134, '2019-10-29T03:08:15.604081', {'digest': 'C38B226D489D312EE7FC940C42E5651046F8827AFF9D8226CF06BAFA6591B217'}, '000496ba531049baf233710966acdfea39aeaf822b29be52142b31d6ff139619', '000285d4e6e742ee161684a51bf4c1cd6588a9063cbef56818a4bba96ab28003', 7222, 'DB')",Start_time,2019-10-28 23:08:15.604081,End_time,2019-10-28 23:08:15.638078,Duration,0:00:00.033997
Task,"(135, '2019-10-29T03:08:25.661758', {'digest': 'C38B226D489D312EE7FC940C42E5651046F8827AFF9D8226CF06BAFA6591B217'}, '000f5b8625485dd866b3feae93586f1ed3ee355891c143dc0c745b82db2f8710', '000496ba531049baf233710966acdfea39aeaf822b29be52142b31d6ff139619', 365, 'DB')",Start_time,2019-10-28 23:08:25.661758,End_time,2019-10-28 23:08:25.663757,Duration,0:00:00.001999
Task,"(136, '2019-10-29T03:08:35.691426', {'digest': 'C38B226D489D312EE7FC940C42E5651046F8827AFF9D8226CF06BAFA6591B217'}, '000a8d40d56c6aa5339c9bb7f0906651e6c4ed5e48b5796d98772d197b7d8b6d', '000f5b8625485dd866b3feae93586f1ed3ee355891c143dc0c745b82db2f8710', 9134, 'DB')",Start_time,2019-10-28 23:08:35.691426,End_time,2019-10-28 23:08:35.727456,Duration,0:00:00.036030
Task,"(137, '2019-10-29T03:08:45.746424', {'digest': 'C38B226D489D312EE7FC940C42E5651046F8827AFF9D8226CF06BAFA6591B217'}, '000fc74450efac2c778fd944ad441827c0ea99d93b8ceb79462946e9a10bf25e', '000a8d40d56c6aa5339c9bb7f0906651e6c4ed5e48b5796d98772d197b7d8b6d', 4128, 'DB')",Start_time,2019-10-28 23:08:45.746424,End_time,2019-10-28 23:08:45.761424,Duration,0:00:00.015000
Task,"(138, '2019-10-29T03:08:55.789686', {'digest': 'C38B226D489D312EE7FC940C42E5651046F8827AFF9D8226CF06BAFA6591B217'}, '000190c5e0d349a3124f9de8076923e40eb55fce887e96e448f1a07b920d7499', '000fc74450efac2c778fd944ad441827c0ea99d93b8ceb79462946e9a10bf25e', 8424, 'DB')",Start_time,2019-10-28 23:08:55.789686,End_time,2019-10-28 23:08:55.816684,Duration,0:00:00.026998
Task,"(139, '2019-10-29T03:09:05.841901', {'digest': 'C38B226D489D312EE7FC940C42E5651046F8827AFF9D8226CF06BAFA6591B217'}, '000fc8c0fe80ef1751312eff861ae7849a209a66dacff6076c601fb9a71c30aa', '000190c5e0d349a3124f9de8076923e40eb55fce887e96e448f1a07b920d7499', 6512, 'DB')",Start_time,2019-10-28 23:09:05.841901,End_time,2019-10-28 23:09:05.868898,Duration,0:00:00.026997
Task,"(140, '2019-10-29T03:09:15.893119', {'digest': 'C38B226D489D312EE7FC940C42E5651046F8827AFF9D8226CF06BAFA6591B217'}, '0008455d8b9476a697b6bd67d8a19966d501634774dec7d94f9f96b303bd7ed6', '000fc8c0fe80ef1751312eff861ae7849a209a66dacff6076c601fb9a71c30aa', 8857, 'DB')",Start_time,2019-10-28 23:09:15.893119,End_time,2019-10-28 23:09:15.923118,Duration,0:00:00.029999
Task,"(141, '2019-10-29T03:09:25.946745', {'digest': 'C38B226D489D312EE7FC940C42E5651046F8827AFF9D8226CF06BAFA6591B217'}, '0006637e0b958e3bd83a540bb538c912b8fbceb8b56a39dd3f089bda9ec7d8a3', '0008455d8b9476a697b6bd67d8a19966d501634774dec7d94f9f96b303bd7ed6', 5769, 'DB')",Start_time,2019-10-28 23:09:25.946745,End_time,2019-10-28 23:09:25.971871,Duration,0:00:00.025126
Task,"(142, '2019-10-29T03:09:35.998898', {'digest': 'C38B226D489D312EE7FC940C42E5651046F8827AFF9D8226CF06BAFA6591B217'}, '0007f60fd3d11bff7736547ce454d77db173211edf965a0f8406e877ce1db21c', '0006637e0b958e3bd83a540bb538c912b8fbceb8b56a39dd3f089bda9ec7d8a3', 2262, 'DB')",Start_time,2019-10-28 23:09:35.998898,End_time,2019-10-28 23:09:36.009894,Duration,0:00:00.010996
Task,"(143, '2019-10-29T03:09:36.010900', <LC.TB_data object at 0x00000200AFC0DB00>, '0005cd9b4360f685da89ab6a15616c8b0b7b221534be0d8f642aef5ed0fe47b0', '0007f60fd3d11bff7736547ce454d77db173211edf965a0f8406e877ce1db21c', 5127, 'TB')",Start_time,2019-10-28 23:09:36.010900,End_time,2019-10-28 23:09:36.029931,Duration,0:00:00.019031
Task,"(144, '2019-10-29T03:09:46.204250', 'Relative Genesis Block', '00000108a69a85cd1f70d1310d18e1c3a250a1fed27af15573b556794fbb6a9d', '0005cd9b4360f685da89ab6a15616c8b0b7b221534be0d8f642aef5ed0fe47b0', 1842, 'RGB')",Start_time,2019-10-28 23:09:46.204250,End_time,2019-10-28 23:09:46.212251,Duration,0:00:00.008001
Task,"(145, '2019-10-29T03:09:46.215218', {'digest': 'C38B226D489D312EE7FC940C42E5651046F8827AFF9D8226CF06BAFA6591B217'}, '00031a2573b39be4d43e196e2e5935fb5dce0a44afd4903a4607ef669708dc77', '00000108a69a85cd1f70d1310d18e1c3a250a1fed27af15573b556794fbb6a9d', 1648, 'DB')",Start_time,2019-10-28 23:09:46.215218,End_time,2019-10-28 23:09:46.224213,Duration,0:00:00.008995
Task,"(146, '2019-10-29T03:09:56.251382', {'digest': 'C38B226D489D312EE7FC940C42E5651046F8827AFF9D8226CF06BAFA6591B217'}, '00080e482bd0396f0956104898c38a17859e8bd4bd23c4a1582e1790bc44dd0b', '00031a2573b39be4d43e196e2e5935fb5dce0a44afd4903a4607ef669708dc77', 6645, 'DB')",Start_time,2019-10-28 23:09:56.251382,End_time,2019-10-28 23:09:56.286451,Duration,0:00:00.035069
Task,"(147, '2019-10-29T03:10:06.309383', {'digest': 'C38B226D489D312EE7FC940C42E5651046F8827AFF9D8226CF06BAFA6591B217'}, '0009592c1e2d7c7911dbcef280222264aa585b568653353cd7422fcd2830a37e', '00080e482bd0396f0956104898c38a17859e8bd4bd23c4a1582e1790bc44dd0b', 2240, 'DB')",Start_time,2019-10-28 23:10:06.309383,End_time,2019-10-28 23:10:06.320382,Duration,0:00:00.010999
Task,"(148, '2019-10-29T03:10:16.341382', {'digest': 'C38B226D489D312EE7FC940C42E5651046F8827AFF9D8226CF06BAFA6591B217'}, '0007bc747a14e0df953f5e5c8d12b66c783d04316f188e1ac7f4f0e10abaf623', '0009592c1e2d7c7911dbcef280222264aa585b568653353cd7422fcd2830a37e', 943, 'DB')",Start_time,2019-10-28 23:10:16.341382,End_time,2019-10-28 23:10:16.346379,Duration,0:00:00.004997
Task,"(149, '2019-10-29T03:10:26.384385', {'digest': 'C38B226D489D312EE7FC940C42E5651046F8827AFF9D8226CF06BAFA6591B217'}, '0001d59bbbbb944ce1652218cb032052516e2c6361f9fc10cf15833a6aca725d', '0007bc747a14e0df953f5e5c8d12b66c783d04316f188e1ac7f4f0e10abaf623', 105, 'DB')",Start_time,2019-10-28 23:10:26.384385,End_time,2019-10-28 23:10:26.385382,Duration,0:00:00.000997
Task,"(150, '2019-10-29T03:10:36.411398', {'digest': 'C38B226D489D312EE7FC940C42E5651046F8827AFF9D8226CF06BAFA6591B217'}, '000937d9db2839656aa6165bf270b9138c7aa16c9ce4cc610e3d7ea40d31628e', '0001d59bbbbb944ce1652218cb032052516e2c6361f9fc10cf15833a6aca725d', 2140, 'DB')",Start_time,2019-10-28 23:10:36.411398,End_time,2019-10-28 23:10:36.419379,Duration,0:00:00.007981
Task,"(151, '2019-10-29T03:10:46.450436', {'digest': 'C38B226D489D312EE7FC940C42E5651046F8827AFF9D8226CF06BAFA6591B217'}, '00035e074e25c674a531a090a11970e8815861db11fb9f94e02985bbaa1c79af', '000937d9db2839656aa6165bf270b9138c7aa16c9ce4cc610e3d7ea40d31628e', 138, 'DB')",Start_time,2019-10-28 23:10:46.450436,End_time,2019-10-28 23:10:46.451386,Duration,0:00:00.000950
Task,"(152, '2019-10-29T03:10:56.481381', {'digest': 'C38B226D489D312EE7FC940C42E5651046F8827AFF9D8226CF06BAFA6591B217'}, '00015082aee13d83ba31437d98be68732624597ffce1642a68386ae6a6f6d5a8', '00035e074e25c674a531a090a11970e8815861db11fb9f94e02985bbaa1c79af', 6825, 'DB')",Start_time,2019-10-28 23:10:56.481381,End_time,2019-10-28 23:10:56.511416,Duration,0:00:00.030035
Task,"(153, '2019-10-29T03:11:06.557381', {'digest': 'C38B226D489D312EE7FC940C42E5651046F8827AFF9D8226CF06BAFA6591B217'}, '0000660fe87e71fbbbd3cc0cc012273bc0836c2e87acac46571cf4eee1023a24', '00015082aee13d83ba31437d98be68732624597ffce1642a68386ae6a6f6d5a8', 6762, 'DB')",Start_time,2019-10-28 23:11:06.557381,End_time,2019-10-28 23:11:06.601384,Duration,0:00:00.044003
Task,"(154, '2019-10-29T03:11:16.637382', {'digest': 'C38B226D489D312EE7FC940C42E5651046F8827AFF9D8226CF06BAFA6591B217'}, '00038b8bcf577dfda66a8ca408ab364b8ba183322463f38f485555ce0743dbef', '0000660fe87e71fbbbd3cc0cc012273bc0836c2e87acac46571cf4eee1023a24', 6167, 'DB')",Start_time,2019-10-28 23:11:16.637382,End_time,2019-10-28 23:11:16.665395,Duration,0:00:00.028013
Task,"(155, '2019-10-29T03:11:16.666385', <LC.TB_data object at 0x00000200AFC3B198>, '000cdfcc7e562116757ff784dcba36c4a4dbe7dcc1c6dbc0d6b9769ee37b4c98', '00038b8bcf577dfda66a8ca408ab364b8ba183322463f38f485555ce0743dbef', 10120, 'TB')",Start_time,2019-10-28 23:11:16.666385,End_time,2019-10-28 23:11:16.707382,Duration,0:00:00.040997
Task,"(156, '2019-10-29T03:11:26.948383', 'Relative Genesis Block', '000e776ec7c212bc125043f221aeb0150e786e3bbfde410705f51968c9d2d4be', '000cdfcc7e562116757ff784dcba36c4a4dbe7dcc1c6dbc0d6b9769ee37b4c98', 909, 'RGB')",Start_time,2019-10-28 23:11:26.948383,End_time,2019-10-28 23:11:26.961378,Duration,0:00:00.012995
Task,"(157, '2019-10-29T03:11:26.983382', {'digest': 'C38B226D489D312EE7FC940C42E5651046F8827AFF9D8226CF06BAFA6591B217'}, '0009c828871340aa3c6b5c2b469edb5836dd35ecf4e8f11e823911bab5f5092b', '000e776ec7c212bc125043f221aeb0150e786e3bbfde410705f51968c9d2d4be', 9118, 'DB')",Start_time,2019-10-28 23:11:26.983382,End_time,2019-10-28 23:11:27.061381,Duration,0:00:00.077999
Task,"(158, '2019-10-29T03:11:37.087381', {'digest': 'C38B226D489D312EE7FC940C42E5651046F8827AFF9D8226CF06BAFA6591B217'}, '00011c6927036ac5bfe553ffdb04015738013ebf287d73804fc9b73520f69489', '0009c828871340aa3c6b5c2b469edb5836dd35ecf4e8f11e823911bab5f5092b', 5962, 'DB')",Start_time,2019-10-28 23:11:37.087381,End_time,2019-10-28 23:11:37.126381,Duration,0:00:00.039000
Task,"(159, '2019-10-29T03:11:47.150385', {'digest': 'C38B226D489D312EE7FC940C42E5651046F8827AFF9D8226CF06BAFA6591B217'}, '000d140cfaad1c326912d5bbd710cec00a71db9c082682ff984b620c5fd753c5', '00011c6927036ac5bfe553ffdb04015738013ebf287d73804fc9b73520f69489', 11439, 'DB')",Start_time,2019-10-28 23:11:47.150385,End_time,2019-10-28 23:11:47.198379,Duration,0:00:00.047994
Task,"(160, '2019-10-29T03:11:57.243383', {'digest': 'C38B226D489D312EE7FC940C42E5651046F8827AFF9D8226CF06BAFA6591B217'}, '000c40494b7fa761a587fbdc15903c2954f802d1afcadb8b6573997918c2a891', '000d140cfaad1c326912d5bbd710cec00a71db9c082682ff984b620c5fd753c5', 1346, 'DB')",Start_time,2019-10-28 23:11:57.243383,End_time,2019-10-28 23:11:57.285381,Duration,0:00:00.041998
Task,"(161, '2019-10-29T03:12:07.312380', {'digest': 'C38B226D489D312EE7FC940C42E5651046F8827AFF9D8226CF06BAFA6591B217'}, '0003e5dd1df76753f94da60cf9ed8762cb05d71169311420ef7da6f66cfd9aff', '000c40494b7fa761a587fbdc15903c2954f802d1afcadb8b6573997918c2a891', 746, 'DB')",Start_time,2019-10-28 23:12:07.312380,End_time,2019-10-28 23:12:07.315382,Duration,0:00:00.003002
Task,"(162, '2019-10-29T03:12:17.342382', {'digest': 'C38B226D489D312EE7FC940C42E5651046F8827AFF9D8226CF06BAFA6591B217'}, '000da3cea533050ec4f161d4e8d0490f52ec4a2fd88a52c02c09a1d0aa687a1e', '0003e5dd1df76753f94da60cf9ed8762cb05d71169311420ef7da6f66cfd9aff', 8551, 'DB')",Start_time,2019-10-28 23:12:17.342382,End_time,2019-10-28 23:12:17.405403,Duration,0:00:00.063021
Task,"(163, '2019-10-29T03:12:27.455411', {'digest': 'C38B226D489D312EE7FC940C42E5651046F8827AFF9D8226CF06BAFA6591B217'}, '000a5315ed702640dfc0384a8abb690498a8e486ab2359b054663a2d04d9d36f', '000da3cea533050ec4f161d4e8d0490f52ec4a2fd88a52c02c09a1d0aa687a1e', 9937, 'DB')",Start_time,2019-10-28 23:12:27.455411,End_time,2019-10-28 23:12:27.517382,Duration,0:00:00.061971
Task,"(164, '2019-10-29T03:12:37.546381', {'digest': 'C38B226D489D312EE7FC940C42E5651046F8827AFF9D8226CF06BAFA6591B217'}, '000a1e088e38f0491c77c25441d416e842ac6573ebdc3138408e1efcc8403693', '000a5315ed702640dfc0384a8abb690498a8e486ab2359b054663a2d04d9d36f', 902, 'DB')",Start_time,2019-10-28 23:12:37.546381,End_time,2019-10-28 23:12:37.549381,Duration,0:00:00.003000
Task,"(165, '2019-10-29T03:12:47.576383', {'digest': 'C38B226D489D312EE7FC940C42E5651046F8827AFF9D8226CF06BAFA6591B217'}, '000973e69decf899b7ea2952762768dabd136f43e163750ed1dbbb6410333937', '000a1e088e38f0491c77c25441d416e842ac6573ebdc3138408e1efcc8403693', 1029, 'DB')",Start_time,2019-10-28 23:12:47.576383,End_time,2019-10-28 23:12:47.580382,Duration,0:00:00.003999
Task,"(166, '2019-10-29T03:12:57.605383', {'digest': 'C38B226D489D312EE7FC940C42E5651046F8827AFF9D8226CF06BAFA6591B217'}, '000a0ae6fe798792937542365f5dada72bb170d0e75c61f42290e834b997207c', '000973e69decf899b7ea2952762768dabd136f43e163750ed1dbbb6410333937', 3156, 'DB')",Start_time,2019-10-28 23:12:57.605383,End_time,2019-10-28 23:12:57.618382,Duration,0:00:00.012999
Task,"(167, '2019-10-29T03:12:57.619382', <LC.TB_data object at 0x00000200AFC28898>, '00048cc0d8d49ea761afa3c5b64016636d6e5c5b765bc8ab6e8d78579931f4dd', '000a0ae6fe798792937542365f5dada72bb170d0e75c61f42290e834b997207c', 819, 'TB')",Start_time,2019-10-28 23:12:57.619382,End_time,2019-10-28 23:12:57.624385,Duration,0:00:00.005003
Task,"(168, '2019-10-29T03:13:07.819382', 'Relative Genesis Block', '0009757bf4e14ab87458a7657b8bd9dc1470d1a513c04b72cf572f075ab81015', '00048cc0d8d49ea761afa3c5b64016636d6e5c5b765bc8ab6e8d78579931f4dd', 1211, 'RGB')",Start_time,2019-10-28 23:13:07.819382,End_time,2019-10-28 23:13:07.827421,Duration,0:00:00.008039
Task,"(169, '2019-10-29T03:13:07.832405', {'digest': 'C38B226D489D312EE7FC940C42E5651046F8827AFF9D8226CF06BAFA6591B217'}, '000808190df9e7f836bb9cf60cd5b89dee90a318bc3c14c9396cf239d35e9250', '0009757bf4e14ab87458a7657b8bd9dc1470d1a513c04b72cf572f075ab81015', 1531, 'DB')",Start_time,2019-10-28 23:13:07.832405,End_time,2019-10-28 23:13:07.841404,Duration,0:00:00.008999
Task,"(170, '2019-10-29T03:13:17.870382', {'digest': 'C38B226D489D312EE7FC940C42E5651046F8827AFF9D8226CF06BAFA6591B217'}, '000c08c957d0630b12e315820898979cf3e5117371cbbe97c8fc88fe7e27843e', '000808190df9e7f836bb9cf60cd5b89dee90a318bc3c14c9396cf239d35e9250', 3819, 'DB')",Start_time,2019-10-28 23:13:17.870382,End_time,2019-10-28 23:13:17.887400,Duration,0:00:00.017018
Task,"(171, '2019-10-29T03:13:27.920383', {'digest': 'C38B226D489D312EE7FC940C42E5651046F8827AFF9D8226CF06BAFA6591B217'}, '0008d5153e28c41aa1b9b2c78ed4c962c00194d465bd3f475c814662fffb1b92', '000c08c957d0630b12e315820898979cf3e5117371cbbe97c8fc88fe7e27843e', 2973, 'DB')",Start_time,2019-10-28 23:13:27.920383,End_time,2019-10-28 23:13:27.929380,Duration,0:00:00.008997
Task,"(172, '2019-10-29T03:13:37.956382', {'digest': 'C38B226D489D312EE7FC940C42E5651046F8827AFF9D8226CF06BAFA6591B217'}, '000c4ff43047914180fc0167baba97310c28f7149c2d98ab6baf4ad891d66a31', '0008d5153e28c41aa1b9b2c78ed4c962c00194d465bd3f475c814662fffb1b92', 3302, 'DB')",Start_time,2019-10-28 23:13:37.956382,End_time,2019-10-28 23:13:37.969379,Duration,0:00:00.012997
Task,"(173, '2019-10-29T03:13:47.993598', {'digest': 'C38B226D489D312EE7FC940C42E5651046F8827AFF9D8226CF06BAFA6591B217'}, '000494fed807c0a6f23f06ed7b32cbb0fc3b928954a12cc81f2a20199afc363c', '000c4ff43047914180fc0167baba97310c28f7149c2d98ab6baf4ad891d66a31', 1136, 'DB')",Start_time,2019-10-28 23:13:47.993598,End_time,2019-10-28 23:13:47.998601,Duration,0:00:00.005003
Task,"(174, '2019-10-29T03:13:58.023603', {'digest': 'C38B226D489D312EE7FC940C42E5651046F8827AFF9D8226CF06BAFA6591B217'}, '0009fa8154bc9e28597fc27285978906393bf6ff522ab3c12007c5430c0c395d', '000494fed807c0a6f23f06ed7b32cbb0fc3b928954a12cc81f2a20199afc363c', 4852, 'DB')",Start_time,2019-10-28 23:13:58.023603,End_time,2019-10-28 23:13:58.050600,Duration,0:00:00.026997
Task,"(175, '2019-10-29T03:14:08.074632', {'digest': 'C38B226D489D312EE7FC940C42E5651046F8827AFF9D8226CF06BAFA6591B217'}, '000f3f905ed9d7a5ae4c30d3ffee65b9bae309e1099a1b20f5f14a65fde31895', '0009fa8154bc9e28597fc27285978906393bf6ff522ab3c12007c5430c0c395d', 5839, 'DB')",Start_time,2019-10-28 23:14:08.074632,End_time,2019-10-28 23:14:08.097641,Duration,0:00:00.023009
Task,"(176, '2019-10-29T03:14:18.124631', {'digest': 'C38B226D489D312EE7FC940C42E5651046F8827AFF9D8226CF06BAFA6591B217'}, '00036fe473a456fa1104cc5edc7bdd2e63b4097008d1ac24a56c6e542b8083f7', '000f3f905ed9d7a5ae4c30d3ffee65b9bae309e1099a1b20f5f14a65fde31895', 3916, 'DB')",Start_time,2019-10-28 23:14:18.124631,End_time,2019-10-28 23:14:18.145629,Duration,0:00:00.020998
Task,"(177, '2019-10-29T03:14:28.174631', {'digest': 'C38B226D489D312EE7FC940C42E5651046F8827AFF9D8226CF06BAFA6591B217'}, '000376745ceb208b34319515b5cbc9430119ada54f21f6f81aeb4907b15e04c1', '00036fe473a456fa1104cc5edc7bdd2e63b4097008d1ac24a56c6e542b8083f7', 8802, 'DB')",Start_time,2019-10-28 23:14:28.174631,End_time,2019-10-28 23:14:28.206664,Duration,0:00:00.032033
Task,"(178, '2019-10-29T03:14:38.228630', {'digest': 'C38B226D489D312EE7FC940C42E5651046F8827AFF9D8226CF06BAFA6591B217'}, '0008196bb779f25cca8282bc6b49ea8507b2ee597a3773992a10eed18e6fc908', '000376745ceb208b34319515b5cbc9430119ada54f21f6f81aeb4907b15e04c1', 815, 'DB')",Start_time,2019-10-28 23:14:38.228630,End_time,2019-10-28 23:14:38.232665,Duration,0:00:00.004035
Task,"(179, '2019-10-29T03:14:38.233666', <LC.TB_data object at 0x00000200AFC0DEB8>, '000163bdff43af1fb1375c3c717d7e76b820313af05a3f6907123c0ae0f9e42b', '0008196bb779f25cca8282bc6b49ea8507b2ee597a3773992a10eed18e6fc908', 3046, 'TB')",Start_time,2019-10-28 23:14:38.233666,End_time,2019-10-28 23:14:38.247630,Duration,0:00:00.013964
Task,"(180, '2019-10-29T03:14:48.431848', 'Relative Genesis Block', '000fa64cbc312b1c07a6a4c6bdc1ca9d980c37abf8bb54f63931cf09f8b613ff', '000163bdff43af1fb1375c3c717d7e76b820313af05a3f6907123c0ae0f9e42b', 44, 'RGB')",Start_time,2019-10-28 23:14:48.431848,End_time,2019-10-28 23:14:48.431848,Duration,0:00:00
Task,"(181, '2019-10-29T03:14:48.434847', {'digest': 'C38B226D489D312EE7FC940C42E5651046F8827AFF9D8226CF06BAFA6591B217'}, '00017cf1f8250114d978700b89806848005a4b4ade8693638c1112bd98ce8ebe', '000fa64cbc312b1c07a6a4c6bdc1ca9d980c37abf8bb54f63931cf09f8b613ff', 12087, 'DB')",Start_time,2019-10-28 23:14:48.434847,End_time,2019-10-28 23:14:48.473843,Duration,0:00:00.038996
Task,"(182, '2019-10-29T03:14:58.493005', {'digest': 'C38B226D489D312EE7FC940C42E5651046F8827AFF9D8226CF06BAFA6591B217'}, '000ded86f4309509021a1fdbc30e74bc9e5877e6c8456f4ff6f5bbbeea1ee57f', '00017cf1f8250114d978700b89806848005a4b4ade8693638c1112bd98ce8ebe', 5174, 'DB')",Start_time,2019-10-28 23:14:58.493005,End_time,2019-10-28 23:14:58.511009,Duration,0:00:00.018004
Task,"(183, '2019-10-29T03:15:08.540006', {'digest': 'C38B226D489D312EE7FC940C42E5651046F8827AFF9D8226CF06BAFA6591B217'}, '0003d3ba74b5bdff10132c795de8e4e09a747b8473d22ecacede072ce9a71674', '000ded86f4309509021a1fdbc30e74bc9e5877e6c8456f4ff6f5bbbeea1ee57f', 10553, 'DB')",Start_time,2019-10-28 23:15:08.540006,End_time,2019-10-28 23:15:08.582002,Duration,0:00:00.041996
Task,"(184, '2019-10-29T03:15:18.609006', {'digest': 'C38B226D489D312EE7FC940C42E5651046F8827AFF9D8226CF06BAFA6591B217'}, '0006d0b2c5a24da3e2bc9e6fa9b1afeffc6c87d4092dfe6191b9b61a5fc9a857', '0003d3ba74b5bdff10132c795de8e4e09a747b8473d22ecacede072ce9a71674', 5862, 'DB')",Start_time,2019-10-28 23:15:18.609006,End_time,2019-10-28 23:15:18.638003,Duration,0:00:00.028997
Task,"(185, '2019-10-29T03:15:28.667009', {'digest': 'C38B226D489D312EE7FC940C42E5651046F8827AFF9D8226CF06BAFA6591B217'}, '000ba70e8c75331548d7247109dfb4e5c407c6d886caf89acf308819df53ae63', '0006d0b2c5a24da3e2bc9e6fa9b1afeffc6c87d4092dfe6191b9b61a5fc9a857', 3837, 'DB')",Start_time,2019-10-28 23:15:28.667009,End_time,2019-10-28 23:15:28.684003,Duration,0:00:00.016994
Task,"(186, '2019-10-29T03:15:38.714007', {'digest': 'C38B226D489D312EE7FC940C42E5651046F8827AFF9D8226CF06BAFA6591B217'}, '000e7989feaa038c4e208d73ff8749107cd447bc27dbb429f4b9c847a8d9d064', '000ba70e8c75331548d7247109dfb4e5c407c6d886caf89acf308819df53ae63', 1579, 'DB')",Start_time,2019-10-28 23:15:38.714007,End_time,2019-10-28 23:15:38.721009,Duration,0:00:00.007002
Task,"(187, '2019-10-29T03:15:48.750007', {'digest': 'C38B226D489D312EE7FC940C42E5651046F8827AFF9D8226CF06BAFA6591B217'}, '00074a99b33ec85ca0b59b2d25b7cdf025ef37a38de3ea8bb72d8f8030053b85', '000e7989feaa038c4e208d73ff8749107cd447bc27dbb429f4b9c847a8d9d064', 2999, 'DB')",Start_time,2019-10-28 23:15:48.750007,End_time,2019-10-28 23:15:48.764043,Duration,0:00:00.014036
Task,"(188, '2019-10-29T03:15:58.795004', {'digest': 'C38B226D489D312EE7FC940C42E5651046F8827AFF9D8226CF06BAFA6591B217'}, '00009c018e7f1e557f5d35b3afd0c6322469ffe2bac83663a3702b16d5683410', '00074a99b33ec85ca0b59b2d25b7cdf025ef37a38de3ea8bb72d8f8030053b85', 8541, 'DB')",Start_time,2019-10-28 23:15:58.795004,End_time,2019-10-28 23:15:58.828042,Duration,0:00:00.033038
Task,"(189, '2019-10-29T03:16:08.857007', {'digest': 'C38B226D489D312EE7FC940C42E5651046F8827AFF9D8226CF06BAFA6591B217'}, '000936cff964f36e8c149068e74cc916541c88ca44d0bd0bee828d4c3d8c25db', '00009c018e7f1e557f5d35b3afd0c6322469ffe2bac83663a3702b16d5683410', 8613, 'DB')",Start_time,2019-10-28 23:16:08.857007,End_time,2019-10-28 23:16:08.890039,Duration,0:00:00.033032
Task,"(190, '2019-10-29T03:16:18.917011', {'digest': 'C38B226D489D312EE7FC940C42E5651046F8827AFF9D8226CF06BAFA6591B217'}, '000723951c598ba0374078779ded369a8f8da93d7ee92f97b0edbd64f8382748', '000936cff964f36e8c149068e74cc916541c88ca44d0bd0bee828d4c3d8c25db', 273, 'DB')",Start_time,2019-10-28 23:16:18.917011,End_time,2019-10-28 23:16:18.917011,Duration,0:00:00
Task,"(191, '2019-10-29T03:16:18.919004', <LC.TB_data object at 0x00000200AFC3B5C0>, '0004d01a8f80b61be5ea4b0a4afc225feafdd13fdf41afa22954ac2ede6d2681', '000723951c598ba0374078779ded369a8f8da93d7ee92f97b0edbd64f8382748', 1209, 'TB')",Start_time,2019-10-28 23:16:18.919004,End_time,2019-10-28 23:16:18.923009,Duration,0:00:00.004005
Task,"(192, '2019-10-29T03:16:29.085005', 'Relative Genesis Block', '00090ea41daaa8a9b478c3880a62ba1f55dff642cbb8591e769eb8f0ffcfdb80', '0004d01a8f80b61be5ea4b0a4afc225feafdd13fdf41afa22954ac2ede6d2681', 6170, 'RGB')",Start_time,2019-10-28 23:16:29.085005,End_time,2019-10-28 23:16:29.113003,Duration,0:00:00.027998
Task,"(193, '2019-10-29T03:16:29.114003', {'digest': 'C38B226D489D312EE7FC940C42E5651046F8827AFF9D8226CF06BAFA6591B217'}, '0001a03d3884453073a0c3107d61ea52fd7d49a59a90065b1cdb15a2531014f4', '00090ea41daaa8a9b478c3880a62ba1f55dff642cbb8591e769eb8f0ffcfdb80', 254, 'DB')",Start_time,2019-10-28 23:16:29.114003,End_time,2019-10-28 23:16:29.115005,Duration,0:00:00.001002
Task,"(194, '2019-10-29T03:16:39.142007', {'digest': 'C38B226D489D312EE7FC940C42E5651046F8827AFF9D8226CF06BAFA6591B217'}, '0008917a6992a8e13e06521f77c10c5af4af4d76a4d284533f5d10d333a4df0b', '0001a03d3884453073a0c3107d61ea52fd7d49a59a90065b1cdb15a2531014f4', 2323, 'DB')",Start_time,2019-10-28 23:16:39.142007,End_time,2019-10-28 23:16:39.151018,Duration,0:00:00.009011
Task,"(195, '2019-10-29T03:16:49.181023', {'digest': 'C38B226D489D312EE7FC940C42E5651046F8827AFF9D8226CF06BAFA6591B217'}, '0005e7484b3ae8991948f62ca5795f05d64823b50f6f5ed1f870118f466cb726', '0008917a6992a8e13e06521f77c10c5af4af4d76a4d284533f5d10d333a4df0b', 5329, 'DB')",Start_time,2019-10-28 23:16:49.181023,End_time,2019-10-28 23:16:49.208044,Duration,0:00:00.027021
Task,"(196, '2019-10-29T03:16:59.239005', {'digest': 'C38B226D489D312EE7FC940C42E5651046F8827AFF9D8226CF06BAFA6591B217'}, '0002ce4abf4d6920a4737024caa3c5f5f2ac5ed6adabb2579ca0aa9be6700954', '0005e7484b3ae8991948f62ca5795f05d64823b50f6f5ed1f870118f466cb726', 6936, 'DB')",Start_time,2019-10-28 23:16:59.239005,End_time,2019-10-28 23:16:59.268041,Duration,0:00:00.029036
Task,"(197, '2019-10-29T03:17:09.297005', {'digest': 'C38B226D489D312EE7FC940C42E5651046F8827AFF9D8226CF06BAFA6591B217'}, '000d367812f4651a123cc8ac5c83360e07bd6bc9b17f433aedefd52e8d55b232', '0002ce4abf4d6920a4737024caa3c5f5f2ac5ed6adabb2579ca0aa9be6700954', 1659, 'DB')",Start_time,2019-10-28 23:17:09.297005,End_time,2019-10-28 23:17:09.302007,Duration,0:00:00.005002
Task,"(198, '2019-10-29T03:17:19.330007', {'digest': 'C38B226D489D312EE7FC940C42E5651046F8827AFF9D8226CF06BAFA6591B217'}, '00030327b969e720282ddc4d70d69719a73fd55695e29d5ddb16eb293967e519', '000d367812f4651a123cc8ac5c83360e07bd6bc9b17f433aedefd52e8d55b232', 237, 'DB')",Start_time,2019-10-28 23:17:19.330007,End_time,2019-10-28 23:17:19.331007,Duration,0:00:00.001000
Task,"(199, '2019-10-29T03:17:29.439005', {'digest': 'C38B226D489D312EE7FC940C42E5651046F8827AFF9D8226CF06BAFA6591B217'}, '000b8848231e5d9f6868349c71c6796c346b13c99ed33b2ecda0aa86d6e5c05e', '00030327b969e720282ddc4d70d69719a73fd55695e29d5ddb16eb293967e519', 280, 'DB')",Start_time,2019-10-28 23:17:29.439005,End_time,2019-10-28 23:17:29.441004,Duration,0:00:00.001999
Task,"(200, '2019-10-29T03:17:39.467007', {'digest': 'C38B226D489D312EE7FC940C42E5651046F8827AFF9D8226CF06BAFA6591B217'}, '000540ef84e07f3604ec1449aed1c1bfec7f273ee6bb86532aab070d5a802584', '000b8848231e5d9f6868349c71c6796c346b13c99ed33b2ecda0aa86d6e5c05e', 5208, 'DB')",Start_time,2019-10-28 23:17:39.467007,End_time,2019-10-28 23:17:39.492007,Duration,0:00:00.025000
Task,"(201, '2019-10-29T03:17:49.519045', {'digest': 'C38B226D489D312EE7FC940C42E5651046F8827AFF9D8226CF06BAFA6591B217'}, '000413fd168d7720bd05a3d53369994df0ea9b7ac4a9564720dcda7e4834dc5e', '000540ef84e07f3604ec1449aed1c1bfec7f273ee6bb86532aab070d5a802584', 11873, 'DB')",Start_time,2019-10-28 23:17:49.519045,End_time,2019-10-28 23:17:49.560038,Duration,0:00:00.040993
Task,"(202, '2019-10-29T03:17:59.582006', {'digest': 'C38B226D489D312EE7FC940C42E5651046F8827AFF9D8226CF06BAFA6591B217'}, '000c6388f3a788f0866cb427a2a78caa264b1433448a612e130fd95df1a2046e', '000413fd168d7720bd05a3d53369994df0ea9b7ac4a9564720dcda7e4834dc5e', 41593, 'DB')",Start_time,2019-10-28 23:17:59.582006,End_time,2019-10-28 23:17:59.678051,Duration,0:00:00.096045
Task,"(203, '2019-10-29T03:17:59.679005', <LC.TB_data object at 0x00000200AFBDF048>, '0005331bed73e35a17430176e987457798a44d27ecd615439f002524e6a394ec', '000c6388f3a788f0866cb427a2a78caa264b1433448a612e130fd95df1a2046e', 2196, 'TB')",Start_time,2019-10-28 23:17:59.679005,End_time,2019-10-28 23:17:59.684038,Duration,0:00:00.005033
Task,"(204, '2019-10-29T03:18:09.835005', 'Relative Genesis Block', '0003615a4d2f505073cd94a6509a4d9a1b5dd408d36a8a919dea0770eb470450', '0005331bed73e35a17430176e987457798a44d27ecd615439f002524e6a394ec', 748, 'RGB')",Start_time,2019-10-28 23:18:09.835005,End_time,2019-10-28 23:18:09.838043,Duration,0:00:00.003038
Task,"(205, '2019-10-29T03:18:09.840006', {'digest': 'C38B226D489D312EE7FC940C42E5651046F8827AFF9D8226CF06BAFA6591B217'}, '000dd49b6ec6648888b43bbeac3d7415c2fb397e27521189b5567704cf86c471', '0003615a4d2f505073cd94a6509a4d9a1b5dd408d36a8a919dea0770eb470450', 9147, 'DB')",Start_time,2019-10-28 23:18:09.840006,End_time,2019-10-28 23:18:09.871039,Duration,0:00:00.031033
Task,"(206, '2019-10-29T03:18:19.894006', {'digest': 'C38B226D489D312EE7FC940C42E5651046F8827AFF9D8226CF06BAFA6591B217'}, '000475b778d7e0b79c6cf791a6d92b4e99a44bb91880896b4fe49b84a81024d0', '000dd49b6ec6648888b43bbeac3d7415c2fb397e27521189b5567704cf86c471', 3997, 'DB')",Start_time,2019-10-28 23:18:19.894006,End_time,2019-10-28 23:18:19.912008,Duration,0:00:00.018002
Task,"(207, '2019-10-29T03:18:29.941004', {'digest': 'C38B226D489D312EE7FC940C42E5651046F8827AFF9D8226CF06BAFA6591B217'}, '000d553cd76c620e9560b9422e0fc21370b4177328933ed09ae49d11e8f01b6d', '000475b778d7e0b79c6cf791a6d92b4e99a44bb91880896b4fe49b84a81024d0', 15351, 'DB')",Start_time,2019-10-28 23:18:29.941004,End_time,2019-10-28 23:18:29.987004,Duration,0:00:00.046000
Task,"(208, '2019-10-29T03:18:40.014266', {'digest': 'C38B226D489D312EE7FC940C42E5651046F8827AFF9D8226CF06BAFA6591B217'}, '000d362c4f3e234375f1d2e21d8ff6b894410af21909a9b6a55d80c6198d8843', '000d553cd76c620e9560b9422e0fc21370b4177328933ed09ae49d11e8f01b6d', 1707, 'DB')",Start_time,2019-10-28 23:18:40.014266,End_time,2019-10-28 23:18:40.021268,Duration,0:00:00.007002
Task,"(209, '2019-10-29T03:18:50.042639', {'digest': 'C38B226D489D312EE7FC940C42E5651046F8827AFF9D8226CF06BAFA6591B217'}, '00011b1431c403d6809643584395cab0fa657fb0f0717999e2fe8864dbf409b1', '000d362c4f3e234375f1d2e21d8ff6b894410af21909a9b6a55d80c6198d8843', 5200, 'DB')",Start_time,2019-10-28 23:18:50.042639,End_time,2019-10-28 23:18:50.071658,Duration,0:00:00.029019
Task,"(210, '2019-10-29T03:19:00.096678', {'digest': 'C38B226D489D312EE7FC940C42E5651046F8827AFF9D8226CF06BAFA6591B217'}, '000e50e8556a4b6d4957ce39b4328773bdea3ae1f779a4f09175b1b24f74240e', '00011b1431c403d6809643584395cab0fa657fb0f0717999e2fe8864dbf409b1', 2197, 'DB')",Start_time,2019-10-28 23:19:00.096678,End_time,2019-10-28 23:19:00.104639,Duration,0:00:00.007961
Task,"(211, '2019-10-29T03:19:10.127639', {'digest': 'C38B226D489D312EE7FC940C42E5651046F8827AFF9D8226CF06BAFA6591B217'}, '000e284c27b1a50b04984fce2f986b24a76badced274df93bc4f1baa4cac314c', '000e50e8556a4b6d4957ce39b4328773bdea3ae1f779a4f09175b1b24f74240e', 12325, 'DB')",Start_time,2019-10-28 23:19:10.127639,End_time,2019-10-28 23:19:10.178671,Duration,0:00:00.051032
Task,"(212, '2019-10-29T03:19:20.201640', {'digest': 'C38B226D489D312EE7FC940C42E5651046F8827AFF9D8226CF06BAFA6591B217'}, '0003b235a46aa91a3285ec844dfb5c44fac213ff2425ad02848df98b19616644', '000e284c27b1a50b04984fce2f986b24a76badced274df93bc4f1baa4cac314c', 451, 'DB')",Start_time,2019-10-28 23:19:20.201640,End_time,2019-10-28 23:19:20.203639,Duration,0:00:00.001999
Task,"(213, '2019-10-29T03:19:30.230524', {'digest': 'C38B226D489D312EE7FC940C42E5651046F8827AFF9D8226CF06BAFA6591B217'}, '00024b522d33c3066b1e57494d46dc6bd56dc98e19c93802cabab16a22cb2a30', '0003b235a46aa91a3285ec844dfb5c44fac213ff2425ad02848df98b19616644', 2313, 'DB')",Start_time,2019-10-28 23:19:30.230524,End_time,2019-10-28 23:19:30.241556,Duration,0:00:00.011032
Task,"(214, '2019-10-29T03:19:40.268869', {'digest': 'C38B226D489D312EE7FC940C42E5651046F8827AFF9D8226CF06BAFA6591B217'}, '000726f261b2f6e71636b47275c6203b12d5afd6c3ec2af4e11d57b43562b6ef', '00024b522d33c3066b1e57494d46dc6bd56dc98e19c93802cabab16a22cb2a30', 39681, 'DB')",Start_time,2019-10-28 23:19:40.268869,End_time,2019-10-28 23:19:40.376863,Duration,0:00:00.107994
Task,"(215, '2019-10-29T03:19:40.377905', <LC.TB_data object at 0x00000200AFC28860>, '0008f57c4d206608176e64ef8b71ca577abdefa2a24b0b49421b75ac75f49cfc', '000726f261b2f6e71636b47275c6203b12d5afd6c3ec2af4e11d57b43562b6ef', 9017, 'TB')",Start_time,2019-10-28 23:19:40.377905,End_time,2019-10-28 23:19:40.401867,Duration,0:00:00.023962
Task,"(216, '2019-10-29T03:19:50.598191', 'Relative Genesis Block', '0009e051a79c8c95974ffb9775c2ffc9a060afdbe45b6ef884122eec653fff32', '0008f57c4d206608176e64ef8b71ca577abdefa2a24b0b49421b75ac75f49cfc', 3023, 'RGB')",Start_time,2019-10-28 23:19:50.598191,End_time,2019-10-28 23:19:50.608190,Duration,0:00:00.009999
Task,"(217, '2019-10-29T03:19:50.610195', {'digest': 'C38B226D489D312EE7FC940C42E5651046F8827AFF9D8226CF06BAFA6591B217'}, '000710ab51097fc87f55ce6198e77d011ad7531266ba1ce87c4eb521b5b11a0f', '0009e051a79c8c95974ffb9775c2ffc9a060afdbe45b6ef884122eec653fff32', 284, 'DB')",Start_time,2019-10-28 23:19:50.610195,End_time,2019-10-28 23:19:50.611191,Duration,0:00:00.000996
Task,"(218, '2019-10-29T03:20:00.633230', {'digest': 'C38B226D489D312EE7FC940C42E5651046F8827AFF9D8226CF06BAFA6591B217'}, '000186d08c0d254e1b2ed70f5ea84f66173b7d8660c7030ea8d9df701356c832', '000710ab51097fc87f55ce6198e77d011ad7531266ba1ce87c4eb521b5b11a0f', 20457, 'DB')",Start_time,2019-10-28 23:20:00.633230,End_time,2019-10-28 23:20:00.694226,Duration,0:00:00.060996
Task,"(219, '2019-10-29T03:20:10.718512', {'digest': 'C38B226D489D312EE7FC940C42E5651046F8827AFF9D8226CF06BAFA6591B217'}, '000f73c8c55fd3dd27546444e0f6f6b5682170f7db7c95be05e2227fd01e92c6', '000186d08c0d254e1b2ed70f5ea84f66173b7d8660c7030ea8d9df701356c832', 3705, 'DB')",Start_time,2019-10-28 23:20:10.718512,End_time,2019-10-28 23:20:10.736511,Duration,0:00:00.017999
Task,"(220, '2019-10-29T03:20:20.763513', {'digest': 'C38B226D489D312EE7FC940C42E5651046F8827AFF9D8226CF06BAFA6591B217'}, '000de79bb86a557a5c9a48518b471c13d9a755d673fa05fd5bcd15a6adf353bb', '000f73c8c55fd3dd27546444e0f6f6b5682170f7db7c95be05e2227fd01e92c6', 1095, 'DB')",Start_time,2019-10-28 23:20:20.763513,End_time,2019-10-28 23:20:20.768513,Duration,0:00:00.005000
Task,"(221, '2019-10-29T03:20:30.792514', {'digest': 'C38B226D489D312EE7FC940C42E5651046F8827AFF9D8226CF06BAFA6591B217'}, '000a5bc64d98c2884266678477e65187ffebf5cfc314444af89dfd147faef569', '000de79bb86a557a5c9a48518b471c13d9a755d673fa05fd5bcd15a6adf353bb', 8232, 'DB')",Start_time,2019-10-28 23:20:30.792514,End_time,2019-10-28 23:20:30.827509,Duration,0:00:00.034995
Task,"(222, '2019-10-29T03:20:40.850516', {'digest': 'C38B226D489D312EE7FC940C42E5651046F8827AFF9D8226CF06BAFA6591B217'}, '0003e8e215b3c6c09629339b5db0d33d7ae9d0d3d1b84997f673d408883451cb', '000a5bc64d98c2884266678477e65187ffebf5cfc314444af89dfd147faef569', 897, 'DB')",Start_time,2019-10-28 23:20:40.850516,End_time,2019-10-28 23:20:40.852511,Duration,0:00:00.001995
Task,"(223, '2019-10-29T03:20:50.881511', {'digest': 'C38B226D489D312EE7FC940C42E5651046F8827AFF9D8226CF06BAFA6591B217'}, '00056092c197c541072a2c50194eddb94906d7ef5f5f2f01616a26aad5de37c4', '0003e8e215b3c6c09629339b5db0d33d7ae9d0d3d1b84997f673d408883451cb', 6665, 'DB')",Start_time,2019-10-28 23:20:50.881511,End_time,2019-10-28 23:20:50.912512,Duration,0:00:00.031001
Task,"(224, '2019-10-29T03:21:00.939514', {'digest': 'C38B226D489D312EE7FC940C42E5651046F8827AFF9D8226CF06BAFA6591B217'}, '00076ddfe1744b96f66a99ae97bfda694cba6e0341ff68522643a2d0a2df303b', '00056092c197c541072a2c50194eddb94906d7ef5f5f2f01616a26aad5de37c4', 597, 'DB')",Start_time,2019-10-28 23:21:00.939514,End_time,2019-10-28 23:21:00.941511,Duration,0:00:00.001997
Task,"(225, '2019-10-29T03:21:10.971513', {'digest': 'C38B226D489D312EE7FC940C42E5651046F8827AFF9D8226CF06BAFA6591B217'}, '000e1837d027ceb1253ec5208c9d8bac4ddc94ebdb43135d903db2788859f635', '00076ddfe1744b96f66a99ae97bfda694cba6e0341ff68522643a2d0a2df303b', 15095, 'DB')",Start_time,2019-10-28 23:21:10.971513,End_time,2019-10-28 23:21:11.031547,Duration,0:00:00.060034
Task,"(226, '2019-10-29T03:21:21.054512', {'digest': 'C38B226D489D312EE7FC940C42E5651046F8827AFF9D8226CF06BAFA6591B217'}, '0003ac5d44a8f6debf8384ffa921a2e72135ab8fb8259d2457920d8987a6fc93', '000e1837d027ceb1253ec5208c9d8bac4ddc94ebdb43135d903db2788859f635', 5184, 'DB')",Start_time,2019-10-28 23:21:21.054512,End_time,2019-10-28 23:21:21.073514,Duration,0:00:00.019002
Task,"(227, '2019-10-29T03:21:21.075518', <LC.TB_data object at 0x00000200AFC1E080>, '0005fd65c5dc92ac8fbe685148432242c5480d20ea9fb64978382ce6be049a12', '0003ac5d44a8f6debf8384ffa921a2e72135ab8fb8259d2457920d8987a6fc93', 1010, 'TB')",Start_time,2019-10-28 23:21:21.075518,End_time,2019-10-28 23:21:21.080512,Duration,0:00:00.004994
Task,"(228, '2019-10-29T03:21:31.263516', 'Relative Genesis Block', '00039bae95bd457d67281abfe4779b3c05bcbdbcd2247dc16813c1a48179df03', '0005fd65c5dc92ac8fbe685148432242c5480d20ea9fb64978382ce6be049a12', 8105, 'RGB')",Start_time,2019-10-28 23:21:31.263516,End_time,2019-10-28 23:21:31.291509,Duration,0:00:00.027993
Task,"(229, '2019-10-29T03:21:31.292511', {'digest': 'C38B226D489D312EE7FC940C42E5651046F8827AFF9D8226CF06BAFA6591B217'}, '0007fbb2b128ae919c10ab37e9f9a48128a88ca5745cdcc6e91ac50e3fe63e15', '00039bae95bd457d67281abfe4779b3c05bcbdbcd2247dc16813c1a48179df03', 3408, 'DB')",Start_time,2019-10-28 23:21:31.292511,End_time,2019-10-28 23:21:31.301511,Duration,0:00:00.009000
Task,"(230, '2019-10-29T03:21:41.326919', {'digest': 'C38B226D489D312EE7FC940C42E5651046F8827AFF9D8226CF06BAFA6591B217'}, '000de7409c0b081e88879c7e6a40b25b2755c4fa85e8fae5847b1a0f705172d3', '0007fbb2b128ae919c10ab37e9f9a48128a88ca5745cdcc6e91ac50e3fe63e15', 15380, 'DB')",Start_time,2019-10-28 23:21:41.326919,End_time,2019-10-28 23:21:41.376945,Duration,0:00:00.050026
Task,"(231, '2019-10-29T03:21:51.404107', {'digest': 'C38B226D489D312EE7FC940C42E5651046F8827AFF9D8226CF06BAFA6591B217'}, '000fd7bd4a874b2130b41ec50af29441b7bba112049f79d7a5cc27a0c743243d', '000de7409c0b081e88879c7e6a40b25b2755c4fa85e8fae5847b1a0f705172d3', 3612, 'DB')",Start_time,2019-10-28 23:21:51.404107,End_time,2019-10-28 23:21:51.426106,Duration,0:00:00.021999
Task,"(232, '2019-10-29T03:22:01.450101', {'digest': 'C38B226D489D312EE7FC940C42E5651046F8827AFF9D8226CF06BAFA6591B217'}, '00027dcd83d1fb1940f06138c88c46370d0586e40b3d67ee11e9e9451b85bca6', '000fd7bd4a874b2130b41ec50af29441b7bba112049f79d7a5cc27a0c743243d', 594, 'DB')",Start_time,2019-10-28 23:22:01.450101,End_time,2019-10-28 23:22:01.453101,Duration,0:00:00.003000
Task,"(233, '2019-10-29T03:22:11.479245', {'digest': 'C38B226D489D312EE7FC940C42E5651046F8827AFF9D8226CF06BAFA6591B217'}, '000a56d5ec85bc927e1a043c461eda1137af7b3bc771655b9c83646cd33ffbb0', '00027dcd83d1fb1940f06138c88c46370d0586e40b3d67ee11e9e9451b85bca6', 8116, 'DB')",Start_time,2019-10-28 23:22:11.479245,End_time,2019-10-28 23:22:11.513237,Duration,0:00:00.033992
Task,"(234, '2019-10-29T03:22:21.539395', {'digest': 'C38B226D489D312EE7FC940C42E5651046F8827AFF9D8226CF06BAFA6591B217'}, '0002276334ab7ad36bb5ea6e9370f7d230f9330e0b743ceb28cbaa8a51c965cf', '000a56d5ec85bc927e1a043c461eda1137af7b3bc771655b9c83646cd33ffbb0', 5777, 'DB')",Start_time,2019-10-28 23:22:21.539395,End_time,2019-10-28 23:22:21.567429,Duration,0:00:00.028034
Task,"(235, '2019-10-29T03:22:31.590396', {'digest': 'C38B226D489D312EE7FC940C42E5651046F8827AFF9D8226CF06BAFA6591B217'}, '00062af2455f4bbb881ed101c43c25098c51f079d6a41befa8c54494145d0fa8', '0002276334ab7ad36bb5ea6e9370f7d230f9330e0b743ceb28cbaa8a51c965cf', 1038, 'DB')",Start_time,2019-10-28 23:22:31.590396,End_time,2019-10-28 23:22:31.596394,Duration,0:00:00.005998
Task,"(236, '2019-10-29T03:22:41.622395', {'digest': 'C38B226D489D312EE7FC940C42E5651046F8827AFF9D8226CF06BAFA6591B217'}, '000b066b22da772b0e9e7be5ddf4efafacc55de0aec3051d50ce79de55f42d03', '00062af2455f4bbb881ed101c43c25098c51f079d6a41befa8c54494145d0fa8', 611, 'DB')",Start_time,2019-10-28 23:22:41.622395,End_time,2019-10-28 23:22:41.624395,Duration,0:00:00.002000
Task,"(237, '2019-10-29T03:22:51.650395', {'digest': 'C38B226D489D312EE7FC940C42E5651046F8827AFF9D8226CF06BAFA6591B217'}, '0001867617e5a447fa1536d2a341fd84a48c2577209646294c0725cdce400bf0', '000b066b22da772b0e9e7be5ddf4efafacc55de0aec3051d50ce79de55f42d03', 3489, 'DB')",Start_time,2019-10-28 23:22:51.650395,End_time,2019-10-28 23:22:51.663393,Duration,0:00:00.012998
Task,"(238, '2019-10-29T03:23:01.690399', {'digest': 'C38B226D489D312EE7FC940C42E5651046F8827AFF9D8226CF06BAFA6591B217'}, '000e2f0119b683c31574f1fbc7ed7c53f819126a86c5052333a301bdff117acc', '0001867617e5a447fa1536d2a341fd84a48c2577209646294c0725cdce400bf0', 1115, 'DB')",Start_time,2019-10-28 23:23:01.690399,End_time,2019-10-28 23:23:01.693428,Duration,0:00:00.003029
Task,"(239, '2019-10-29T03:23:01.694393', <LC.TB_data object at 0x00000200AFBA0EB8>, '00028c58467ddcf28e0ad9e304bff4c3e0421963063f94932be14105b1ea1a77', '000e2f0119b683c31574f1fbc7ed7c53f819126a86c5052333a301bdff117acc', 5856, 'TB')",Start_time,2019-10-28 23:23:01.694393,End_time,2019-10-28 23:23:01.720395,Duration,0:00:00.026002
