601,[1, "2019-10-28T22:27:54.995089", [101, "2019-10-28T22:27:54.977972", "aggr_hash: c1dbf19871997290585cb82d37b5c0916144ba7001bd5a4e60767b438776d6e6", "timestamp_from: 2019-10-28T22:26:11.890241", "timestamp_to: 2019-10-28T22:27:54.959019", "index_from: 0", "index_to: 100", "000dca701667f3a34a5ddf1c7f81461cfc1b12df62daa4c339aeaefc4550c1ee", "0005c5cb401dad7634f1b33b87316628cba3b1e31f077c1d9cbbcdc8ed8d2803", 4685, "TB"], "0001027c00b67574851b5c7331ce8a28fa9e035e49a0cced3e474316b5a3956f", "0009c84e2ab5a0ca8aad990829fbf3b5a4f94c7d10c7e1aac5e87643be2c2c72", 9611, "SB"],1572301678043,1572301680852,2809
602,[2, "2019-10-28T22:29:40.302541", [203, "2019-10-28T22:29:40.290761", "aggr_hash: 2c873596373d696ca5cd4d08c0aa84262932df24f37c8784385efe2b2860206c", "timestamp_from: 2019-10-28T22:27:57.141239", "timestamp_to: 2019-10-28T22:29:40.258032", "index_from: 102", "index_to: 202", "00081e21f6a286bba090937f3e656b7e4dff93a9cabb5a27a34eb3f97a2ac26f", "0005aa01aa443ff4e9afed7526353943142de1a32dcf7b6595f6f32bde459ed6", 4615, "TB"], "000d2fdfce685c60b9626337336bd127130c3ba1edd835fe711434a9959ba060", "0001027c00b67574851b5c7331ce8a28fa9e035e49a0cced3e474316b5a3956f", 601, "SB"],1572301782925,1572301785724,2799
603,[3, "2019-10-28T22:31:24.996828", [305, "2019-10-28T22:31:24.981859", "aggr_hash: 061c9c0e02cb0ac99fc29ff06b3c0d088a34dbc70d190978ae11f74e94125c0c", "timestamp_from: 2019-10-28T22:29:41.509703", "timestamp_to: 2019-10-28T22:31:24.965792", "index_from: 204", "index_to: 304", "00055a909f38842939e6c5b3d2b9073cb5eb673917a4d6601a2a200c7b374085", "0009c29617242734e000d07c5027ac762850f1ca8da9a0358458a5992bf770b8", 5848, "TB"], "0003fc4ec6d347123f96c264ec97efb381917933c416afae26f4bc023aa866cd", "000d2fdfce685c60b9626337336bd127130c3ba1edd835fe711434a9959ba060", 8094, "SB"],1572301887601,1572301890366,2765
604,[4, "2019-10-28T22:33:09.765507", [407, "2019-10-28T22:33:09.761589", "aggr_hash: afe91f163a25da2c7404e89f5584898747aa23679f842eba5b29eca18fd11b8f", "timestamp_from: 2019-10-28T22:31:26.174737", "timestamp_to: 2019-10-28T22:33:09.745381", "index_from: 306", "index_to: 406", "0001f4878cf0d62743ea0a1ccd6c248ed9b11f2d15fb503604ea82d05dd24fb1", "0000f2c9f9866a9c64f6df19b897fce54765c95e842872577eb5bdb79fdce4df", 1419, "TB"], "000cacc83a029e2bda7992e0074be0e0356733c2bf646b7cc9e8b4fbd27ef97f", "0003fc4ec6d347123f96c264ec97efb381917933c416afae26f4bc023aa866cd", 530, "SB"],1572301992369,1572301995182,2813
605,[5, "2019-10-28T22:34:54.014576", [509, "2019-10-28T22:34:53.994597", "aggr_hash: 519d3feffe3134cd563d7bb6d23b61d572ff993547557adea3bb6f74c2bd9463", "timestamp_from: 2019-10-28T22:33:10.925412", "timestamp_to: 2019-10-28T22:34:53.959606", "index_from: 408", "index_to: 508", "00044ec9ed54fabcb29b86515a59b1d01b11adabeb22479e48e6a9fadc3d3479", "0008e564fb0b496e76158c1acb557654473a7d335bcfd7e5d4961bfe98dd3f07", 8588, "TB"], "0004f6d571271656775c149f5b38fe1351e3f317a265e4c3b8cb4850c0a27e6f", "000cacc83a029e2bda7992e0074be0e0356733c2bf646b7cc9e8b4fbd27ef97f", 212, "SB"],1572302096583,1572302099394,2811
606,[6, "2019-10-28T22:36:41.556327", [611, "2019-10-28T22:36:41.554324", "aggr_hash: d5da7aed11ccaa9a54dc36bc19339f179077f000278175169a41306abf946e98", "timestamp_from: 2019-10-28T22:34:55.175502", "timestamp_to: 2019-10-28T22:36:41.493325", "index_from: 510", "index_to: 610", "00093d57d9448a3152d8e43d1085499d8bfe48cd18fda41525ffd49df2f16f52", "0005c6775bfbff740b61733ae5149f5001c522457266d04ed9bc9b8ca0604e8e", 129, "TB"], "000d2142ae42f3bd1140560dc484c2eac60cdbe72d43cb8a19184c8e6d74b494", "0004f6d571271656775c149f5b38fe1351e3f317a265e4c3b8cb4850c0a27e6f", 3666, "SB"],1572302204132,1572302206930,2798
607,[7, "2019-10-28T22:38:26.411212", [713, "2019-10-28T22:38:26.388212", "aggr_hash: ed7f166590a854ddae97c7aacc9a149316e92946db37fb75dda4fb6267363bb1", "timestamp_from: 2019-10-28T22:36:42.734841", "timestamp_to: 2019-10-28T22:38:26.326216", "index_from: 612", "index_to: 712", "000556b16c691b9d8693eaeec114c2ec0aa7ac6004e6c6d40edddcec55355fe6", "0008d831b7e5050d9f76341e919b73651ccdb5e2b0d367a4ae862e36e4efe333", 9333, "TB"], "000d63bcb3280ca846a353d2b029ac224546899b0d3ff76994135a22f05c7989", "000d2142ae42f3bd1140560dc484c2eac60cdbe72d43cb8a19184c8e6d74b494", 3383, "SB"],1572302309030,1572302311815,2785
608,[8, "2019-10-28T22:40:10.768293", [815, "2019-10-28T22:40:10.744506", "aggr_hash: 2682c36e974500f4f94e0eb30d60b287cba3e6edd3305eadb608463974fcf19c", "timestamp_from: 2019-10-28T22:38:27.588760", "timestamp_to: 2019-10-28T22:40:10.718481", "index_from: 714", "index_to: 814", "00043832274db4ba26223c3579d5ae98e8ae96613d4516c55e3129267614640a", "000ce1d7c64532622f36b73248bedeeb4d7a9e720e15ae3c235ada6bcdeaa61e", 8026, "TB"], "000a8411047745acc5e92b5cb6c01c95418aec79ed37cbe5c40281ae9dc35189", "000d63bcb3280ca846a353d2b029ac224546899b0d3ff76994135a22f05c7989", 3018, "SB"],1572302413313,1572302416058,2745
609,[9, "2019-10-28T22:41:55.439362", [917, "2019-10-28T22:41:55.391401", "aggr_hash: 88792ad14aaafa735713e379e57b442da0262de5cb2ed63445ab8177f98762cd", "timestamp_from: 2019-10-28T22:40:11.936247", "timestamp_to: 2019-10-28T22:41:55.370430", "index_from: 816", "index_to: 916", "00003940dfb08a5238fc3cc65cfbc4f1e5b5d6273d672baf6eaeb27be9128875", "000472a6f36dc11ee28b02dcb37782bd101b6938c4e90d8e48cff39346c8da12", 17929, "TB"], "0009f7cf324a4d4aa737b0e860517a25f2d7dfb4e059a6cca2586122b356fc53", "000a8411047745acc5e92b5cb6c01c95418aec79ed37cbe5c40281ae9dc35189", 141, "SB"],1572302518014,1572302520858,2844
610,[10, "2019-10-28T22:43:40.291761", [1019, "2019-10-28T22:43:40.258781", "aggr_hash: 54081a3dca1d4286f29091571caa6d597dc8609eb7c20293ca8ca4374e8b314f", "timestamp_from: 2019-10-28T22:41:56.591273", "timestamp_to: 2019-10-28T22:43:40.236766", "index_from: 918", "index_to: 1018", "000dc83d2f89b5a5869b93d8d2c489779d4e1a78c3f35bd43a93e5e7de209765", "000949c0d461219f30961c00a63b1d5b3bece5343919eac4fd9dc42876306043", 12076, "TB"], "000b9dfd0e71e9c533776ad4af4c0e9b1395256ca48b12762ca52e3030094993", "0009f7cf324a4d4aa737b0e860517a25f2d7dfb4e059a6cca2586122b356fc53", 8635, "SB"],1572302622895,1572302625642,2747
