Task,"(0, '2019-10-28T22:16:54.249857', 'Absolute Genesis Block', '00029b19ccff51011c01025b3cb3aaf70b505642c76b05f06ca1e1300038f301', '0000000000000000000000000000000000000000000000000000000000000000', 16282, 'AGB')",Start_time,2019-10-28 18:16:54.249857,End_time,2019-10-28 18:16:54.294011,Duration,0:00:00.044154
Task,"(1, '2019-10-28T22:16:54.295006', {'digest': 'C38B226D489D312EE7FC940C42E5651046F8827AFF9D8226CF06BAFA6591B217'}, '0007312306228a9075e7b12f51cc9195ce96892410c8ae5cb4236d75f95b44d9', '00029b19ccff51011c01025b3cb3aaf70b505642c76b05f06ca1e1300038f301', 2905, 'DB')",Start_time,2019-10-28 18:16:54.295006,End_time,2019-10-28 18:16:54.303004,Duration,0:00:00.007998
Task,"(2, '2019-10-28T22:16:55.339720', {'digest': 'C38B226D489D312EE7FC940C42E5651046F8827AFF9D8226CF06BAFA6591B217'}, '000425a8ec09497e46031a9cd768799e55e5c6071fee8dbe89d530a2842d47bc', '0007312306228a9075e7b12f51cc9195ce96892410c8ae5cb4236d75f95b44d9', 15062, 'DB')",Start_time,2019-10-28 18:16:55.339720,End_time,2019-10-28 18:16:55.431676,Duration,0:00:00.091956
Task,"(3, '2019-10-28T22:16:56.464645', {'digest': 'C38B226D489D312EE7FC940C42E5651046F8827AFF9D8226CF06BAFA6591B217'}, '000daed965c71391d7610ff856a6afc127aab1f242d954c09921d670a64be31f', '000425a8ec09497e46031a9cd768799e55e5c6071fee8dbe89d530a2842d47bc', 1183, 'DB')",Start_time,2019-10-28 18:16:56.464645,End_time,2019-10-28 18:16:56.468613,Duration,0:00:00.003968
Task,"(4, '2019-10-28T22:16:57.558433', {'digest': 'C38B226D489D312EE7FC940C42E5651046F8827AFF9D8226CF06BAFA6591B217'}, '000fc929e87a1ece6273e024850bc4f2aad976f94e10bf5f93809377c5d96a84', '000daed965c71391d7610ff856a6afc127aab1f242d954c09921d670a64be31f', 3856, 'DB')",Start_time,2019-10-28 18:16:57.558433,End_time,2019-10-28 18:16:57.580432,Duration,0:00:00.021999
Task,"(5, '2019-10-28T22:16:59.042285', {'digest': 'C38B226D489D312EE7FC940C42E5651046F8827AFF9D8226CF06BAFA6591B217'}, '0005da7ed168891e916512dfcb3bc3f1ddec6dcd0a07e57c3e9fa7d6c94fb911', '000fc929e87a1ece6273e024850bc4f2aad976f94e10bf5f93809377c5d96a84', 3834, 'DB')",Start_time,2019-10-28 18:16:59.042285,End_time,2019-10-28 18:16:59.157306,Duration,0:00:00.115021
Task,"(6, '2019-10-28T22:17:00.262551', {'digest': 'C38B226D489D312EE7FC940C42E5651046F8827AFF9D8226CF06BAFA6591B217'}, '000ffb376ec0cb00bb9270b0550651ac8a79ecbff79c7b496c06fb6658404a0a', '0005da7ed168891e916512dfcb3bc3f1ddec6dcd0a07e57c3e9fa7d6c94fb911', 10154, 'DB')",Start_time,2019-10-28 18:17:00.262551,End_time,2019-10-28 18:17:00.336550,Duration,0:00:00.073999
Task,"(7, '2019-10-28T22:17:01.385583', {'digest': 'C38B226D489D312EE7FC940C42E5651046F8827AFF9D8226CF06BAFA6591B217'}, '000c2d1c799710d24785f8fe6607dcba2cccbc6d1bc7e9dfb522d8fd2f185682', '000ffb376ec0cb00bb9270b0550651ac8a79ecbff79c7b496c06fb6658404a0a', 5486, 'DB')",Start_time,2019-10-28 18:17:01.385583,End_time,2019-10-28 18:17:01.411577,Duration,0:00:00.025994
Task,"(8, '2019-10-28T22:17:02.450634', {'digest': 'C38B226D489D312EE7FC940C42E5651046F8827AFF9D8226CF06BAFA6591B217'}, '00056dc6edb880eae61c9182b29c37403574a34eb0b787fe17ca0d36d5458374', '000c2d1c799710d24785f8fe6607dcba2cccbc6d1bc7e9dfb522d8fd2f185682', 1441, 'DB')",Start_time,2019-10-28 18:17:02.450634,End_time,2019-10-28 18:17:02.466614,Duration,0:00:00.015980
Task,"(9, '2019-10-28T22:17:03.501599', {'digest': 'C38B226D489D312EE7FC940C42E5651046F8827AFF9D8226CF06BAFA6591B217'}, '0004e323032e83ccf08b929d1db2c06b32740ee774157cf76bf696e03a99d886', '00056dc6edb880eae61c9182b29c37403574a34eb0b787fe17ca0d36d5458374', 1757, 'DB')",Start_time,2019-10-28 18:17:03.501599,End_time,2019-10-28 18:17:03.509600,Duration,0:00:00.008001
Task,"(10, '2019-10-28T22:17:04.540440', {'digest': 'C38B226D489D312EE7FC940C42E5651046F8827AFF9D8226CF06BAFA6591B217'}, '000b0ef97c86373fda226bb438602fd2eee0f2e3501e29a60fe218a1f8abb2f9', '0004e323032e83ccf08b929d1db2c06b32740ee774157cf76bf696e03a99d886', 1747, 'DB')",Start_time,2019-10-28 18:17:04.540440,End_time,2019-10-28 18:17:04.555437,Duration,0:00:00.014997
Task,"(11, '2019-10-28T22:17:04.557439', <LC.TB_data object at 0x00000226C57C60F0>, '000e208fe90b6d3c4f531db6ffa9dbf597d91e9aa21fd262cda16aed14a9910a', '000b0ef97c86373fda226bb438602fd2eee0f2e3501e29a60fe218a1f8abb2f9', 3486, 'TB')",Start_time,2019-10-28 18:17:04.557439,End_time,2019-10-28 18:17:04.579438,Duration,0:00:00.021999
Task,"(12, '2019-10-28T22:17:05.806730', 'Relative Genesis Block', '0000a5f067b8dd580104175beabd371782d7332d01da7171f649b8af23f8448d', '000e208fe90b6d3c4f531db6ffa9dbf597d91e9aa21fd262cda16aed14a9910a', 357, 'RGB')",Start_time,2019-10-28 18:17:05.806730,End_time,2019-10-28 18:17:05.809729,Duration,0:00:00.002999
Task,"(13, '2019-10-28T22:17:05.813729', {'digest': 'C38B226D489D312EE7FC940C42E5651046F8827AFF9D8226CF06BAFA6591B217'}, '000a2a9af7748f3926e00f46da7c18d8ebdcf815e3fce00b1d92f5294934f54e', '0000a5f067b8dd580104175beabd371782d7332d01da7171f649b8af23f8448d', 1352, 'DB')",Start_time,2019-10-28 18:17:05.813729,End_time,2019-10-28 18:17:05.823725,Duration,0:00:00.009996
Task,"(14, '2019-10-28T22:17:06.858466', {'digest': 'C38B226D489D312EE7FC940C42E5651046F8827AFF9D8226CF06BAFA6591B217'}, '0002d0cb46541819eed54b45a7441eaba4a70305db4acbc6323fe085706cce37', '000a2a9af7748f3926e00f46da7c18d8ebdcf815e3fce00b1d92f5294934f54e', 10690, 'DB')",Start_time,2019-10-28 18:17:06.858466,End_time,2019-10-28 18:17:06.889510,Duration,0:00:00.031044
Task,"(15, '2019-10-28T22:17:07.910821', {'digest': 'C38B226D489D312EE7FC940C42E5651046F8827AFF9D8226CF06BAFA6591B217'}, '00094477b87968cc06af17a9ae4293cbb6ec1baa0887d861759b2ff4990e4b58', '0002d0cb46541819eed54b45a7441eaba4a70305db4acbc6323fe085706cce37', 483, 'DB')",Start_time,2019-10-28 18:17:07.910821,End_time,2019-10-28 18:17:07.912847,Duration,0:00:00.002026
Task,"(16, '2019-10-28T22:17:08.941541', {'digest': 'C38B226D489D312EE7FC940C42E5651046F8827AFF9D8226CF06BAFA6591B217'}, '00024ce9f9baca1f72f25fcebceec9e1e261c5349e78846429219febd5d8a333', '00094477b87968cc06af17a9ae4293cbb6ec1baa0887d861759b2ff4990e4b58', 3568, 'DB')",Start_time,2019-10-28 18:17:08.941541,End_time,2019-10-28 18:17:08.963598,Duration,0:00:00.022057
Task,"(17, '2019-10-28T22:17:09.988854', {'digest': 'C38B226D489D312EE7FC940C42E5651046F8827AFF9D8226CF06BAFA6591B217'}, '000bfb3d51e56b12c6128e2731536d4018c813625f369677833409b280a51f5c', '00024ce9f9baca1f72f25fcebceec9e1e261c5349e78846429219febd5d8a333', 12481, 'DB')",Start_time,2019-10-28 18:17:09.988854,End_time,2019-10-28 18:17:10.033361,Duration,0:00:00.044507
Task,"(18, '2019-10-28T22:17:11.056685', {'digest': 'C38B226D489D312EE7FC940C42E5651046F8827AFF9D8226CF06BAFA6591B217'}, '0004897a14330589a9baa8de00b3823c5525e649bbc898f8900ddc3269465af7', '000bfb3d51e56b12c6128e2731536d4018c813625f369677833409b280a51f5c', 9114, 'DB')",Start_time,2019-10-28 18:17:11.056685,End_time,2019-10-28 18:17:11.098682,Duration,0:00:00.041997
Task,"(19, '2019-10-28T22:17:12.121377', {'digest': 'C38B226D489D312EE7FC940C42E5651046F8827AFF9D8226CF06BAFA6591B217'}, '00059c13121301e82aee3f3c946358601169b7e57406049769e1b8915a755715', '0004897a14330589a9baa8de00b3823c5525e649bbc898f8900ddc3269465af7', 9358, 'DB')",Start_time,2019-10-28 18:17:12.121377,End_time,2019-10-28 18:17:12.148215,Duration,0:00:00.026838
Task,"(20, '2019-10-28T22:17:13.170587', {'digest': 'C38B226D489D312EE7FC940C42E5651046F8827AFF9D8226CF06BAFA6591B217'}, '000a7c98035a0826fe56dd7de17f030edfe58ba1ba99647bfb1200cdbfebaf04', '00059c13121301e82aee3f3c946358601169b7e57406049769e1b8915a755715', 424, 'DB')",Start_time,2019-10-28 18:17:13.170587,End_time,2019-10-28 18:17:13.171585,Duration,0:00:00.000998
Task,"(21, '2019-10-28T22:17:14.197428', {'digest': 'C38B226D489D312EE7FC940C42E5651046F8827AFF9D8226CF06BAFA6591B217'}, '0006e0ededf36e88f47dbb87814ced71645a09a44257c25f023d735292f90ec5', '000a7c98035a0826fe56dd7de17f030edfe58ba1ba99647bfb1200cdbfebaf04', 6074, 'DB')",Start_time,2019-10-28 18:17:14.197428,End_time,2019-10-28 18:17:14.216419,Duration,0:00:00.018991
Task,"(22, '2019-10-28T22:17:15.243287', {'digest': 'C38B226D489D312EE7FC940C42E5651046F8827AFF9D8226CF06BAFA6591B217'}, '00025c9a85e87d8bf08d62c127c26e7f19671b4e8f7695d75866365c0ee2f6ac', '0006e0ededf36e88f47dbb87814ced71645a09a44257c25f023d735292f90ec5', 898, 'DB')",Start_time,2019-10-28 18:17:15.243287,End_time,2019-10-28 18:17:15.246289,Duration,0:00:00.003002
Task,"(23, '2019-10-28T22:17:15.248287', <LC.TB_data object at 0x00000226C57E0208>, '000031fbeca21690db0085ee7579a4d03e784f923db1f40c80660506feeff21f', '00025c9a85e87d8bf08d62c127c26e7f19671b4e8f7695d75866365c0ee2f6ac', 8577, 'TB')",Start_time,2019-10-28 18:17:15.248287,End_time,2019-10-28 18:17:15.304285,Duration,0:00:00.055998
Task,"(24, '2019-10-28T22:17:16.515000', 'Relative Genesis Block', '00049c110c173303add8906360c9851e2033debc6996407660b17665c2bb15bb', '000031fbeca21690db0085ee7579a4d03e784f923db1f40c80660506feeff21f', 9564, 'RGB')",Start_time,2019-10-28 18:17:16.515000,End_time,2019-10-28 18:17:16.559996,Duration,0:00:00.044996
Task,"(25, '2019-10-28T22:17:16.560997', {'digest': 'C38B226D489D312EE7FC940C42E5651046F8827AFF9D8226CF06BAFA6591B217'}, '00018608d3a6e33cf9fcb479476d70c2ce38db26672c19ed990246817676fa03', '00049c110c173303add8906360c9851e2033debc6996407660b17665c2bb15bb', 1416, 'DB')",Start_time,2019-10-28 18:17:16.560997,End_time,2019-10-28 18:17:16.566996,Duration,0:00:00.005999
Task,"(26, '2019-10-28T22:17:17.603572', {'digest': 'C38B226D489D312EE7FC940C42E5651046F8827AFF9D8226CF06BAFA6591B217'}, '00092fca537b336cdf3e7b70f9bca32b7e39d6e1d8eb5d3bb3fb5c54ef3463b7', '00018608d3a6e33cf9fcb479476d70c2ce38db26672c19ed990246817676fa03', 1722, 'DB')",Start_time,2019-10-28 18:17:17.603572,End_time,2019-10-28 18:17:17.625571,Duration,0:00:00.021999
Task,"(27, '2019-10-28T22:17:18.668797', {'digest': 'C38B226D489D312EE7FC940C42E5651046F8827AFF9D8226CF06BAFA6591B217'}, '00061ff8fd2d2ebb7bcbde2939907f99483f5b1188e2f7dd4064383bf30d8e61', '00092fca537b336cdf3e7b70f9bca32b7e39d6e1d8eb5d3bb3fb5c54ef3463b7', 807, 'DB')",Start_time,2019-10-28 18:17:18.668797,End_time,2019-10-28 18:17:18.670832,Duration,0:00:00.002035
Task,"(28, '2019-10-28T22:17:19.696122', {'digest': 'C38B226D489D312EE7FC940C42E5651046F8827AFF9D8226CF06BAFA6591B217'}, '0002d63fb27b650f33abb65896a876eb68718e9c1d142e02afd5015ac45f07b6', '00061ff8fd2d2ebb7bcbde2939907f99483f5b1188e2f7dd4064383bf30d8e61', 8518, 'DB')",Start_time,2019-10-28 18:17:19.696122,End_time,2019-10-28 18:17:19.732733,Duration,0:00:00.036611
Task,"(29, '2019-10-28T22:17:20.759153', {'digest': 'C38B226D489D312EE7FC940C42E5651046F8827AFF9D8226CF06BAFA6591B217'}, '0008461e2698ef63995b93db0579e05d64b53e0b6d883eada8f71bdd7a8d0b4a', '0002d63fb27b650f33abb65896a876eb68718e9c1d142e02afd5015ac45f07b6', 51, 'DB')",Start_time,2019-10-28 18:17:20.759153,End_time,2019-10-28 18:17:20.759153,Duration,0:00:00
Task,"(30, '2019-10-28T22:17:21.780190', {'digest': 'C38B226D489D312EE7FC940C42E5651046F8827AFF9D8226CF06BAFA6591B217'}, '0005a74da30d8bd545e54544d5683345fa20a09297d165f3e7eb941e789d6fcd', '0008461e2698ef63995b93db0579e05d64b53e0b6d883eada8f71bdd7a8d0b4a', 3812, 'DB')",Start_time,2019-10-28 18:17:21.780190,End_time,2019-10-28 18:17:21.794207,Duration,0:00:00.014017
Task,"(31, '2019-10-28T22:17:22.821193', {'digest': 'C38B226D489D312EE7FC940C42E5651046F8827AFF9D8226CF06BAFA6591B217'}, '000b1be904dfb4c51bb9979a147408f4481f32ae2649b9b68b3efafaa4270ff5', '0005a74da30d8bd545e54544d5683345fa20a09297d165f3e7eb941e789d6fcd', 5045, 'DB')",Start_time,2019-10-28 18:17:22.821193,End_time,2019-10-28 18:17:22.837223,Duration,0:00:00.016030
Task,"(32, '2019-10-28T22:17:23.861660', {'digest': 'C38B226D489D312EE7FC940C42E5651046F8827AFF9D8226CF06BAFA6591B217'}, '00080556b13d0004a0a02a00b17d6124c8b28e16ce302460eabffbe9d0c08cdb', '000b1be904dfb4c51bb9979a147408f4481f32ae2649b9b68b3efafaa4270ff5', 6641, 'DB')",Start_time,2019-10-28 18:17:23.861660,End_time,2019-10-28 18:17:23.898659,Duration,0:00:00.036999
Task,"(33, '2019-10-28T22:17:24.926889', {'digest': 'C38B226D489D312EE7FC940C42E5651046F8827AFF9D8226CF06BAFA6591B217'}, '000d5c7f5021a521cfd758da5134cb497865e3deee72ace962175eecea6fd486', '00080556b13d0004a0a02a00b17d6124c8b28e16ce302460eabffbe9d0c08cdb', 1160, 'DB')",Start_time,2019-10-28 18:17:24.926889,End_time,2019-10-28 18:17:24.931888,Duration,0:00:00.004999
Task,"(34, '2019-10-28T22:17:25.960545', {'digest': 'C38B226D489D312EE7FC940C42E5651046F8827AFF9D8226CF06BAFA6591B217'}, '00088cbad0c9d2dcc99c9727cbb1819c1ee5fac6d0fd9305b50862c3df0fbd99', '000d5c7f5021a521cfd758da5134cb497865e3deee72ace962175eecea6fd486', 4063, 'DB')",Start_time,2019-10-28 18:17:25.960545,End_time,2019-10-28 18:17:25.977542,Duration,0:00:00.016997
Task,"(35, '2019-10-28T22:17:25.979542', <LC.TB_data object at 0x00000226C57ED240>, '000dbdd7898d892c669207f5274a98a5ccf59335ec9ff917c757a733d7888c8d', '00088cbad0c9d2dcc99c9727cbb1819c1ee5fac6d0fd9305b50862c3df0fbd99', 25587, 'TB')",Start_time,2019-10-28 18:17:25.979542,End_time,2019-10-28 18:17:26.053539,Duration,0:00:00.073997
Task,"(36, '2019-10-28T22:17:27.229003', 'Relative Genesis Block', '0007416502c158f55421dcda5771667a7818db1b47d9c3885afdd4f40171c188', '000dbdd7898d892c669207f5274a98a5ccf59335ec9ff917c757a733d7888c8d', 842, 'RGB')",Start_time,2019-10-28 18:17:27.229003,End_time,2019-10-28 18:17:27.230999,Duration,0:00:00.001996
Task,"(37, '2019-10-28T22:17:27.232001', {'digest': 'C38B226D489D312EE7FC940C42E5651046F8827AFF9D8226CF06BAFA6591B217'}, '00066aa71e47f60611962dd7172ea6b4c9461d31e2ca9096a26bb8a5048ee275', '0007416502c158f55421dcda5771667a7818db1b47d9c3885afdd4f40171c188', 2020, 'DB')",Start_time,2019-10-28 18:17:27.232001,End_time,2019-10-28 18:17:27.239941,Duration,0:00:00.007940
Task,"(38, '2019-10-28T22:17:28.264356', {'digest': 'C38B226D489D312EE7FC940C42E5651046F8827AFF9D8226CF06BAFA6591B217'}, '000f01f7d11e03176ebd61276a51fbe98f1a3d5822ea0be40ae9badf1ef31273', '00066aa71e47f60611962dd7172ea6b4c9461d31e2ca9096a26bb8a5048ee275', 3765, 'DB')",Start_time,2019-10-28 18:17:28.264356,End_time,2019-10-28 18:17:28.302357,Duration,0:00:00.038001
Task,"(39, '2019-10-28T22:17:29.333090', {'digest': 'C38B226D489D312EE7FC940C42E5651046F8827AFF9D8226CF06BAFA6591B217'}, '0008f5b3e9545abb9076dc2758af9e11b4cd0f305fb6f98ec05e34fa6b1705f9', '000f01f7d11e03176ebd61276a51fbe98f1a3d5822ea0be40ae9badf1ef31273', 4590, 'DB')",Start_time,2019-10-28 18:17:29.333090,End_time,2019-10-28 18:17:29.351086,Duration,0:00:00.017996
Task,"(40, '2019-10-28T22:17:30.374595', {'digest': 'C38B226D489D312EE7FC940C42E5651046F8827AFF9D8226CF06BAFA6591B217'}, '0003c156cff9a4817cfec85bb28b3632612a6df79d32f111d62db433372f7383', '0008f5b3e9545abb9076dc2758af9e11b4cd0f305fb6f98ec05e34fa6b1705f9', 13388, 'DB')",Start_time,2019-10-28 18:17:30.374595,End_time,2019-10-28 18:17:30.426740,Duration,0:00:00.052145
Task,"(41, '2019-10-28T22:17:31.456640', {'digest': 'C38B226D489D312EE7FC940C42E5651046F8827AFF9D8226CF06BAFA6591B217'}, '000ffbf159ea4837481a596c7721032432b817cf096d2593587e1de3be7c3325', '0003c156cff9a4817cfec85bb28b3632612a6df79d32f111d62db433372f7383', 1323, 'DB')",Start_time,2019-10-28 18:17:31.456640,End_time,2019-10-28 18:17:31.463657,Duration,0:00:00.007017
Task,"(42, '2019-10-28T22:17:32.490562', {'digest': 'C38B226D489D312EE7FC940C42E5651046F8827AFF9D8226CF06BAFA6591B217'}, '00000e819a22916e3180df5288a84106059b280420e7e637a3ae5ba5c082970f', '000ffbf159ea4837481a596c7721032432b817cf096d2593587e1de3be7c3325', 3190, 'DB')",Start_time,2019-10-28 18:17:32.490562,End_time,2019-10-28 18:17:32.514809,Duration,0:00:00.024247
Task,"(43, '2019-10-28T22:17:33.540339', {'digest': 'C38B226D489D312EE7FC940C42E5651046F8827AFF9D8226CF06BAFA6591B217'}, '000d2ee0cba2b5e27fcdd19c342b1c30aab64529978d381bc6937d3b62d4e927', '00000e819a22916e3180df5288a84106059b280420e7e637a3ae5ba5c082970f', 9997, 'DB')",Start_time,2019-10-28 18:17:33.540339,End_time,2019-10-28 18:17:33.572336,Duration,0:00:00.031997
Task,"(44, '2019-10-28T22:17:34.595034', {'digest': 'C38B226D489D312EE7FC940C42E5651046F8827AFF9D8226CF06BAFA6591B217'}, '000b364a998260866017c4c48a62698c40f2f6cf293e26fe54164fea838f18f2', '000d2ee0cba2b5e27fcdd19c342b1c30aab64529978d381bc6937d3b62d4e927', 4901, 'DB')",Start_time,2019-10-28 18:17:34.595034,End_time,2019-10-28 18:17:34.613634,Duration,0:00:00.018600
Task,"(45, '2019-10-28T22:17:35.638441', {'digest': 'C38B226D489D312EE7FC940C42E5651046F8827AFF9D8226CF06BAFA6591B217'}, '000ac6ef4446c3ae0d12d0cfad4fe012439155d3e3c517d4f6b86d73b40d4470', '000b364a998260866017c4c48a62698c40f2f6cf293e26fe54164fea838f18f2', 262, 'DB')",Start_time,2019-10-28 18:17:35.638441,End_time,2019-10-28 18:17:35.639445,Duration,0:00:00.001004
Task,"(46, '2019-10-28T22:17:36.681266', {'digest': 'C38B226D489D312EE7FC940C42E5651046F8827AFF9D8226CF06BAFA6591B217'}, '000dccb385aa994c32ac2ff4659d8354d840747eb76176867460b1d30fc27cd3', '000ac6ef4446c3ae0d12d0cfad4fe012439155d3e3c517d4f6b86d73b40d4470', 23351, 'DB')",Start_time,2019-10-28 18:17:36.681266,End_time,2019-10-28 18:17:36.746263,Duration,0:00:00.064997
Task,"(47, '2019-10-28T22:17:36.747302', <LC.TB_data object at 0x00000226C57D9860>, '0000ab0a7c6b363e98868b02209322b99b9625d204bad82e23608caa284ac87d', '000dccb385aa994c32ac2ff4659d8354d840747eb76176867460b1d30fc27cd3', 2126, 'TB')",Start_time,2019-10-28 18:17:36.747302,End_time,2019-10-28 18:17:36.756265,Duration,0:00:00.008963
Task,"(48, '2019-10-28T22:17:37.924933', 'Relative Genesis Block', '000464356133f46539c083c14810d87b1ec37337f459a1afe0c713b46f27325d', '0000ab0a7c6b363e98868b02209322b99b9625d204bad82e23608caa284ac87d', 9733, 'RGB')",Start_time,2019-10-28 18:17:37.924933,End_time,2019-10-28 18:17:37.955549,Duration,0:00:00.030616
Task,"(49, '2019-10-28T22:17:37.957549', {'digest': 'C38B226D489D312EE7FC940C42E5651046F8827AFF9D8226CF06BAFA6591B217'}, '0003ac737788809bd21d2e2d13b3c83645e18e7ea966a923ca9184d6ce515d22', '000464356133f46539c083c14810d87b1ec37337f459a1afe0c713b46f27325d', 2186, 'DB')",Start_time,2019-10-28 18:17:37.957549,End_time,2019-10-28 18:17:37.973551,Duration,0:00:00.016002
Task,"(50, '2019-10-28T22:17:38.996402', {'digest': 'C38B226D489D312EE7FC940C42E5651046F8827AFF9D8226CF06BAFA6591B217'}, '00034f6341990edf062ea4bfba99bd64aa3fd42a409ee53eabb4efea0a1e3e24', '0003ac737788809bd21d2e2d13b3c83645e18e7ea966a923ca9184d6ce515d22', 7034, 'DB')",Start_time,2019-10-28 18:17:38.996402,End_time,2019-10-28 18:17:39.030403,Duration,0:00:00.034001
Task,"(51, '2019-10-28T22:17:40.050322', {'digest': 'C38B226D489D312EE7FC940C42E5651046F8827AFF9D8226CF06BAFA6591B217'}, '000b2c81fdb3a070f876ff0d5d383a64a586f81543fe90cd6fcfcd38684b115b', '00034f6341990edf062ea4bfba99bd64aa3fd42a409ee53eabb4efea0a1e3e24', 2841, 'DB')",Start_time,2019-10-28 18:17:40.050322,End_time,2019-10-28 18:17:40.058318,Duration,0:00:00.007996
Task,"(52, '2019-10-28T22:17:41.081454', {'digest': 'C38B226D489D312EE7FC940C42E5651046F8827AFF9D8226CF06BAFA6591B217'}, '0004d48002a37b7665b854f1a649559e6b6a512a2da1183e9176164b2021f092', '000b2c81fdb3a070f876ff0d5d383a64a586f81543fe90cd6fcfcd38684b115b', 2907, 'DB')",Start_time,2019-10-28 18:17:41.081454,End_time,2019-10-28 18:17:41.091454,Duration,0:00:00.010000
Task,"(53, '2019-10-28T22:17:42.117690', {'digest': 'C38B226D489D312EE7FC940C42E5651046F8827AFF9D8226CF06BAFA6591B217'}, '000091bd591d99bad374d155808bbfd482984faaef4177cf3ab77a047711a6a6', '0004d48002a37b7665b854f1a649559e6b6a512a2da1183e9176164b2021f092', 4131, 'DB')",Start_time,2019-10-28 18:17:42.117690,End_time,2019-10-28 18:17:42.138806,Duration,0:00:00.021116
Task,"(54, '2019-10-28T22:17:43.163854', {'digest': 'C38B226D489D312EE7FC940C42E5651046F8827AFF9D8226CF06BAFA6591B217'}, '000a4c656cd897ad7c4cbc652d4ce37b68e4676e93f28e8e14f514200b455cfb', '000091bd591d99bad374d155808bbfd482984faaef4177cf3ab77a047711a6a6', 545, 'DB')",Start_time,2019-10-28 18:17:43.163854,End_time,2019-10-28 18:17:43.164854,Duration,0:00:00.001000
Task,"(55, '2019-10-28T22:17:44.190702', {'digest': 'C38B226D489D312EE7FC940C42E5651046F8827AFF9D8226CF06BAFA6591B217'}, '00088dcf2bec3abd95f0af71b2db556611cdf8b9008c8d659fa0eb15681cec8b', '000a4c656cd897ad7c4cbc652d4ce37b68e4676e93f28e8e14f514200b455cfb', 12737, 'DB')",Start_time,2019-10-28 18:17:44.190702,End_time,2019-10-28 18:17:44.225438,Duration,0:00:00.034736
Task,"(56, '2019-10-28T22:17:45.264257', {'digest': 'C38B226D489D312EE7FC940C42E5651046F8827AFF9D8226CF06BAFA6591B217'}, '0002b52df53ba91bbe47604bb3410004cffc0ee30385821cbd08d1563003977f', '00088dcf2bec3abd95f0af71b2db556611cdf8b9008c8d659fa0eb15681cec8b', 7285, 'DB')",Start_time,2019-10-28 18:17:45.264257,End_time,2019-10-28 18:17:45.359254,Duration,0:00:00.094997
Task,"(57, '2019-10-28T22:17:46.447561', {'digest': 'C38B226D489D312EE7FC940C42E5651046F8827AFF9D8226CF06BAFA6591B217'}, '00017aec73710473d4f65faa182117c15e7e2d003f127905b153f4b6b87f873d', '0002b52df53ba91bbe47604bb3410004cffc0ee30385821cbd08d1563003977f', 3188, 'DB')",Start_time,2019-10-28 18:17:46.447561,End_time,2019-10-28 18:17:46.461745,Duration,0:00:00.014184
Task,"(58, '2019-10-28T22:17:47.486660', {'digest': 'C38B226D489D312EE7FC940C42E5651046F8827AFF9D8226CF06BAFA6591B217'}, '0009ed71e11d697eaaa84938022796191c2f789bab072cfe1fee403cba568e60', '00017aec73710473d4f65faa182117c15e7e2d003f127905b153f4b6b87f873d', 14459, 'DB')",Start_time,2019-10-28 18:17:47.486660,End_time,2019-10-28 18:17:47.563661,Duration,0:00:00.077001
Task,"(59, '2019-10-28T22:17:47.564661', <LC.TB_data object at 0x00000226C47AFAC8>, '000f072aaaaa40b1e99a28985e62b29cf11d354badb2544bb2450e1acc2fdd6b', '0009ed71e11d697eaaa84938022796191c2f789bab072cfe1fee403cba568e60', 5798, 'TB')",Start_time,2019-10-28 18:17:47.564661,End_time,2019-10-28 18:17:47.581656,Duration,0:00:00.016995
Task,"(60, '2019-10-28T22:17:48.794838', 'Relative Genesis Block', '000772881d8e20f7490ce79f54ef3cc74975082ca4d3da9abbd693b6aa4e85d5', '000f072aaaaa40b1e99a28985e62b29cf11d354badb2544bb2450e1acc2fdd6b', 2821, 'RGB')",Start_time,2019-10-28 18:17:48.794838,End_time,2019-10-28 18:17:48.799862,Duration,0:00:00.005024
Task,"(61, '2019-10-28T22:17:48.800828', {'digest': 'C38B226D489D312EE7FC940C42E5651046F8827AFF9D8226CF06BAFA6591B217'}, '000e61c3f43e10f91c26445031b43f51fbb043e43767b081db6493fa4c9cd506', '000772881d8e20f7490ce79f54ef3cc74975082ca4d3da9abbd693b6aa4e85d5', 2750, 'DB')",Start_time,2019-10-28 18:17:48.800828,End_time,2019-10-28 18:17:48.810973,Duration,0:00:00.010145
Task,"(62, '2019-10-28T22:17:49.838496', {'digest': 'C38B226D489D312EE7FC940C42E5651046F8827AFF9D8226CF06BAFA6591B217'}, '00012a23edddc41a43a847587afb1324484894d2fec488d9bed305aa37058494', '000e61c3f43e10f91c26445031b43f51fbb043e43767b081db6493fa4c9cd506', 6577, 'DB')",Start_time,2019-10-28 18:17:49.838496,End_time,2019-10-28 18:17:49.866492,Duration,0:00:00.027996
Task,"(63, '2019-10-28T22:17:50.889240', {'digest': 'C38B226D489D312EE7FC940C42E5651046F8827AFF9D8226CF06BAFA6591B217'}, '000ebc2598c08a3ba8f6536a5d582c747ade092d69554f9fc24e6d2d49099023', '00012a23edddc41a43a847587afb1324484894d2fec488d9bed305aa37058494', 277, 'DB')",Start_time,2019-10-28 18:17:50.889240,End_time,2019-10-28 18:17:50.890244,Duration,0:00:00.001004
Task,"(64, '2019-10-28T22:17:51.927423', {'digest': 'C38B226D489D312EE7FC940C42E5651046F8827AFF9D8226CF06BAFA6591B217'}, '000807667213c8cc51ee4290122b0bb4920bb28e6da130d2d67b086fde899a68', '000ebc2598c08a3ba8f6536a5d582c747ade092d69554f9fc24e6d2d49099023', 2330, 'DB')",Start_time,2019-10-28 18:17:51.927423,End_time,2019-10-28 18:17:51.941453,Duration,0:00:00.014030
Task,"(65, '2019-10-28T22:17:52.965615', {'digest': 'C38B226D489D312EE7FC940C42E5651046F8827AFF9D8226CF06BAFA6591B217'}, '000ec0989c101f1e214592c1c2253feee743c4d2607b3bf195692abc9f935e01', '000807667213c8cc51ee4290122b0bb4920bb28e6da130d2d67b086fde899a68', 6520, 'DB')",Start_time,2019-10-28 18:17:52.965615,End_time,2019-10-28 18:17:52.987673,Duration,0:00:00.022058
Task,"(66, '2019-10-28T22:17:54.016514', {'digest': 'C38B226D489D312EE7FC940C42E5651046F8827AFF9D8226CF06BAFA6591B217'}, '000f24771472f30eebe569ca7e4210d88180a51e65e60d806e3b2d674a322b51', '000ec0989c101f1e214592c1c2253feee743c4d2607b3bf195692abc9f935e01', 527, 'DB')",Start_time,2019-10-28 18:17:54.016514,End_time,2019-10-28 18:17:54.018516,Duration,0:00:00.002002
Task,"(67, '2019-10-28T22:17:55.047559', {'digest': 'C38B226D489D312EE7FC940C42E5651046F8827AFF9D8226CF06BAFA6591B217'}, '00033c152708e586bf6a782719cb1f47ead4b9f928f8ff081c7b1cbf53b63637', '000f24771472f30eebe569ca7e4210d88180a51e65e60d806e3b2d674a322b51', 21356, 'DB')",Start_time,2019-10-28 18:17:55.047559,End_time,2019-10-28 18:17:55.104510,Duration,0:00:00.056951
Task,"(68, '2019-10-28T22:17:56.127522', {'digest': 'C38B226D489D312EE7FC940C42E5651046F8827AFF9D8226CF06BAFA6591B217'}, '0007d51883846b2e5e861a78439f14b02efce71cdab246f436d7e3b9870ce668', '00033c152708e586bf6a782719cb1f47ead4b9f928f8ff081c7b1cbf53b63637', 1119, 'DB')",Start_time,2019-10-28 18:17:56.127522,End_time,2019-10-28 18:17:56.131520,Duration,0:00:00.003998
Task,"(69, '2019-10-28T22:17:57.155117', {'digest': 'C38B226D489D312EE7FC940C42E5651046F8827AFF9D8226CF06BAFA6591B217'}, '00081ed75423ebfd78ad2d01ddbb2e4ae37e23d1785d3203c0923046750ec9ff', '0007d51883846b2e5e861a78439f14b02efce71cdab246f436d7e3b9870ce668', 2976, 'DB')",Start_time,2019-10-28 18:17:57.155117,End_time,2019-10-28 18:17:57.167150,Duration,0:00:00.012033
Task,"(70, '2019-10-28T22:17:58.194666', {'digest': 'C38B226D489D312EE7FC940C42E5651046F8827AFF9D8226CF06BAFA6591B217'}, '00017a1e07739c69e07e9ead0467cd45fa8512a4f46fda4935c311b8a177e173', '00081ed75423ebfd78ad2d01ddbb2e4ae37e23d1785d3203c0923046750ec9ff', 427, 'DB')",Start_time,2019-10-28 18:17:58.194666,End_time,2019-10-28 18:17:58.196665,Duration,0:00:00.001999
Task,"(71, '2019-10-28T22:17:58.198667', <LC.TB_data object at 0x00000226C57F8D68>, '000c6395a61bd2c8dfa3e837cb042856365fcc107254458f7e2d968cfb2406da', '00017a1e07739c69e07e9ead0467cd45fa8512a4f46fda4935c311b8a177e173', 153, 'TB')",Start_time,2019-10-28 18:17:58.198667,End_time,2019-10-28 18:17:58.200666,Duration,0:00:00.001999
Task,"(72, '2019-10-28T22:17:59.371368', 'Relative Genesis Block', '0007dedb9bd33af1910d26688009336f45466f2ceef58896ba681393de632048', '000c6395a61bd2c8dfa3e837cb042856365fcc107254458f7e2d968cfb2406da', 1108, 'RGB')",Start_time,2019-10-28 18:17:59.371368,End_time,2019-10-28 18:17:59.374367,Duration,0:00:00.002999
Task,"(73, '2019-10-28T22:17:59.376370', {'digest': 'C38B226D489D312EE7FC940C42E5651046F8827AFF9D8226CF06BAFA6591B217'}, '000162b7b0772c16b317c1ead3c04b11c376b3cd466e6c6f950c12ffe27ac937', '0007dedb9bd33af1910d26688009336f45466f2ceef58896ba681393de632048', 592, 'DB')",Start_time,2019-10-28 18:17:59.376370,End_time,2019-10-28 18:17:59.379397,Duration,0:00:00.003027
Task,"(74, '2019-10-28T22:18:00.403521', {'digest': 'C38B226D489D312EE7FC940C42E5651046F8827AFF9D8226CF06BAFA6591B217'}, '00092b0926f547cee4bce8d461edefa90d420ade45b7f60a52c23c6ee66db820', '000162b7b0772c16b317c1ead3c04b11c376b3cd466e6c6f950c12ffe27ac937', 10791, 'DB')",Start_time,2019-10-28 18:18:00.403521,End_time,2019-10-28 18:18:00.459518,Duration,0:00:00.055997
Task,"(75, '2019-10-28T22:18:01.484314', {'digest': 'C38B226D489D312EE7FC940C42E5651046F8827AFF9D8226CF06BAFA6591B217'}, '0002001e4908c6ef2b0da587983277146b9252758fa1a02805e4fde2965a8050', '00092b0926f547cee4bce8d461edefa90d420ade45b7f60a52c23c6ee66db820', 86, 'DB')",Start_time,2019-10-28 18:18:01.484314,End_time,2019-10-28 18:18:01.485314,Duration,0:00:00.001000
Task,"(76, '2019-10-28T22:18:02.515681', {'digest': 'C38B226D489D312EE7FC940C42E5651046F8827AFF9D8226CF06BAFA6591B217'}, '0004db5b45f313b985f77b3002965397ab1eb7720d93ecbedf65a760d9f7db93', '0002001e4908c6ef2b0da587983277146b9252758fa1a02805e4fde2965a8050', 3557, 'DB')",Start_time,2019-10-28 18:18:02.515681,End_time,2019-10-28 18:18:02.527643,Duration,0:00:00.011962
Task,"(77, '2019-10-28T22:18:03.553584', {'digest': 'C38B226D489D312EE7FC940C42E5651046F8827AFF9D8226CF06BAFA6591B217'}, '00000c543f11eb34ebdc9192690156a5130559e6e94b879d9b576ae6f7fff3c5', '0004db5b45f313b985f77b3002965397ab1eb7720d93ecbedf65a760d9f7db93', 1927, 'DB')",Start_time,2019-10-28 18:18:03.553584,End_time,2019-10-28 18:18:03.560581,Duration,0:00:00.006997
Task,"(78, '2019-10-28T22:18:04.587720', {'digest': 'C38B226D489D312EE7FC940C42E5651046F8827AFF9D8226CF06BAFA6591B217'}, '000bd1e50d1ec1379b1b1210ecd976e2a9f4004747c88b1c95530188ce514393', '00000c543f11eb34ebdc9192690156a5130559e6e94b879d9b576ae6f7fff3c5', 880, 'DB')",Start_time,2019-10-28 18:18:04.587720,End_time,2019-10-28 18:18:04.590717,Duration,0:00:00.002997
Task,"(79, '2019-10-28T22:18:05.616541', {'digest': 'C38B226D489D312EE7FC940C42E5651046F8827AFF9D8226CF06BAFA6591B217'}, '000c736581d1eee7e39a74017152fe4097d1d4b9d63249883e9af3d153945610', '000bd1e50d1ec1379b1b1210ecd976e2a9f4004747c88b1c95530188ce514393', 3533, 'DB')",Start_time,2019-10-28 18:18:05.616541,End_time,2019-10-28 18:18:05.624557,Duration,0:00:00.008016
Task,"(80, '2019-10-28T22:18:06.649306', {'digest': 'C38B226D489D312EE7FC940C42E5651046F8827AFF9D8226CF06BAFA6591B217'}, '00070322074d3b2c5d28cf2f99633ea978cf646034e3d8eedc526164507e0111', '000c736581d1eee7e39a74017152fe4097d1d4b9d63249883e9af3d153945610', 1662, 'DB')",Start_time,2019-10-28 18:18:06.649306,End_time,2019-10-28 18:18:06.657126,Duration,0:00:00.007820
Task,"(81, '2019-10-28T22:18:07.681388', {'digest': 'C38B226D489D312EE7FC940C42E5651046F8827AFF9D8226CF06BAFA6591B217'}, '000490214e457a5260377a78a847007d9838ac5aed3586b4a36713b21b744ce6', '00070322074d3b2c5d28cf2f99633ea978cf646034e3d8eedc526164507e0111', 8708, 'DB')",Start_time,2019-10-28 18:18:07.681388,End_time,2019-10-28 18:18:07.710212,Duration,0:00:00.028824
Task,"(82, '2019-10-28T22:18:08.731427', {'digest': 'C38B226D489D312EE7FC940C42E5651046F8827AFF9D8226CF06BAFA6591B217'}, '0009f9f1da95bb7d3c0bf321d266133d20d04c66481ec84d85a76c20ef2c2154', '000490214e457a5260377a78a847007d9838ac5aed3586b4a36713b21b744ce6', 1292, 'DB')",Start_time,2019-10-28 18:18:08.731427,End_time,2019-10-28 18:18:08.735442,Duration,0:00:00.004015
Task,"(83, '2019-10-28T22:18:08.737508', <LC.TB_data object at 0x00000226C57BFFD0>, '000c052fbd92e2d967d601609f72b817f32dad6c2ebf9dbedae125d3304fd4c2', '0009f9f1da95bb7d3c0bf321d266133d20d04c66481ec84d85a76c20ef2c2154', 7469, 'TB')",Start_time,2019-10-28 18:18:08.737508,End_time,2019-10-28 18:18:08.763412,Duration,0:00:00.025904
Task,"(84, '2019-10-28T22:18:09.931521', 'Relative Genesis Block', '000e56093879bb0428c9629e062b3de0cf59826d63a4a1807f8d39fd3082251f', '000c052fbd92e2d967d601609f72b817f32dad6c2ebf9dbedae125d3304fd4c2', 1286, 'RGB')",Start_time,2019-10-28 18:18:09.931521,End_time,2019-10-28 18:18:09.934518,Duration,0:00:00.002997
Task,"(85, '2019-10-28T22:18:09.935520', {'digest': 'C38B226D489D312EE7FC940C42E5651046F8827AFF9D8226CF06BAFA6591B217'}, '000626a019c9efc6c5a5aff7432e0995305bece517cca9560718e3a3e60dd211', '000e56093879bb0428c9629e062b3de0cf59826d63a4a1807f8d39fd3082251f', 4130, 'DB')",Start_time,2019-10-28 18:18:09.935520,End_time,2019-10-28 18:18:09.950520,Duration,0:00:00.015000
Task,"(86, '2019-10-28T22:18:10.969853', {'digest': 'C38B226D489D312EE7FC940C42E5651046F8827AFF9D8226CF06BAFA6591B217'}, '000eed40ad905e15afab002aad954e162af8e5736944a9ae8a71c742cca339db', '000626a019c9efc6c5a5aff7432e0995305bece517cca9560718e3a3e60dd211', 2854, 'DB')",Start_time,2019-10-28 18:18:10.969853,End_time,2019-10-28 18:18:10.983902,Duration,0:00:00.014049
Task,"(87, '2019-10-28T22:18:12.010566', {'digest': 'C38B226D489D312EE7FC940C42E5651046F8827AFF9D8226CF06BAFA6591B217'}, '00046d637c13665ed1312ab2e962a0901154360b2d052fdb4f36469eb1e62b1b', '000eed40ad905e15afab002aad954e162af8e5736944a9ae8a71c742cca339db', 1266, 'DB')",Start_time,2019-10-28 18:18:12.010566,End_time,2019-10-28 18:18:12.013564,Duration,0:00:00.002998
Task,"(88, '2019-10-28T22:18:13.040349', {'digest': 'C38B226D489D312EE7FC940C42E5651046F8827AFF9D8226CF06BAFA6591B217'}, '0004a4ed045977ab3930cfac5343d322159c9d2c34dc5cb29c2bb43588df242c', '00046d637c13665ed1312ab2e962a0901154360b2d052fdb4f36469eb1e62b1b', 1503, 'DB')",Start_time,2019-10-28 18:18:13.040349,End_time,2019-10-28 18:18:13.048362,Duration,0:00:00.008013
Task,"(89, '2019-10-28T22:18:14.072497', {'digest': 'C38B226D489D312EE7FC940C42E5651046F8827AFF9D8226CF06BAFA6591B217'}, '0003d141a3f4d2f087e4d10542c29955fdc638a6546657445fb7b87af1c04b04', '0004a4ed045977ab3930cfac5343d322159c9d2c34dc5cb29c2bb43588df242c', 2066, 'DB')",Start_time,2019-10-28 18:18:14.072497,End_time,2019-10-28 18:18:14.077500,Duration,0:00:00.005003
Task,"(90, '2019-10-28T22:18:15.108816', {'digest': 'C38B226D489D312EE7FC940C42E5651046F8827AFF9D8226CF06BAFA6591B217'}, '000f0670f381a4af27a9010d5e0bdc8adbf7ad62d497660a86bd7477e145f3cf', '0003d141a3f4d2f087e4d10542c29955fdc638a6546657445fb7b87af1c04b04', 7395, 'DB')",Start_time,2019-10-28 18:18:15.108816,End_time,2019-10-28 18:18:15.137271,Duration,0:00:00.028455
Task,"(91, '2019-10-28T22:18:16.163783', {'digest': 'C38B226D489D312EE7FC940C42E5651046F8827AFF9D8226CF06BAFA6591B217'}, '000abb7e4f02eff801c827ee7209c3a59b8125a0a1cd200afab4ee9470ccf3ab', '000f0670f381a4af27a9010d5e0bdc8adbf7ad62d497660a86bd7477e145f3cf', 1503, 'DB')",Start_time,2019-10-28 18:18:16.163783,End_time,2019-10-28 18:18:16.169782,Duration,0:00:00.005999
Task,"(92, '2019-10-28T22:18:17.193468', {'digest': 'C38B226D489D312EE7FC940C42E5651046F8827AFF9D8226CF06BAFA6591B217'}, '00013a81d5d7ec019a1331b2663394b0e3a2a720924136472d3364fadf2d3d59', '000abb7e4f02eff801c827ee7209c3a59b8125a0a1cd200afab4ee9470ccf3ab', 1207, 'DB')",Start_time,2019-10-28 18:18:17.193468,End_time,2019-10-28 18:18:17.198468,Duration,0:00:00.005000
Task,"(93, '2019-10-28T22:18:18.227448', {'digest': 'C38B226D489D312EE7FC940C42E5651046F8827AFF9D8226CF06BAFA6591B217'}, '000b79c658b713f699922e8a33672b7b88c473a7abce6321a5b894e11215fe78', '00013a81d5d7ec019a1331b2663394b0e3a2a720924136472d3364fadf2d3d59', 9523, 'DB')",Start_time,2019-10-28 18:18:18.227448,End_time,2019-10-28 18:18:18.256488,Duration,0:00:00.029040
Task,"(94, '2019-10-28T22:18:19.280381', {'digest': 'C38B226D489D312EE7FC940C42E5651046F8827AFF9D8226CF06BAFA6591B217'}, '000a0b81c8e87a60d7c52626ae0516fe0a88059d269e7593a68a8d01fb1ddca7', '000b79c658b713f699922e8a33672b7b88c473a7abce6321a5b894e11215fe78', 4593, 'DB')",Start_time,2019-10-28 18:18:19.280381,End_time,2019-10-28 18:18:19.295379,Duration,0:00:00.014998
Task,"(95, '2019-10-28T22:18:19.296379', <LC.TB_data object at 0x00000226C57E0390>, '00002d0c6714529bf5818a08edd222fbbe3a1ddaee919c075eb3d767e08816c6', '000a0b81c8e87a60d7c52626ae0516fe0a88059d269e7593a68a8d01fb1ddca7', 5629, 'TB')",Start_time,2019-10-28 18:18:19.296379,End_time,2019-10-28 18:18:19.322396,Duration,0:00:00.026017
Task,"(96, '2019-10-28T22:18:20.546655', 'Relative Genesis Block', '000b39c520f212bd7568ec2110139dfb03eb09c6c3f03f643f4ec4251a4b14d0', '00002d0c6714529bf5818a08edd222fbbe3a1ddaee919c075eb3d767e08816c6', 4962, 'RGB')",Start_time,2019-10-28 18:18:20.546655,End_time,2019-10-28 18:18:20.565655,Duration,0:00:00.019000
Task,"(97, '2019-10-28T22:18:20.566651', {'digest': 'C38B226D489D312EE7FC940C42E5651046F8827AFF9D8226CF06BAFA6591B217'}, '00056fdecd5c00a41342e6252864371eaf5f63a025e9640ec15a183c8c8bd79c', '000b39c520f212bd7568ec2110139dfb03eb09c6c3f03f643f4ec4251a4b14d0', 4277, 'DB')",Start_time,2019-10-28 18:18:20.566651,End_time,2019-10-28 18:18:20.579685,Duration,0:00:00.013034
Task,"(98, '2019-10-28T22:18:21.602908', {'digest': 'C38B226D489D312EE7FC940C42E5651046F8827AFF9D8226CF06BAFA6591B217'}, '0009f91aecc3d3d4b45966d9a6ebb89e4e30abca9aa83cdf69085d6e8433d018', '00056fdecd5c00a41342e6252864371eaf5f63a025e9640ec15a183c8c8bd79c', 1001, 'DB')",Start_time,2019-10-28 18:18:21.602908,End_time,2019-10-28 18:18:21.605889,Duration,0:00:00.002981
Task,"(99, '2019-10-28T22:18:22.630776', {'digest': 'C38B226D489D312EE7FC940C42E5651046F8827AFF9D8226CF06BAFA6591B217'}, '00080368cbc0c5442ff93c728d83efe039d9e0118a124052e095b8ec6245eb05', '0009f91aecc3d3d4b45966d9a6ebb89e4e30abca9aa83cdf69085d6e8433d018', 8399, 'DB')",Start_time,2019-10-28 18:18:22.630776,End_time,2019-10-28 18:18:22.654469,Duration,0:00:00.023693
Task,"(100, '2019-10-28T22:18:23.677623', {'digest': 'C38B226D489D312EE7FC940C42E5651046F8827AFF9D8226CF06BAFA6591B217'}, '00066f7cdbe33f9906aae0b889f206453930008e4327d4842a6405ac445dacf2', '00080368cbc0c5442ff93c728d83efe039d9e0118a124052e095b8ec6245eb05', 508, 'DB')",Start_time,2019-10-28 18:18:23.677623,End_time,2019-10-28 18:18:23.680625,Duration,0:00:00.003002
Task,"(101, '2019-10-28T22:18:24.714684', {'digest': 'C38B226D489D312EE7FC940C42E5651046F8827AFF9D8226CF06BAFA6591B217'}, '00052d4eedfb052f7214c21096e3b08af1813adbe7b60fc24f9db189bab7bb94', '00066f7cdbe33f9906aae0b889f206453930008e4327d4842a6405ac445dacf2', 1043, 'DB')",Start_time,2019-10-28 18:18:24.714684,End_time,2019-10-28 18:18:24.717682,Duration,0:00:00.002998
Task,"(102, '2019-10-28T22:18:25.745426', {'digest': 'C38B226D489D312EE7FC940C42E5651046F8827AFF9D8226CF06BAFA6591B217'}, '000f35f590295885b807ccd2ed5bd7c9ed47c3176b06ee39a7b8bb0de988a67d', '00052d4eedfb052f7214c21096e3b08af1813adbe7b60fc24f9db189bab7bb94', 32, 'DB')",Start_time,2019-10-28 18:18:25.745426,End_time,2019-10-28 18:18:25.745426,Duration,0:00:00
Task,"(103, '2019-10-28T22:18:26.775964', {'digest': 'C38B226D489D312EE7FC940C42E5651046F8827AFF9D8226CF06BAFA6591B217'}, '00087bea8f8650dbf9b4db0ff008e89dd3249fcaed795b4b2d2b3c79f0218d9d', '000f35f590295885b807ccd2ed5bd7c9ed47c3176b06ee39a7b8bb0de988a67d', 3400, 'DB')",Start_time,2019-10-28 18:18:26.775964,End_time,2019-10-28 18:18:26.787965,Duration,0:00:00.012001
Task,"(104, '2019-10-28T22:18:27.811590', {'digest': 'C38B226D489D312EE7FC940C42E5651046F8827AFF9D8226CF06BAFA6591B217'}, '00015c177a85e3a06c519578c12d1a2c820faabee7ffd5f85e7597509feccc16', '00087bea8f8650dbf9b4db0ff008e89dd3249fcaed795b4b2d2b3c79f0218d9d', 18072, 'DB')",Start_time,2019-10-28 18:18:27.811590,End_time,2019-10-28 18:18:27.874600,Duration,0:00:00.063010
Task,"(105, '2019-10-28T22:18:28.898289', {'digest': 'C38B226D489D312EE7FC940C42E5651046F8827AFF9D8226CF06BAFA6591B217'}, '0006f0a1756c5f1e06d6f92702afda12416c4ffdecc101863a873099c1a76a6a', '00015c177a85e3a06c519578c12d1a2c820faabee7ffd5f85e7597509feccc16', 7271, 'DB')",Start_time,2019-10-28 18:18:28.898289,End_time,2019-10-28 18:18:28.927276,Duration,0:00:00.028987
Task,"(106, '2019-10-28T22:18:29.948634', {'digest': 'C38B226D489D312EE7FC940C42E5651046F8827AFF9D8226CF06BAFA6591B217'}, '0008bbcbeb71c2fe6743c6f06e5849e8deaaae741a0757beafa226a09f435f8e', '0006f0a1756c5f1e06d6f92702afda12416c4ffdecc101863a873099c1a76a6a', 11810, 'DB')",Start_time,2019-10-28 18:18:29.948634,End_time,2019-10-28 18:18:29.989422,Duration,0:00:00.040788
Task,"(107, '2019-10-28T22:18:29.990424', <LC.TB_data object at 0x00000226C58080F0>, '00067a3732ed63aac4d30eaa057e707a98d1497561065a6bd11ef4a66cce314d', '0008bbcbeb71c2fe6743c6f06e5849e8deaaae741a0757beafa226a09f435f8e', 597, 'TB')",Start_time,2019-10-28 18:18:29.990424,End_time,2019-10-28 18:18:29.991459,Duration,0:00:00.001035
Task,"(108, '2019-10-28T22:18:31.164916', 'Relative Genesis Block', '000312b4a133a85de22c8f13910aea6132cfe9399967e4320c82f37e303dc487', '00067a3732ed63aac4d30eaa057e707a98d1497561065a6bd11ef4a66cce314d', 290, 'RGB')",Start_time,2019-10-28 18:18:31.164916,End_time,2019-10-28 18:18:31.165915,Duration,0:00:00.000999
Task,"(109, '2019-10-28T22:18:31.167919', {'digest': 'C38B226D489D312EE7FC940C42E5651046F8827AFF9D8226CF06BAFA6591B217'}, '000242939f5a42aa9f08f978f824c39c7e708dc49bf74bac06658c5143baaa7b', '000312b4a133a85de22c8f13910aea6132cfe9399967e4320c82f37e303dc487', 368, 'DB')",Start_time,2019-10-28 18:18:31.167919,End_time,2019-10-28 18:18:31.169915,Duration,0:00:00.001996
Task,"(110, '2019-10-28T22:18:32.198014', {'digest': 'C38B226D489D312EE7FC940C42E5651046F8827AFF9D8226CF06BAFA6591B217'}, '0004ed9a80e2e0d6fadc1c61613c2a95d441e2efae06e78d070d3b38cedc0840', '000242939f5a42aa9f08f978f824c39c7e708dc49bf74bac06658c5143baaa7b', 3267, 'DB')",Start_time,2019-10-28 18:18:32.198014,End_time,2019-10-28 18:18:32.211561,Duration,0:00:00.013547
Task,"(111, '2019-10-28T22:18:33.236390', {'digest': 'C38B226D489D312EE7FC940C42E5651046F8827AFF9D8226CF06BAFA6591B217'}, '000db8b0be46164de2ae3118aff737a69d1a0320265ab2156bd2d0267231890c', '0004ed9a80e2e0d6fadc1c61613c2a95d441e2efae06e78d070d3b38cedc0840', 284, 'DB')",Start_time,2019-10-28 18:18:33.236390,End_time,2019-10-28 18:18:33.238389,Duration,0:00:00.001999
Task,"(112, '2019-10-28T22:18:34.264485', {'digest': 'C38B226D489D312EE7FC940C42E5651046F8827AFF9D8226CF06BAFA6591B217'}, '0007e17e4ba812a9ea671d9a218e97907446dd8ff023982c5aae8f4380d157b4', '000db8b0be46164de2ae3118aff737a69d1a0320265ab2156bd2d0267231890c', 1349, 'DB')",Start_time,2019-10-28 18:18:34.264485,End_time,2019-10-28 18:18:34.270485,Duration,0:00:00.006000
Task,"(113, '2019-10-28T22:18:35.296570', {'digest': 'C38B226D489D312EE7FC940C42E5651046F8827AFF9D8226CF06BAFA6591B217'}, '000eb4764a4e70688008ad40eb8718401df061ecce12fdfec3ce3bc8e0851118', '0007e17e4ba812a9ea671d9a218e97907446dd8ff023982c5aae8f4380d157b4', 278, 'DB')",Start_time,2019-10-28 18:18:35.296570,End_time,2019-10-28 18:18:35.297571,Duration,0:00:00.001001
Task,"(114, '2019-10-28T22:18:36.325069', {'digest': 'C38B226D489D312EE7FC940C42E5651046F8827AFF9D8226CF06BAFA6591B217'}, '000a40722818b2f7609dfa7a9ecb74fde229e90a168b3a18c2f0223a99997af8', '000eb4764a4e70688008ad40eb8718401df061ecce12fdfec3ce3bc8e0851118', 986, 'DB')",Start_time,2019-10-28 18:18:36.325069,End_time,2019-10-28 18:18:36.328068,Duration,0:00:00.002999
Task,"(115, '2019-10-28T22:18:37.352521', {'digest': 'C38B226D489D312EE7FC940C42E5651046F8827AFF9D8226CF06BAFA6591B217'}, '000e1582dd51499ed554ddc9436854c4d39bbab92037599feb9dab338d7a5884', '000a40722818b2f7609dfa7a9ecb74fde229e90a168b3a18c2f0223a99997af8', 48, 'DB')",Start_time,2019-10-28 18:18:37.352521,End_time,2019-10-28 18:18:37.352521,Duration,0:00:00
Task,"(116, '2019-10-28T22:18:38.380615', {'digest': 'C38B226D489D312EE7FC940C42E5651046F8827AFF9D8226CF06BAFA6591B217'}, '000958a06fc620d5a39f39cb299f03a6c4b924f34b95ea4b04d476860ee99d06', '000e1582dd51499ed554ddc9436854c4d39bbab92037599feb9dab338d7a5884', 4452, 'DB')",Start_time,2019-10-28 18:18:38.380615,End_time,2019-10-28 18:18:38.395614,Duration,0:00:00.014999
Task,"(117, '2019-10-28T22:18:39.413899', {'digest': 'C38B226D489D312EE7FC940C42E5651046F8827AFF9D8226CF06BAFA6591B217'}, '000543efaa1d6deb35334e96d33a6f74574c681db7192c98759d082f9a9a4781', '000958a06fc620d5a39f39cb299f03a6c4b924f34b95ea4b04d476860ee99d06', 6985, 'DB')",Start_time,2019-10-28 18:18:39.413899,End_time,2019-10-28 18:18:39.433886,Duration,0:00:00.019987
Task,"(118, '2019-10-28T22:18:40.458476', {'digest': 'C38B226D489D312EE7FC940C42E5651046F8827AFF9D8226CF06BAFA6591B217'}, '000c0c4391f8ffbcd5838314d1317a911758ce7c134ab9711e70a82c1776e1c6', '000543efaa1d6deb35334e96d33a6f74574c681db7192c98759d082f9a9a4781', 3631, 'DB')",Start_time,2019-10-28 18:18:40.458476,End_time,2019-10-28 18:18:40.469475,Duration,0:00:00.010999
Task,"(119, '2019-10-28T22:18:40.470510', <LC.TB_data object at 0x00000226C5808978>, '0006351497a5aa4511c0bd332b4c938cf1d5ee5bd3c4bfdecec935134cd370fc', '000c0c4391f8ffbcd5838314d1317a911758ce7c134ab9711e70a82c1776e1c6', 2460, 'TB')",Start_time,2019-10-28 18:18:40.470510,End_time,2019-10-28 18:18:40.477477,Duration,0:00:00.006967
Task,"(120, '2019-10-28T22:18:41.642743', 'Relative Genesis Block', '000710480fbd921184ea4615c11fe1113a73130de2e4e3e8d72b396e21f7ee41', '0006351497a5aa4511c0bd332b4c938cf1d5ee5bd3c4bfdecec935134cd370fc', 587, 'RGB')",Start_time,2019-10-28 18:18:41.642743,End_time,2019-10-28 18:18:41.644745,Duration,0:00:00.002002
Task,"(121, '2019-10-28T22:18:41.645743', {'digest': 'C38B226D489D312EE7FC940C42E5651046F8827AFF9D8226CF06BAFA6591B217'}, '000cad6273ff628f60e186b55494aa3dd0570be13a40a997589de0411daffaa6', '000710480fbd921184ea4615c11fe1113a73130de2e4e3e8d72b396e21f7ee41', 625, 'DB')",Start_time,2019-10-28 18:18:41.645743,End_time,2019-10-28 18:18:41.647740,Duration,0:00:00.001997
Task,"(122, '2019-10-28T22:18:42.671448', {'digest': 'C38B226D489D312EE7FC940C42E5651046F8827AFF9D8226CF06BAFA6591B217'}, '000a4ac6924dd2429c685a1df428f6125fd76c23f43c5df6a5eb631ed8049d19', '000cad6273ff628f60e186b55494aa3dd0570be13a40a997589de0411daffaa6', 2826, 'DB')",Start_time,2019-10-28 18:18:42.671448,End_time,2019-10-28 18:18:42.683440,Duration,0:00:00.011992
Task,"(123, '2019-10-28T22:18:43.707808', {'digest': 'C38B226D489D312EE7FC940C42E5651046F8827AFF9D8226CF06BAFA6591B217'}, '000a77268bc1f8920a167431edaf8c48131b54dae4c2ba64e2bce6c5182698f2', '000a4ac6924dd2429c685a1df428f6125fd76c23f43c5df6a5eb631ed8049d19', 224, 'DB')",Start_time,2019-10-28 18:18:43.707808,End_time,2019-10-28 18:18:43.707808,Duration,0:00:00
Task,"(124, '2019-10-28T22:18:44.731517', {'digest': 'C38B226D489D312EE7FC940C42E5651046F8827AFF9D8226CF06BAFA6591B217'}, '0007324d2bc2afe0233ce3e1963de5085b538f5b844539cb4a76123f4e8bfff1', '000a77268bc1f8920a167431edaf8c48131b54dae4c2ba64e2bce6c5182698f2', 1917, 'DB')",Start_time,2019-10-28 18:18:44.731517,End_time,2019-10-28 18:18:44.740519,Duration,0:00:00.009002
Task,"(125, '2019-10-28T22:18:45.770202', {'digest': 'C38B226D489D312EE7FC940C42E5651046F8827AFF9D8226CF06BAFA6591B217'}, '000ef92d2a15ef6545e425b548bbcad2617389c674cda05722d5138a2d4323fc', '0007324d2bc2afe0233ce3e1963de5085b538f5b844539cb4a76123f4e8bfff1', 5827, 'DB')",Start_time,2019-10-28 18:18:45.770202,End_time,2019-10-28 18:18:45.803201,Duration,0:00:00.032999
Task,"(126, '2019-10-28T22:18:46.829566', {'digest': 'C38B226D489D312EE7FC940C42E5651046F8827AFF9D8226CF06BAFA6591B217'}, '00005a098ffd22125d1e6d2b91cc5721c82cc4c4d074e92b510e349475ec646e', '000ef92d2a15ef6545e425b548bbcad2617389c674cda05722d5138a2d4323fc', 4148, 'DB')",Start_time,2019-10-28 18:18:46.829566,End_time,2019-10-28 18:18:46.849597,Duration,0:00:00.020031
Task,"(127, '2019-10-28T22:18:47.881428', {'digest': 'C38B226D489D312EE7FC940C42E5651046F8827AFF9D8226CF06BAFA6591B217'}, '0004c15378fd8eec944ecb9d2d18bc07f7da2409f2d850b8acca34b3776fde70', '00005a098ffd22125d1e6d2b91cc5721c82cc4c4d074e92b510e349475ec646e', 1150, 'DB')",Start_time,2019-10-28 18:18:47.881428,End_time,2019-10-28 18:18:47.885425,Duration,0:00:00.003997
Task,"(128, '2019-10-28T22:18:48.911633', {'digest': 'C38B226D489D312EE7FC940C42E5651046F8827AFF9D8226CF06BAFA6591B217'}, '0006efb5a0b23e51ac71f5d5c1203724494f37ac76e6a8f2a56d9c5415c3366a', '0004c15378fd8eec944ecb9d2d18bc07f7da2409f2d850b8acca34b3776fde70', 5457, 'DB')",Start_time,2019-10-28 18:18:48.911633,End_time,2019-10-28 18:18:48.928052,Duration,0:00:00.016419
Task,"(129, '2019-10-28T22:18:49.954434', {'digest': 'C38B226D489D312EE7FC940C42E5651046F8827AFF9D8226CF06BAFA6591B217'}, '000ef876188cebb98446fe9518319a33219024d8a1f25c0dfb0e1b288797d47f', '0006efb5a0b23e51ac71f5d5c1203724494f37ac76e6a8f2a56d9c5415c3366a', 2384, 'DB')",Start_time,2019-10-28 18:18:49.954434,End_time,2019-10-28 18:18:49.963356,Duration,0:00:00.008922
Task,"(130, '2019-10-28T22:18:50.993482', {'digest': 'C38B226D489D312EE7FC940C42E5651046F8827AFF9D8226CF06BAFA6591B217'}, '000dcee8d8ca139e95fd438bf1f4789a0a17e41b8971985ea9793fedc0e93bfb', '000ef876188cebb98446fe9518319a33219024d8a1f25c0dfb0e1b288797d47f', 1340, 'DB')",Start_time,2019-10-28 18:18:50.993482,End_time,2019-10-28 18:18:50.998484,Duration,0:00:00.005002
Task,"(131, '2019-10-28T22:18:50.999487', <LC.TB_data object at 0x00000226C57E07F0>, '0008eade1e1491768260d769d56203c9ae9aae7ffe7a010a29ca4751b4a27293', '000dcee8d8ca139e95fd438bf1f4789a0a17e41b8971985ea9793fedc0e93bfb', 2133, 'TB')",Start_time,2019-10-28 18:18:50.999487,End_time,2019-10-28 18:18:51.006480,Duration,0:00:00.006993
Task,"(132, '2019-10-28T22:18:52.213753', 'Relative Genesis Block', '00061e2053ee7733f1251fd45c2e514274e41b447d384228026371ac0edf0fed', '0008eade1e1491768260d769d56203c9ae9aae7ffe7a010a29ca4751b4a27293', 16982, 'RGB')",Start_time,2019-10-28 18:18:52.213753,End_time,2019-10-28 18:18:52.261235,Duration,0:00:00.047482
Task,"(133, '2019-10-28T22:18:52.262240', {'digest': 'C38B226D489D312EE7FC940C42E5651046F8827AFF9D8226CF06BAFA6591B217'}, '000fc5d083befbfe49029c2e9d54ee8da7fcc857c314312d80aa759ab5f74358', '00061e2053ee7733f1251fd45c2e514274e41b447d384228026371ac0edf0fed', 5973, 'DB')",Start_time,2019-10-28 18:18:52.262240,End_time,2019-10-28 18:18:52.277863,Duration,0:00:00.015623
Task,"(134, '2019-10-28T22:18:53.301117', {'digest': 'C38B226D489D312EE7FC940C42E5651046F8827AFF9D8226CF06BAFA6591B217'}, '00097328416f22cd859128325a2da6dfea66e795b634b6d17fc9928bb02a5bea', '000fc5d083befbfe49029c2e9d54ee8da7fcc857c314312d80aa759ab5f74358', 7879, 'DB')",Start_time,2019-10-28 18:18:53.301117,End_time,2019-10-28 18:18:53.323572,Duration,0:00:00.022455
Task,"(135, '2019-10-28T22:18:54.347491', {'digest': 'C38B226D489D312EE7FC940C42E5651046F8827AFF9D8226CF06BAFA6591B217'}, '000f74340a6cef54583a84d09868a804c797f7db8b6cab260a8045f817b30892', '00097328416f22cd859128325a2da6dfea66e795b634b6d17fc9928bb02a5bea', 1199, 'DB')",Start_time,2019-10-28 18:18:54.347491,End_time,2019-10-28 18:18:54.353491,Duration,0:00:00.006000
Task,"(136, '2019-10-28T22:18:55.384530', {'digest': 'C38B226D489D312EE7FC940C42E5651046F8827AFF9D8226CF06BAFA6591B217'}, '0000706094dbc79ac896aea8eb93d0a299a02bce5fdc982959f5dfbe4e64db06', '000f74340a6cef54583a84d09868a804c797f7db8b6cab260a8045f817b30892', 2589, 'DB')",Start_time,2019-10-28 18:18:55.384530,End_time,2019-10-28 18:18:55.396526,Duration,0:00:00.011996
Task,"(137, '2019-10-28T22:18:56.423445', {'digest': 'C38B226D489D312EE7FC940C42E5651046F8827AFF9D8226CF06BAFA6591B217'}, '000389dcdfe9c57bfe5356f13e835fc4c2c5dad84ed9549fc636d51d4b0d15cb', '0000706094dbc79ac896aea8eb93d0a299a02bce5fdc982959f5dfbe4e64db06', 5823, 'DB')",Start_time,2019-10-28 18:18:56.423445,End_time,2019-10-28 18:18:56.458396,Duration,0:00:00.034951
Task,"(138, '2019-10-28T22:18:57.487895', {'digest': 'C38B226D489D312EE7FC940C42E5651046F8827AFF9D8226CF06BAFA6591B217'}, '0004cf7539ed416f7fd6ab4b3a53ddfdbae9e3776b1248da15690018501415a4', '000389dcdfe9c57bfe5356f13e835fc4c2c5dad84ed9549fc636d51d4b0d15cb', 5418, 'DB')",Start_time,2019-10-28 18:18:57.487895,End_time,2019-10-28 18:18:57.504556,Duration,0:00:00.016661
Task,"(139, '2019-10-28T22:18:58.527156', {'digest': 'C38B226D489D312EE7FC940C42E5651046F8827AFF9D8226CF06BAFA6591B217'}, '0001005073c4fc10ef072b788d60705d04f6616d3885b3a8f71794af78d4112e', '0004cf7539ed416f7fd6ab4b3a53ddfdbae9e3776b1248da15690018501415a4', 2994, 'DB')",Start_time,2019-10-28 18:18:58.527156,End_time,2019-10-28 18:18:58.539826,Duration,0:00:00.012670
Task,"(140, '2019-10-28T22:18:59.571159', {'digest': 'C38B226D489D312EE7FC940C42E5651046F8827AFF9D8226CF06BAFA6591B217'}, '0001fb3d6a3779cc7069e0b9462cc3548345879d202826dda9ac4a2205f8b806', '0001005073c4fc10ef072b788d60705d04f6616d3885b3a8f71794af78d4112e', 2900, 'DB')",Start_time,2019-10-28 18:18:59.571159,End_time,2019-10-28 18:18:59.578418,Duration,0:00:00.007259
Task,"(141, '2019-10-28T22:19:00.604269', {'digest': 'C38B226D489D312EE7FC940C42E5651046F8827AFF9D8226CF06BAFA6591B217'}, '000936e26a9a3d63a1a6862a9837973af4bddba00eff497f79f2b6e554648111', '0001fb3d6a3779cc7069e0b9462cc3548345879d202826dda9ac4a2205f8b806', 10723, 'DB')",Start_time,2019-10-28 18:19:00.604269,End_time,2019-10-28 18:19:00.648266,Duration,0:00:00.043997
Task,"(142, '2019-10-28T22:19:01.673577', {'digest': 'C38B226D489D312EE7FC940C42E5651046F8827AFF9D8226CF06BAFA6591B217'}, '0005054d54dd0c3afd094e55ba4e3f6efbc467b3d6c1388cc85a66904fd1d592', '000936e26a9a3d63a1a6862a9837973af4bddba00eff497f79f2b6e554648111', 9552, 'DB')",Start_time,2019-10-28 18:19:01.673577,End_time,2019-10-28 18:19:01.709599,Duration,0:00:00.036022
Task,"(143, '2019-10-28T22:19:01.710598', <LC.TB_data object at 0x00000226C57EDB00>, '0000206c74aea1913c956fe42fbe6a4cca42f08e5cc6bd82d3932f0e8d04f2dd', '0005054d54dd0c3afd094e55ba4e3f6efbc467b3d6c1388cc85a66904fd1d592', 1180, 'TB')",Start_time,2019-10-28 18:19:01.710598,End_time,2019-10-28 18:19:01.714552,Duration,0:00:00.003954
Task,"(144, '2019-10-28T22:19:03.199224', 'Relative Genesis Block', '000fc0cb48892f5218a0431304f90766353743e8ed4c944af774418f0a0bf759', '0000206c74aea1913c956fe42fbe6a4cca42f08e5cc6bd82d3932f0e8d04f2dd', 18153, 'RGB')",Start_time,2019-10-28 18:19:03.199224,End_time,2019-10-28 18:19:03.256458,Duration,0:00:00.057234
Task,"(145, '2019-10-28T22:19:03.257463', {'digest': 'C38B226D489D312EE7FC940C42E5651046F8827AFF9D8226CF06BAFA6591B217'}, '000f37ada307fffebfaf0e5e81bf0c5fcca008634e2f2297d600d2378d978126', '000fc0cb48892f5218a0431304f90766353743e8ed4c944af774418f0a0bf759', 5132, 'DB')",Start_time,2019-10-28 18:19:03.257463,End_time,2019-10-28 18:19:03.269391,Duration,0:00:00.011928
Task,"(146, '2019-10-28T22:19:04.295458', {'digest': 'C38B226D489D312EE7FC940C42E5651046F8827AFF9D8226CF06BAFA6591B217'}, '0008095cd73bd046b21391a6d7207a076df2fb009f966f420a117abe6af50e2e', '000f37ada307fffebfaf0e5e81bf0c5fcca008634e2f2297d600d2378d978126', 10020, 'DB')",Start_time,2019-10-28 18:19:04.295458,End_time,2019-10-28 18:19:04.338457,Duration,0:00:00.042999
Task,"(147, '2019-10-28T22:19:05.359522', {'digest': 'C38B226D489D312EE7FC940C42E5651046F8827AFF9D8226CF06BAFA6591B217'}, '000bb23785b7d1009720627e785e7f15d0374fa05dd072dc7ee0f1217ef36167', '0008095cd73bd046b21391a6d7207a076df2fb009f966f420a117abe6af50e2e', 2980, 'DB')",Start_time,2019-10-28 18:19:05.359522,End_time,2019-10-28 18:19:05.369503,Duration,0:00:00.009981
Task,"(148, '2019-10-28T22:19:06.393440', {'digest': 'C38B226D489D312EE7FC940C42E5651046F8827AFF9D8226CF06BAFA6591B217'}, '0006f35b658632e617b7e75414792b1b581503c30d25c117f0cbb8d59de7c477', '000bb23785b7d1009720627e785e7f15d0374fa05dd072dc7ee0f1217ef36167', 3634, 'DB')",Start_time,2019-10-28 18:19:06.393440,End_time,2019-10-28 18:19:06.407441,Duration,0:00:00.014001
Task,"(149, '2019-10-28T22:19:07.434251', {'digest': 'C38B226D489D312EE7FC940C42E5651046F8827AFF9D8226CF06BAFA6591B217'}, '0000203ee10d43c28e1bf156aa8d8a1e58e5c855b4ef36adaf59f0b1aeb4d16a', '0006f35b658632e617b7e75414792b1b581503c30d25c117f0cbb8d59de7c477', 3243, 'DB')",Start_time,2019-10-28 18:19:07.434251,End_time,2019-10-28 18:19:07.449974,Duration,0:00:00.015723
Task,"(150, '2019-10-28T22:19:08.471307', {'digest': 'C38B226D489D312EE7FC940C42E5651046F8827AFF9D8226CF06BAFA6591B217'}, '000b83629d6681710de5190faf1980ccc97373635535852554fc4d2a9eef56f7', '0000203ee10d43c28e1bf156aa8d8a1e58e5c855b4ef36adaf59f0b1aeb4d16a', 820, 'DB')",Start_time,2019-10-28 18:19:08.471307,End_time,2019-10-28 18:19:08.474249,Duration,0:00:00.002942
Task,"(151, '2019-10-28T22:19:09.506512', {'digest': 'C38B226D489D312EE7FC940C42E5651046F8827AFF9D8226CF06BAFA6591B217'}, '000765b374a79d88ce91f847bf3a26ff8692073ab69ded714183d32fc444bde9', '000b83629d6681710de5190faf1980ccc97373635535852554fc4d2a9eef56f7', 1976, 'DB')",Start_time,2019-10-28 18:19:09.505513,End_time,2019-10-28 18:19:09.514513,Duration,0:00:00.009000
Task,"(152, '2019-10-28T22:19:10.545360', {'digest': 'C38B226D489D312EE7FC940C42E5651046F8827AFF9D8226CF06BAFA6591B217'}, '00097a6618ba5be28bababda483a03eea2889c4a4be2a456542f6b6d874eac67', '000765b374a79d88ce91f847bf3a26ff8692073ab69ded714183d32fc444bde9', 995, 'DB')",Start_time,2019-10-28 18:19:10.545360,End_time,2019-10-28 18:19:10.550361,Duration,0:00:00.005001
Task,"(153, '2019-10-28T22:19:11.577510', {'digest': 'C38B226D489D312EE7FC940C42E5651046F8827AFF9D8226CF06BAFA6591B217'}, '000a3282c64675dab82ab6a902d798dbd66227a2035e889c6cb18dc433008204', '00097a6618ba5be28bababda483a03eea2889c4a4be2a456542f6b6d874eac67', 2235, 'DB')",Start_time,2019-10-28 18:19:11.577510,End_time,2019-10-28 18:19:11.585517,Duration,0:00:00.008007
Task,"(154, '2019-10-28T22:19:12.612100', {'digest': 'C38B226D489D312EE7FC940C42E5651046F8827AFF9D8226CF06BAFA6591B217'}, '000b67d9fd5779f94bc68ff5e38626e30c8bd3fd1bf90a7e18ce1f8824558091', '000a3282c64675dab82ab6a902d798dbd66227a2035e889c6cb18dc433008204', 106, 'DB')",Start_time,2019-10-28 18:19:12.611100,End_time,2019-10-28 18:19:12.612100,Duration,0:00:00.001000
Task,"(155, '2019-10-28T22:19:12.613175', <LC.TB_data object at 0x00000226C581B198>, '000f335402b7f556bbb91598a3acb4598aa23b01732da45da1a9fc54132dc06e', '000b67d9fd5779f94bc68ff5e38626e30c8bd3fd1bf90a7e18ce1f8824558091', 1978, 'TB')",Start_time,2019-10-28 18:19:12.613175,End_time,2019-10-28 18:19:12.621127,Duration,0:00:00.007952
Task,"(156, '2019-10-28T22:19:14.100085', 'Relative Genesis Block', '000e6f7b498fe527aabed5cf54bd2d67aa4ffe7d28b964c22325f514666791a3', '000f335402b7f556bbb91598a3acb4598aa23b01732da45da1a9fc54132dc06e', 3988, 'RGB')",Start_time,2019-10-28 18:19:14.100085,End_time,2019-10-28 18:19:14.115083,Duration,0:00:00.014998
Task,"(157, '2019-10-28T22:19:14.116083', {'digest': 'C38B226D489D312EE7FC940C42E5651046F8827AFF9D8226CF06BAFA6591B217'}, '000769629d88d957089081e3e5f15a171d49209b61c944523486549add5107bc', '000e6f7b498fe527aabed5cf54bd2d67aa4ffe7d28b964c22325f514666791a3', 236, 'DB')",Start_time,2019-10-28 18:19:14.116083,End_time,2019-10-28 18:19:14.117083,Duration,0:00:00.001000
Task,"(158, '2019-10-28T22:19:15.140459', {'digest': 'C38B226D489D312EE7FC940C42E5651046F8827AFF9D8226CF06BAFA6591B217'}, '00019dd5bf6e3062a23233c3e0351b267bd67df68fd232d48abd890f528b5619', '000769629d88d957089081e3e5f15a171d49209b61c944523486549add5107bc', 1617, 'DB')",Start_time,2019-10-28 18:19:15.140459,End_time,2019-10-28 18:19:15.147458,Duration,0:00:00.006999
Task,"(159, '2019-10-28T22:19:16.173860', {'digest': 'C38B226D489D312EE7FC940C42E5651046F8827AFF9D8226CF06BAFA6591B217'}, '000d8a327cbb150df2b0cdee136aa138444f1cbf02c109061f0fa6ed138de50a', '00019dd5bf6e3062a23233c3e0351b267bd67df68fd232d48abd890f528b5619', 834, 'DB')",Start_time,2019-10-28 18:19:16.173860,End_time,2019-10-28 18:19:16.177808,Duration,0:00:00.003948
Task,"(160, '2019-10-28T22:19:17.202202', {'digest': 'C38B226D489D312EE7FC940C42E5651046F8827AFF9D8226CF06BAFA6591B217'}, '000227aeb181d31a738aed8c11a220138724fd424ea99753c9d659c87f2dbf02', '000d8a327cbb150df2b0cdee136aa138444f1cbf02c109061f0fa6ed138de50a', 509, 'DB')",Start_time,2019-10-28 18:19:17.202202,End_time,2019-10-28 18:19:17.204202,Duration,0:00:00.002000
Task,"(161, '2019-10-28T22:19:18.229799', {'digest': 'C38B226D489D312EE7FC940C42E5651046F8827AFF9D8226CF06BAFA6591B217'}, '0008921de1f175a0e4d4f3cf133726acd3937a7ea86434757e055e83cbde8d4b', '000227aeb181d31a738aed8c11a220138724fd424ea99753c9d659c87f2dbf02', 1191, 'DB')",Start_time,2019-10-28 18:19:18.229799,End_time,2019-10-28 18:19:18.234819,Duration,0:00:00.005020
Task,"(162, '2019-10-28T22:19:19.260221', {'digest': 'C38B226D489D312EE7FC940C42E5651046F8827AFF9D8226CF06BAFA6591B217'}, '000d85d7a777d3fb0dd66a1a2bc77e480c134ab9817661cca4aa310dfd93c753', '0008921de1f175a0e4d4f3cf133726acd3937a7ea86434757e055e83cbde8d4b', 847, 'DB')",Start_time,2019-10-28 18:19:19.260221,End_time,2019-10-28 18:19:19.263225,Duration,0:00:00.003004
Task,"(163, '2019-10-28T22:19:20.290668', {'digest': 'C38B226D489D312EE7FC940C42E5651046F8827AFF9D8226CF06BAFA6591B217'}, '00037136540918e759f3fc08772a9f5dbeaa9d8291c7a26dd514c23e90ef1ebd', '000d85d7a777d3fb0dd66a1a2bc77e480c134ab9817661cca4aa310dfd93c753', 2188, 'DB')",Start_time,2019-10-28 18:19:20.290668,End_time,2019-10-28 18:19:20.298720,Duration,0:00:00.008052
Task,"(164, '2019-10-28T22:19:21.325600', {'digest': 'C38B226D489D312EE7FC940C42E5651046F8827AFF9D8226CF06BAFA6591B217'}, '0006a0426b9a5f02e7ff311b1f23290468d7feeaa4a00b0a61adec590019a912', '00037136540918e759f3fc08772a9f5dbeaa9d8291c7a26dd514c23e90ef1ebd', 4820, 'DB')",Start_time,2019-10-28 18:19:21.325600,End_time,2019-10-28 18:19:21.350562,Duration,0:00:00.024962
Task,"(165, '2019-10-28T22:19:22.385526', {'digest': 'C38B226D489D312EE7FC940C42E5651046F8827AFF9D8226CF06BAFA6591B217'}, '000079533170870d17bf56243c2033d514add755b0a5053eb87fc1b1ee27afaa', '0006a0426b9a5f02e7ff311b1f23290468d7feeaa4a00b0a61adec590019a912', 2061, 'DB')",Start_time,2019-10-28 18:19:22.385526,End_time,2019-10-28 18:19:22.392520,Duration,0:00:00.006994
Task,"(166, '2019-10-28T22:19:23.414264', {'digest': 'C38B226D489D312EE7FC940C42E5651046F8827AFF9D8226CF06BAFA6591B217'}, '000b7b87c360164c4d2d0cb5bcabfad8a00af9aa7dc8543df289600333f9bdb6', '000079533170870d17bf56243c2033d514add755b0a5053eb87fc1b1ee27afaa', 3579, 'DB')",Start_time,2019-10-28 18:19:23.414264,End_time,2019-10-28 18:19:23.424359,Duration,0:00:00.010095
Task,"(167, '2019-10-28T22:19:23.425457', <LC.TB_data object at 0x00000226C5808898>, '000c863cca5bece7a8c90817436d4c810ce947a5301c232e6bbf3cebc8ea8b96', '000b7b87c360164c4d2d0cb5bcabfad8a00af9aa7dc8543df289600333f9bdb6', 12421, 'TB')",Start_time,2019-10-28 18:19:23.425457,End_time,2019-10-28 18:19:23.469492,Duration,0:00:00.044035
Task,"(168, '2019-10-28T22:19:24.657549', 'Relative Genesis Block', '00015fb5118463f52f69f2e3f998ce6d31b40adc39109bca65adacd440026d02', '000c863cca5bece7a8c90817436d4c810ce947a5301c232e6bbf3cebc8ea8b96', 1265, 'RGB')",Start_time,2019-10-28 18:19:24.657549,End_time,2019-10-28 18:19:24.661533,Duration,0:00:00.003984
Task,"(169, '2019-10-28T22:19:24.662535', {'digest': 'C38B226D489D312EE7FC940C42E5651046F8827AFF9D8226CF06BAFA6591B217'}, '000aa94792995d3aa907c7eaf78864a6ad61b26015f7537bac23754b228ab8c4', '00015fb5118463f52f69f2e3f998ce6d31b40adc39109bca65adacd440026d02', 6814, 'DB')",Start_time,2019-10-28 18:19:24.662535,End_time,2019-10-28 18:19:24.687533,Duration,0:00:00.024998
Task,"(170, '2019-10-28T22:19:25.715478', {'digest': 'C38B226D489D312EE7FC940C42E5651046F8827AFF9D8226CF06BAFA6591B217'}, '000a674c75c899b23c1a0c8aae09cb4394a0bf8c491bb9cf40c2966a6cd40775', '000aa94792995d3aa907c7eaf78864a6ad61b26015f7537bac23754b228ab8c4', 12181, 'DB')",Start_time,2019-10-28 18:19:25.715478,End_time,2019-10-28 18:19:25.754515,Duration,0:00:00.039037
Task,"(171, '2019-10-28T22:19:26.778395', {'digest': 'C38B226D489D312EE7FC940C42E5651046F8827AFF9D8226CF06BAFA6591B217'}, '000907054e4c748f559ddc5df07d268b40ed71db033286307fff32fc1144fe8c', '000a674c75c899b23c1a0c8aae09cb4394a0bf8c491bb9cf40c2966a6cd40775', 953, 'DB')",Start_time,2019-10-28 18:19:26.778395,End_time,2019-10-28 18:19:26.780397,Duration,0:00:00.002002
Task,"(172, '2019-10-28T22:19:27.808490', {'digest': 'C38B226D489D312EE7FC940C42E5651046F8827AFF9D8226CF06BAFA6591B217'}, '0000fea70bd9a0f6b21cb7c4da697fbb02ef93ff3899f31edc76021ca4b81145', '000907054e4c748f559ddc5df07d268b40ed71db033286307fff32fc1144fe8c', 2549, 'DB')",Start_time,2019-10-28 18:19:27.808490,End_time,2019-10-28 18:19:27.822492,Duration,0:00:00.014002
Task,"(173, '2019-10-28T22:19:28.870455', {'digest': 'C38B226D489D312EE7FC940C42E5651046F8827AFF9D8226CF06BAFA6591B217'}, '0006d0a231f57ae0f5b97d4713ada38183ab3ed8cd22eff6be49f49a67708704', '0000fea70bd9a0f6b21cb7c4da697fbb02ef93ff3899f31edc76021ca4b81145', 6808, 'DB')",Start_time,2019-10-28 18:19:28.870455,End_time,2019-10-28 18:19:28.891389,Duration,0:00:00.020934
Task,"(174, '2019-10-28T22:19:29.916249', {'digest': 'C38B226D489D312EE7FC940C42E5651046F8827AFF9D8226CF06BAFA6591B217'}, '000cefd879104376dbf3ab86ef06d4b4e6f9904056d7b045f87936c1050acc36', '0006d0a231f57ae0f5b97d4713ada38183ab3ed8cd22eff6be49f49a67708704', 2819, 'DB')",Start_time,2019-10-28 18:19:29.916249,End_time,2019-10-28 18:19:29.924994,Duration,0:00:00.008745
Task,"(175, '2019-10-28T22:19:30.950295', {'digest': 'C38B226D489D312EE7FC940C42E5651046F8827AFF9D8226CF06BAFA6591B217'}, '000d9165c79d72c9f3d5fc9ab749d7ecd50bbc0a3c22119995f53a8872cb7643', '000cefd879104376dbf3ab86ef06d4b4e6f9904056d7b045f87936c1050acc36', 6743, 'DB')",Start_time,2019-10-28 18:19:30.950295,End_time,2019-10-28 18:19:30.982262,Duration,0:00:00.031967
Task,"(176, '2019-10-28T22:19:32.005847', {'digest': 'C38B226D489D312EE7FC940C42E5651046F8827AFF9D8226CF06BAFA6591B217'}, '0003442fedb1e98ce72f2e937a89095c7733f054fd2a0a3fdb14214337c0341e', '000d9165c79d72c9f3d5fc9ab749d7ecd50bbc0a3c22119995f53a8872cb7643', 5587, 'DB')",Start_time,2019-10-28 18:19:32.005847,End_time,2019-10-28 18:19:32.025525,Duration,0:00:00.019678
Task,"(177, '2019-10-28T22:19:33.056291', {'digest': 'C38B226D489D312EE7FC940C42E5651046F8827AFF9D8226CF06BAFA6591B217'}, '0004a8b16e5112b98c668651fbecfeadaa174b3bfb60ffeaf59e32d457c234e8', '0003442fedb1e98ce72f2e937a89095c7733f054fd2a0a3fdb14214337c0341e', 3221, 'DB')",Start_time,2019-10-28 18:19:33.056291,End_time,2019-10-28 18:19:33.066255,Duration,0:00:00.009964
Task,"(178, '2019-10-28T22:19:34.095476', {'digest': 'C38B226D489D312EE7FC940C42E5651046F8827AFF9D8226CF06BAFA6591B217'}, '000447e9ecd6fb9c80a202ce7b0374932f2044dd66464c48f37effba33771f0f', '0004a8b16e5112b98c668651fbecfeadaa174b3bfb60ffeaf59e32d457c234e8', 10561, 'DB')",Start_time,2019-10-28 18:19:34.095476,End_time,2019-10-28 18:19:34.146689,Duration,0:00:00.051213
Task,"(179, '2019-10-28T22:19:34.148691', <LC.TB_data object at 0x00000226C57EDEB8>, '0000b6cfab06fcb20ed30cd3b81c9045001d75a803a15b4d3a0934518934bae9', '000447e9ecd6fb9c80a202ce7b0374932f2044dd66464c48f37effba33771f0f', 8697, 'TB')",Start_time,2019-10-28 18:19:34.148691,End_time,2019-10-28 18:19:34.178687,Duration,0:00:00.029996
Task,"(180, '2019-10-28T22:19:35.352605', 'Relative Genesis Block', '0001fd1435b0b00d84c8c7dcc08759845a58b118d58bc420f966efe4b13336e1', '0000b6cfab06fcb20ed30cd3b81c9045001d75a803a15b4d3a0934518934bae9', 5030, 'RGB')",Start_time,2019-10-28 18:19:35.352605,End_time,2019-10-28 18:19:35.366871,Duration,0:00:00.014266
Task,"(181, '2019-10-28T22:19:35.367837', {'digest': 'C38B226D489D312EE7FC940C42E5651046F8827AFF9D8226CF06BAFA6591B217'}, '00044fa7326b03f80a3ff91445f9b7e47a63784252e8143a6b834d01ded99dd7', '0001fd1435b0b00d84c8c7dcc08759845a58b118d58bc420f966efe4b13336e1', 4617, 'DB')",Start_time,2019-10-28 18:19:35.367837,End_time,2019-10-28 18:19:35.383431,Duration,0:00:00.015594
Task,"(182, '2019-10-28T22:19:36.404593', {'digest': 'C38B226D489D312EE7FC940C42E5651046F8827AFF9D8226CF06BAFA6591B217'}, '00067ab10069f61b2d434043c6abc3b3d6d885d56058d6f23bf2738947f1568c', '00044fa7326b03f80a3ff91445f9b7e47a63784252e8143a6b834d01ded99dd7', 16188, 'DB')",Start_time,2019-10-28 18:19:36.404593,End_time,2019-10-28 18:19:36.456366,Duration,0:00:00.051773
Task,"(183, '2019-10-28T22:19:37.477797', {'digest': 'C38B226D489D312EE7FC940C42E5651046F8827AFF9D8226CF06BAFA6591B217'}, '00046ef011f97f4593770d73c5671033db406d0b561826eda04b78b67bc348de', '00067ab10069f61b2d434043c6abc3b3d6d885d56058d6f23bf2738947f1568c', 1938, 'DB')",Start_time,2019-10-28 18:19:37.477797,End_time,2019-10-28 18:19:37.482793,Duration,0:00:00.004996
Task,"(184, '2019-10-28T22:19:38.507334', {'digest': 'C38B226D489D312EE7FC940C42E5651046F8827AFF9D8226CF06BAFA6591B217'}, '000716b45991257d28e381ce3bfaa88b16f06327795e1e79f5e02de4dff7d868', '00046ef011f97f4593770d73c5671033db406d0b561826eda04b78b67bc348de', 5311, 'DB')",Start_time,2019-10-28 18:19:38.507334,End_time,2019-10-28 18:19:38.537356,Duration,0:00:00.030022
Task,"(185, '2019-10-28T22:19:39.563022', {'digest': 'C38B226D489D312EE7FC940C42E5651046F8827AFF9D8226CF06BAFA6591B217'}, '0002729475456d1bf3df4851ee2f6fc641158f5a5142c1864b5706474033314b', '000716b45991257d28e381ce3bfaa88b16f06327795e1e79f5e02de4dff7d868', 1742, 'DB')",Start_time,2019-10-28 18:19:39.563022,End_time,2019-10-28 18:19:39.572004,Duration,0:00:00.008982
Task,"(186, '2019-10-28T22:19:40.605572', {'digest': 'C38B226D489D312EE7FC940C42E5651046F8827AFF9D8226CF06BAFA6591B217'}, '000a39200a2b899d82685fa0faa413a2080802995a27879ff840c3bf95f0f76d', '0002729475456d1bf3df4851ee2f6fc641158f5a5142c1864b5706474033314b', 5911, 'DB')",Start_time,2019-10-28 18:19:40.605572,End_time,2019-10-28 18:19:40.641567,Duration,0:00:00.035995
Task,"(187, '2019-10-28T22:19:41.667795', {'digest': 'C38B226D489D312EE7FC940C42E5651046F8827AFF9D8226CF06BAFA6591B217'}, '0007673ddc5de100e27119792661f7de93557caf0d3c09eecdc59e44d0851019', '000a39200a2b899d82685fa0faa413a2080802995a27879ff840c3bf95f0f76d', 1343, 'DB')",Start_time,2019-10-28 18:19:41.667795,End_time,2019-10-28 18:19:41.671830,Duration,0:00:00.004035
Task,"(188, '2019-10-28T22:19:42.696766', {'digest': 'C38B226D489D312EE7FC940C42E5651046F8827AFF9D8226CF06BAFA6591B217'}, '000c6e700eaba5a714a3ec7603b582e8262577723aa5520e65f44548da5588cd', '0007673ddc5de100e27119792661f7de93557caf0d3c09eecdc59e44d0851019', 3060, 'DB')",Start_time,2019-10-28 18:19:42.696766,End_time,2019-10-28 18:19:42.717768,Duration,0:00:00.021002
Task,"(189, '2019-10-28T22:19:43.740209', {'digest': 'C38B226D489D312EE7FC940C42E5651046F8827AFF9D8226CF06BAFA6591B217'}, '0007e885cf2fead5f57f351ce6153d49904cfb3bed5aef332deb0b16e9dc6518', '000c6e700eaba5a714a3ec7603b582e8262577723aa5520e65f44548da5588cd', 2694, 'DB')",Start_time,2019-10-28 18:19:43.740209,End_time,2019-10-28 18:19:43.749243,Duration,0:00:00.009034
Task,"(190, '2019-10-28T22:19:44.780932', {'digest': 'C38B226D489D312EE7FC940C42E5651046F8827AFF9D8226CF06BAFA6591B217'}, '000db149809e4f7ae87d9c80cfd5e7e68c7c241826b69592dc2d0c22bc4cdc00', '0007e885cf2fead5f57f351ce6153d49904cfb3bed5aef332deb0b16e9dc6518', 502, 'DB')",Start_time,2019-10-28 18:19:44.780932,End_time,2019-10-28 18:19:44.781932,Duration,0:00:00.001000
Task,"(191, '2019-10-28T22:19:44.784232', <LC.TB_data object at 0x00000226C581B5C0>, '000f121bf28487acbad510db2f9c464ae1a96ba1803f39e4074ea8f02d878f3b', '000db149809e4f7ae87d9c80cfd5e7e68c7c241826b69592dc2d0c22bc4cdc00', 528, 'TB')",Start_time,2019-10-28 18:19:44.784232,End_time,2019-10-28 18:19:44.787230,Duration,0:00:00.002998
Task,"(192, '2019-10-28T22:19:45.979915', 'Relative Genesis Block', '0009fa2a0cda9ccc62bd0d8f9c53e8e3b91cf9d25bff43501f79fda7d0bc0b45', '000f121bf28487acbad510db2f9c464ae1a96ba1803f39e4074ea8f02d878f3b', 2243, 'RGB')",Start_time,2019-10-28 18:19:45.979915,End_time,2019-10-28 18:19:45.989916,Duration,0:00:00.010001
Task,"(193, '2019-10-28T22:19:45.991912', {'digest': 'C38B226D489D312EE7FC940C42E5651046F8827AFF9D8226CF06BAFA6591B217'}, '000baaa2c932c054a77b74924411c2c33455c2e8295dfaaafa27fe6d5059ed00', '0009fa2a0cda9ccc62bd0d8f9c53e8e3b91cf9d25bff43501f79fda7d0bc0b45', 392, 'DB')",Start_time,2019-10-28 18:19:45.991912,End_time,2019-10-28 18:19:45.993912,Duration,0:00:00.002000
Task,"(194, '2019-10-28T22:19:47.022665', {'digest': 'C38B226D489D312EE7FC940C42E5651046F8827AFF9D8226CF06BAFA6591B217'}, '000b00d678f691259333bdaed99e85e38c8195499363e258a7aae93b666fad6f', '000baaa2c932c054a77b74924411c2c33455c2e8295dfaaafa27fe6d5059ed00', 3579, 'DB')",Start_time,2019-10-28 18:19:47.022665,End_time,2019-10-28 18:19:47.037626,Duration,0:00:00.014961
Task,"(195, '2019-10-28T22:19:48.069337', {'digest': 'C38B226D489D312EE7FC940C42E5651046F8827AFF9D8226CF06BAFA6591B217'}, '00019bf7ebd37f790a7373ba19a8413fb4f95b203b3641577fa6892d7ac5bc15', '000b00d678f691259333bdaed99e85e38c8195499363e258a7aae93b666fad6f', 922, 'DB')",Start_time,2019-10-28 18:19:48.069337,End_time,2019-10-28 18:19:48.071338,Duration,0:00:00.002001
Task,"(196, '2019-10-28T22:19:49.097227', {'digest': 'C38B226D489D312EE7FC940C42E5651046F8827AFF9D8226CF06BAFA6591B217'}, '00075205bf6d3e6c27760b8d84c81cd7e8bc49e525b92240c84a314a600912ac', '00019bf7ebd37f790a7373ba19a8413fb4f95b203b3641577fa6892d7ac5bc15', 2330, 'DB')",Start_time,2019-10-28 18:19:49.097227,End_time,2019-10-28 18:19:49.106222,Duration,0:00:00.008995
Task,"(197, '2019-10-28T22:19:50.132168', {'digest': 'C38B226D489D312EE7FC940C42E5651046F8827AFF9D8226CF06BAFA6591B217'}, '0001922cb7051b40c483b3b3032f902ce28302a4042bca9f1428f77659a4046c', '00075205bf6d3e6c27760b8d84c81cd7e8bc49e525b92240c84a314a600912ac', 2036, 'DB')",Start_time,2019-10-28 18:19:50.132168,End_time,2019-10-28 18:19:50.139421,Duration,0:00:00.007253
Task,"(198, '2019-10-28T22:19:51.163291', {'digest': 'C38B226D489D312EE7FC940C42E5651046F8827AFF9D8226CF06BAFA6591B217'}, '000029910288945749bb87865146599f6043ca0d7ce263382347b46df5c184f8', '0001922cb7051b40c483b3b3032f902ce28302a4042bca9f1428f77659a4046c', 15, 'DB')",Start_time,2019-10-28 18:19:51.163291,End_time,2019-10-28 18:19:51.164329,Duration,0:00:00.001038
Task,"(199, '2019-10-28T22:19:52.217826', {'digest': 'C38B226D489D312EE7FC940C42E5651046F8827AFF9D8226CF06BAFA6591B217'}, '000a5ed53da3493a30fd43dfc592593dad9993dbd9d686f6721c5bf53266bf35', '000029910288945749bb87865146599f6043ca0d7ce263382347b46df5c184f8', 257, 'DB')",Start_time,2019-10-28 18:19:52.217826,End_time,2019-10-28 18:19:52.218826,Duration,0:00:00.001000
Task,"(200, '2019-10-28T22:19:53.241382', {'digest': 'C38B226D489D312EE7FC940C42E5651046F8827AFF9D8226CF06BAFA6591B217'}, '00074b5e08e8f807e357301598f507e6d4e968687516150b68cb9ef41d3b5799', '000a5ed53da3493a30fd43dfc592593dad9993dbd9d686f6721c5bf53266bf35', 2329, 'DB')",Start_time,2019-10-28 18:19:53.241382,End_time,2019-10-28 18:19:53.249383,Duration,0:00:00.008001
Task,"(201, '2019-10-28T22:19:54.274111', {'digest': 'C38B226D489D312EE7FC940C42E5651046F8827AFF9D8226CF06BAFA6591B217'}, '0009703e298084217f8a6945b2f6eb34736d00a51230c7f08aed0e4d03d391a1', '00074b5e08e8f807e357301598f507e6d4e968687516150b68cb9ef41d3b5799', 765, 'DB')",Start_time,2019-10-28 18:19:54.274111,End_time,2019-10-28 18:19:54.278079,Duration,0:00:00.003968
Task,"(202, '2019-10-28T22:19:55.311435', {'digest': 'C38B226D489D312EE7FC940C42E5651046F8827AFF9D8226CF06BAFA6591B217'}, '0000ffe95af5274ddcadcc99b76b5e59ece86f32f38868ad7f4de90e25fd8673', '0009703e298084217f8a6945b2f6eb34736d00a51230c7f08aed0e4d03d391a1', 5121, 'DB')",Start_time,2019-10-28 18:19:55.311435,End_time,2019-10-28 18:19:55.334470,Duration,0:00:00.023035
Task,"(203, '2019-10-28T22:19:55.335469', <LC.TB_data object at 0x00000226C57BF048>, '000a885c61bd08ce9a9a50b5f17353a4833e88998195e181016bad871c2e163f', '0000ffe95af5274ddcadcc99b76b5e59ece86f32f38868ad7f4de90e25fd8673', 7327, 'TB')",Start_time,2019-10-28 18:19:55.335469,End_time,2019-10-28 18:19:55.352432,Duration,0:00:00.016963
Task,"(204, '2019-10-28T22:19:56.530402', 'Relative Genesis Block', '000e0cb828ebf0f7307e5ba7894ff774f591e56cbfe3dd3b1260345dd4378435', '000a885c61bd08ce9a9a50b5f17353a4833e88998195e181016bad871c2e163f', 12191, 'RGB')",Start_time,2019-10-28 18:19:56.530402,End_time,2019-10-28 18:19:56.569401,Duration,0:00:00.038999
Task,"(205, '2019-10-28T22:19:56.570401', {'digest': 'C38B226D489D312EE7FC940C42E5651046F8827AFF9D8226CF06BAFA6591B217'}, '000d671aa2bc6ad03cec8886c81c47bcbc43547318ce112c719d5e734ec89f8c', '000e0cb828ebf0f7307e5ba7894ff774f591e56cbfe3dd3b1260345dd4378435', 9917, 'DB')",Start_time,2019-10-28 18:19:56.570401,End_time,2019-10-28 18:19:56.601399,Duration,0:00:00.030998
Task,"(206, '2019-10-28T22:19:57.628545', {'digest': 'C38B226D489D312EE7FC940C42E5651046F8827AFF9D8226CF06BAFA6591B217'}, '000abe7e870e0d14f0929da1b7d13798a5f8ee85b79019833eddfe865a1f8525', '000d671aa2bc6ad03cec8886c81c47bcbc43547318ce112c719d5e734ec89f8c', 12252, 'DB')",Start_time,2019-10-28 18:19:57.628545,End_time,2019-10-28 18:19:57.683544,Duration,0:00:00.054999
Task,"(207, '2019-10-28T22:19:58.705215', {'digest': 'C38B226D489D312EE7FC940C42E5651046F8827AFF9D8226CF06BAFA6591B217'}, '000526594967bfd5688922d0df54eef1ad7739d44b48fc72257fdc9b727bf92c', '000abe7e870e0d14f0929da1b7d13798a5f8ee85b79019833eddfe865a1f8525', 4465, 'DB')",Start_time,2019-10-28 18:19:58.705215,End_time,2019-10-28 18:19:58.726213,Duration,0:00:00.020998
Task,"(208, '2019-10-28T22:19:59.753421', {'digest': 'C38B226D489D312EE7FC940C42E5651046F8827AFF9D8226CF06BAFA6591B217'}, '000cfcafbefa78e23c5d94e5ebd609398efdef01ebbfbe0815d118dd64871276', '000526594967bfd5688922d0df54eef1ad7739d44b48fc72257fdc9b727bf92c', 725, 'DB')",Start_time,2019-10-28 18:19:59.753421,End_time,2019-10-28 18:19:59.757419,Duration,0:00:00.003998
Task,"(209, '2019-10-28T22:20:00.799924', {'digest': 'C38B226D489D312EE7FC940C42E5651046F8827AFF9D8226CF06BAFA6591B217'}, '000d3d89e2667048cc7b7d91ebb9661629d96577ff99a499767e10fe378c89e1', '000cfcafbefa78e23c5d94e5ebd609398efdef01ebbfbe0815d118dd64871276', 645, 'DB')",Start_time,2019-10-28 18:20:00.799924,End_time,2019-10-28 18:20:00.801924,Duration,0:00:00.002000
Task,"(210, '2019-10-28T22:20:01.831195', {'digest': 'C38B226D489D312EE7FC940C42E5651046F8827AFF9D8226CF06BAFA6591B217'}, '00079173ca92d3cd2d4311163bbed24d1904126fe0f75946479bc876d0fe89d1', '000d3d89e2667048cc7b7d91ebb9661629d96577ff99a499767e10fe378c89e1', 7067, 'DB')",Start_time,2019-10-28 18:20:01.831195,End_time,2019-10-28 18:20:01.866194,Duration,0:00:00.034999
Task,"(211, '2019-10-28T22:20:02.890755', {'digest': 'C38B226D489D312EE7FC940C42E5651046F8827AFF9D8226CF06BAFA6591B217'}, '000361451c2dd9de8edb4a01302b808eb10e92e0bef876df1831e4541f19365d', '00079173ca92d3cd2d4311163bbed24d1904126fe0f75946479bc876d0fe89d1', 3399, 'DB')",Start_time,2019-10-28 18:20:02.890755,End_time,2019-10-28 18:20:02.907751,Duration,0:00:00.016996
Task,"(212, '2019-10-28T22:20:03.932171', {'digest': 'C38B226D489D312EE7FC940C42E5651046F8827AFF9D8226CF06BAFA6591B217'}, '000ad11be90bf00988c436af42ba62fd334b174a804d0fd812bd1a8536530f6a', '000361451c2dd9de8edb4a01302b808eb10e92e0bef876df1831e4541f19365d', 1699, 'DB')",Start_time,2019-10-28 18:20:03.932171,End_time,2019-10-28 18:20:03.944982,Duration,0:00:00.012811
Task,"(213, '2019-10-28T22:20:04.978555', {'digest': 'C38B226D489D312EE7FC940C42E5651046F8827AFF9D8226CF06BAFA6591B217'}, '000a7e73b3562300280cb73d76cc06e10f8e8da9f734281c858e9062af8a59c1', '000ad11be90bf00988c436af42ba62fd334b174a804d0fd812bd1a8536530f6a', 5622, 'DB')",Start_time,2019-10-28 18:20:04.978555,End_time,2019-10-28 18:20:04.998554,Duration,0:00:00.019999
Task,"(214, '2019-10-28T22:20:06.025833', {'digest': 'C38B226D489D312EE7FC940C42E5651046F8827AFF9D8226CF06BAFA6591B217'}, '0003c9ce0d1889bc73d04519629157cff4f6840673a10af78a23dd48ba6fad66', '000a7e73b3562300280cb73d76cc06e10f8e8da9f734281c858e9062af8a59c1', 510, 'DB')",Start_time,2019-10-28 18:20:06.025833,End_time,2019-10-28 18:20:06.027831,Duration,0:00:00.001998
Task,"(215, '2019-10-28T22:20:06.028830', <LC.TB_data object at 0x00000226C5808860>, '000982778c58b95932f2bd1aae7479dd876f442126cb59876f4cac05fc757f52', '0003c9ce0d1889bc73d04519629157cff4f6840673a10af78a23dd48ba6fad66', 2439, 'TB')",Start_time,2019-10-28 18:20:06.028830,End_time,2019-10-28 18:20:06.055831,Duration,0:00:00.027001
Task,"(216, '2019-10-28T22:20:07.238263', 'Relative Genesis Block', '000ee0b920ca213f7719b01e022393cb291d8871f0f3ff3ec862acfc0c5127e6', '000982778c58b95932f2bd1aae7479dd876f442126cb59876f4cac05fc757f52', 1226, 'RGB')",Start_time,2019-10-28 18:20:07.238263,End_time,2019-10-28 18:20:07.240257,Duration,0:00:00.001994
Task,"(217, '2019-10-28T22:20:07.242260', {'digest': 'C38B226D489D312EE7FC940C42E5651046F8827AFF9D8226CF06BAFA6591B217'}, '00018271e28b4bb5a6afa31b18edadcf3a14143f4c1cb86ac5ccf38dce2ae4e6', '000ee0b920ca213f7719b01e022393cb291d8871f0f3ff3ec862acfc0c5127e6', 2320, 'DB')",Start_time,2019-10-28 18:20:07.242260,End_time,2019-10-28 18:20:07.252256,Duration,0:00:00.009996
Task,"(218, '2019-10-28T22:20:08.276220', {'digest': 'C38B226D489D312EE7FC940C42E5651046F8827AFF9D8226CF06BAFA6591B217'}, '00004be2d997080b5d410623f563e3694c5c6e35b8b0a1f26a5550128254df12', '00018271e28b4bb5a6afa31b18edadcf3a14143f4c1cb86ac5ccf38dce2ae4e6', 119, 'DB')",Start_time,2019-10-28 18:20:08.276220,End_time,2019-10-28 18:20:08.277199,Duration,0:00:00.000979
Task,"(219, '2019-10-28T22:20:09.312189', {'digest': 'C38B226D489D312EE7FC940C42E5651046F8827AFF9D8226CF06BAFA6591B217'}, '00081e3e6a84ece00022405fefc948f833eb8cf85022a712c8effe700c183034', '00004be2d997080b5d410623f563e3694c5c6e35b8b0a1f26a5550128254df12', 4417, 'DB')",Start_time,2019-10-28 18:20:09.312189,End_time,2019-10-28 18:20:09.338185,Duration,0:00:00.025996
Task,"(220, '2019-10-28T22:20:10.363409', {'digest': 'C38B226D489D312EE7FC940C42E5651046F8827AFF9D8226CF06BAFA6591B217'}, '000e0047d1c3f49341c149ffc8bb43028d7e05ff5c85f56fd4dfbad1945e2968', '00081e3e6a84ece00022405fefc948f833eb8cf85022a712c8effe700c183034', 612, 'DB')",Start_time,2019-10-28 18:20:10.363409,End_time,2019-10-28 18:20:10.365415,Duration,0:00:00.002006
Task,"(221, '2019-10-28T22:20:11.391910', {'digest': 'C38B226D489D312EE7FC940C42E5651046F8827AFF9D8226CF06BAFA6591B217'}, '000accbcfb1616907fe8a9a0b3ff4c0f5eeca6fbca63934d61ea84fa7ea869c6', '000e0047d1c3f49341c149ffc8bb43028d7e05ff5c85f56fd4dfbad1945e2968', 8046, 'DB')",Start_time,2019-10-28 18:20:11.391910,End_time,2019-10-28 18:20:11.423907,Duration,0:00:00.031997
Task,"(222, '2019-10-28T22:20:12.453648', {'digest': 'C38B226D489D312EE7FC940C42E5651046F8827AFF9D8226CF06BAFA6591B217'}, '0008636872ba16f1903964a6b010efdf4722851409a2dd80ec8f3f3f7b6d4ea0', '000accbcfb1616907fe8a9a0b3ff4c0f5eeca6fbca63934d61ea84fa7ea869c6', 37, 'DB')",Start_time,2019-10-28 18:20:12.453648,End_time,2019-10-28 18:20:12.454608,Duration,0:00:00.000960
Task,"(223, '2019-10-28T22:20:13.483610', {'digest': 'C38B226D489D312EE7FC940C42E5651046F8827AFF9D8226CF06BAFA6591B217'}, '0002d04779a87909b7cbf08c02d3303ab88b49c0dd4f43d731a01f78c6ca784a', '0008636872ba16f1903964a6b010efdf4722851409a2dd80ec8f3f3f7b6d4ea0', 11342, 'DB')",Start_time,2019-10-28 18:20:13.483610,End_time,2019-10-28 18:20:13.528607,Duration,0:00:00.044997
Task,"(224, '2019-10-28T22:20:14.551358', {'digest': 'C38B226D489D312EE7FC940C42E5651046F8827AFF9D8226CF06BAFA6591B217'}, '000e4b244cc37f5d4d0fd0a29a137833a868f3d617e2ba2502f87140988c2c80', '0002d04779a87909b7cbf08c02d3303ab88b49c0dd4f43d731a01f78c6ca784a', 1629, 'DB')",Start_time,2019-10-28 18:20:14.551358,End_time,2019-10-28 18:20:14.557358,Duration,0:00:00.006000
Task,"(225, '2019-10-28T22:20:15.584406', {'digest': 'C38B226D489D312EE7FC940C42E5651046F8827AFF9D8226CF06BAFA6591B217'}, '000165da5328224fa0dae4d30f1576641d2cd102430abb25870f4dfa59dd3cd6', '000e4b244cc37f5d4d0fd0a29a137833a868f3d617e2ba2502f87140988c2c80', 1229, 'DB')",Start_time,2019-10-28 18:20:15.584406,End_time,2019-10-28 18:20:15.589409,Duration,0:00:00.005003
Task,"(226, '2019-10-28T22:20:16.614148', {'digest': 'C38B226D489D312EE7FC940C42E5651046F8827AFF9D8226CF06BAFA6591B217'}, '000636484d3da6c63e5d70ffac83e8474d629ddb7f472339ccdd6b421e742b17', '000165da5328224fa0dae4d30f1576641d2cd102430abb25870f4dfa59dd3cd6', 4386, 'DB')",Start_time,2019-10-28 18:20:16.614148,End_time,2019-10-28 18:20:16.636148,Duration,0:00:00.022000
Task,"(227, '2019-10-28T22:20:16.638147', <LC.TB_data object at 0x00000226C57FE080>, '0001991bd3f8065e550f92420837a1e54f3095aa26978d80cfd97c49cbe18025', '000636484d3da6c63e5d70ffac83e8474d629ddb7f472339ccdd6b421e742b17', 348, 'TB')",Start_time,2019-10-28 18:20:16.638147,End_time,2019-10-28 18:20:16.640147,Duration,0:00:00.002000
Task,"(228, '2019-10-28T22:20:17.808189', 'Relative Genesis Block', '000d47e35987dfea9205a6fc369995f380ac880dbb796e40272008579b5085f4', '0001991bd3f8065e550f92420837a1e54f3095aa26978d80cfd97c49cbe18025', 1428, 'RGB')",Start_time,2019-10-28 18:20:17.808189,End_time,2019-10-28 18:20:17.816207,Duration,0:00:00.008018
Task,"(229, '2019-10-28T22:20:17.819269', {'digest': 'C38B226D489D312EE7FC940C42E5651046F8827AFF9D8226CF06BAFA6591B217'}, '000e0474deefc57f08989225d838978327e72b5e90fa6ad30b7fce8d1be8470a', '000d47e35987dfea9205a6fc369995f380ac880dbb796e40272008579b5085f4', 1742, 'DB')",Start_time,2019-10-28 18:20:17.818220,End_time,2019-10-28 18:20:17.826186,Duration,0:00:00.007966
Task,"(230, '2019-10-28T22:20:18.852524', {'digest': 'C38B226D489D312EE7FC940C42E5651046F8827AFF9D8226CF06BAFA6591B217'}, '00047ee50ae0c40e26746b15cbd4580f39d7e0cd1c18a08d29d0c0e76422e194', '000e0474deefc57f08989225d838978327e72b5e90fa6ad30b7fce8d1be8470a', 2774, 'DB')",Start_time,2019-10-28 18:20:18.852524,End_time,2019-10-28 18:20:18.866526,Duration,0:00:00.014002
Task,"(231, '2019-10-28T22:20:19.902174', {'digest': 'C38B226D489D312EE7FC940C42E5651046F8827AFF9D8226CF06BAFA6591B217'}, '0004775545f58c58b9a34c314fcd976661a20c81fd401ccb6035413dfd004ce1', '00047ee50ae0c40e26746b15cbd4580f39d7e0cd1c18a08d29d0c0e76422e194', 86, 'DB')",Start_time,2019-10-28 18:20:19.902174,End_time,2019-10-28 18:20:19.902174,Duration,0:00:00
Task,"(232, '2019-10-28T22:20:20.925509', {'digest': 'C38B226D489D312EE7FC940C42E5651046F8827AFF9D8226CF06BAFA6591B217'}, '0005b68d3829bfade7bd1505ae80c42ba044e28a89515b41578ef66662c1fbf5', '0004775545f58c58b9a34c314fcd976661a20c81fd401ccb6035413dfd004ce1', 1777, 'DB')",Start_time,2019-10-28 18:20:20.925509,End_time,2019-10-28 18:20:20.935504,Duration,0:00:00.009995
Task,"(233, '2019-10-28T22:20:21.961482', {'digest': 'C38B226D489D312EE7FC940C42E5651046F8827AFF9D8226CF06BAFA6591B217'}, '0001ad5d0a5c7a0c5aea0d8034fe0a4b05f4bb6f2d1c59885f30625b3a023eeb', '0005b68d3829bfade7bd1505ae80c42ba044e28a89515b41578ef66662c1fbf5', 3514, 'DB')",Start_time,2019-10-28 18:20:21.961482,End_time,2019-10-28 18:20:21.977483,Duration,0:00:00.016001
Task,"(234, '2019-10-28T22:20:23.000447', {'digest': 'C38B226D489D312EE7FC940C42E5651046F8827AFF9D8226CF06BAFA6591B217'}, '00030285507a2bce7bf09d79db73278508414093b1efcc056137115d962a9c0e', '0001ad5d0a5c7a0c5aea0d8034fe0a4b05f4bb6f2d1c59885f30625b3a023eeb', 719, 'DB')",Start_time,2019-10-28 18:20:23.000447,End_time,2019-10-28 18:20:23.003469,Duration,0:00:00.003022
Task,"(235, '2019-10-28T22:20:24.035359', {'digest': 'C38B226D489D312EE7FC940C42E5651046F8827AFF9D8226CF06BAFA6591B217'}, '000f1525f1fe76b493abb473718ab28d7040172c96b7bf83492e448c41b4b71a', '00030285507a2bce7bf09d79db73278508414093b1efcc056137115d962a9c0e', 6521, 'DB')",Start_time,2019-10-28 18:20:24.035359,End_time,2019-10-28 18:20:24.060351,Duration,0:00:00.024992
Task,"(236, '2019-10-28T22:20:25.084411', {'digest': 'C38B226D489D312EE7FC940C42E5651046F8827AFF9D8226CF06BAFA6591B217'}, '000c12f624d9c5140b19402c980663cf5a3f4de561d5be37858a336c30aa0ca4', '000f1525f1fe76b493abb473718ab28d7040172c96b7bf83492e448c41b4b71a', 13866, 'DB')",Start_time,2019-10-28 18:20:25.084411,End_time,2019-10-28 18:20:25.169409,Duration,0:00:00.084998
Task,"(237, '2019-10-28T22:20:26.198561', {'digest': 'C38B226D489D312EE7FC940C42E5651046F8827AFF9D8226CF06BAFA6591B217'}, '0004f227a2ff6b697578f278911fac9a9771342d08ca5090719825d1b5b8d5e9', '000c12f624d9c5140b19402c980663cf5a3f4de561d5be37858a336c30aa0ca4', 5439, 'DB')",Start_time,2019-10-28 18:20:26.198561,End_time,2019-10-28 18:20:26.228561,Duration,0:00:00.030000
Task,"(238, '2019-10-28T22:20:27.255549', {'digest': 'C38B226D489D312EE7FC940C42E5651046F8827AFF9D8226CF06BAFA6591B217'}, '000db65be59d9ab66ee5cfb918741349b29548502e2d1e77e658928f86c49bc2', '0004f227a2ff6b697578f278911fac9a9771342d08ca5090719825d1b5b8d5e9', 5317, 'DB')",Start_time,2019-10-28 18:20:27.255549,End_time,2019-10-28 18:20:27.279547,Duration,0:00:00.023998
Task,"(239, '2019-10-28T22:20:27.281548', <LC.TB_data object at 0x00000226C47AFEB8>, '0006b38f8eeaadd92d963d7e01aec77b8a1b52805f2e183819a608409148a36a', '000db65be59d9ab66ee5cfb918741349b29548502e2d1e77e658928f86c49bc2', 59, 'TB')",Start_time,2019-10-28 18:20:27.280549,End_time,2019-10-28 18:20:27.281548,Duration,0:00:00.000999
