Task,"(0, '2018-09-23T15:32:15.996269', 'Absolute Genesis Block', '0009093054653c3e0edeebff8bfbb60a6f43fb1600708467ba44585063300b2b', '0000000000000000000000000000000000000000000000000000000000000000', 6851, 'AGB')",Start_time,2018-09-23 11:32:15.996269,End_time,2018-09-23 11:32:16.021199,Duration,0:00:00.024930
Task,"(1, '2018-09-23T15:32:16.026188', {'digest': '50E721E49C013F00C62CF59F2163542A9D8DF02464EFEB615D31051B0FDDC326'}, '0002bc19914b6ffdf005b07a1ff0282fa6c7dd4cef4b47db700d45e2aac3be2c', '0009093054653c3e0edeebff8bfbb60a6f43fb1600708467ba44585063300b2b', 6027, 'DB')",Start_time,2018-09-23 11:32:16.026188,End_time,2018-09-23 11:32:16.054112,Duration,0:00:00.027924
Task,"(2, '2018-09-23T15:32:17.613141', {'digest': '50E721E49C013F00C62CF59F2163542A9D8DF02464EFEB615D31051B0FDDC326'}, '000e5941ac37c8bf1ac8d3a8480d773b180e8bcc3cb12b076d7792deb1a42815', '0002bc19914b6ffdf005b07a1ff0282fa6c7dd4cef4b47db700d45e2aac3be2c', 4662, 'DB')",Start_time,2018-09-23 11:32:17.613141,End_time,2018-09-23 11:32:17.625107,Duration,0:00:00.011966
Task,"(3, '2018-09-23T15:32:19.080218', {'digest': '50E721E49C013F00C62CF59F2163542A9D8DF02464EFEB615D31051B0FDDC326'}, '00011f9a56d836f8fe0c28451c641a473d99d1b11b7d3fb28a5b2e5ab581b20d', '000e5941ac37c8bf1ac8d3a8480d773b180e8bcc3cb12b076d7792deb1a42815', 6333, 'DB')",Start_time,2018-09-23 11:32:19.080218,End_time,2018-09-23 11:32:19.094180,Duration,0:00:00.013962
Task,"(4, '2018-09-23T15:32:20.463714', {'digest': '50E721E49C013F00C62CF59F2163542A9D8DF02464EFEB615D31051B0FDDC326'}, '00084023d13d763363f31803cb5de46bbae04e577d2c27e3d56914f2fda804b8', '00011f9a56d836f8fe0c28451c641a473d99d1b11b7d3fb28a5b2e5ab581b20d', 11923, 'DB')",Start_time,2018-09-23 11:32:20.463714,End_time,2018-09-23 11:32:20.509588,Duration,0:00:00.045874
Task,"(5, '2018-09-23T15:32:21.963701', {'digest': '50E721E49C013F00C62CF59F2163542A9D8DF02464EFEB615D31051B0FDDC326'}, '000b07928c37a862d5b09a99266559269316a8b5531d4d10c5635f4315625135', '00084023d13d763363f31803cb5de46bbae04e577d2c27e3d56914f2fda804b8', 1009, 'DB')",Start_time,2018-09-23 11:32:21.963701,End_time,2018-09-23 11:32:21.969688,Duration,0:00:00.005987
Task,"(6, '2018-09-23T15:32:23.340020', {'digest': '50E721E49C013F00C62CF59F2163542A9D8DF02464EFEB615D31051B0FDDC326'}, '00022f7fc4d5abf742e9b64f2a60234e71ca874a861b355d5e5b14be83f030f8', '000b07928c37a862d5b09a99266559269316a8b5531d4d10c5635f4315625135', 20804, 'DB')",Start_time,2018-09-23 11:32:23.340020,End_time,2018-09-23 11:32:23.388888,Duration,0:00:00.048868
Task,"(7, '2018-09-23T15:32:24.750252', {'digest': '50E721E49C013F00C62CF59F2163542A9D8DF02464EFEB615D31051B0FDDC326'}, '000f77f62ed15bd5bd7774aef7d3e9649ecd71778f5df418dc2094dca8f0292f', '00022f7fc4d5abf742e9b64f2a60234e71ca874a861b355d5e5b14be83f030f8', 10428, 'DB')",Start_time,2018-09-23 11:32:24.750252,End_time,2018-09-23 11:32:24.773187,Duration,0:00:00.022935
Task,"(8, '2018-09-23T15:32:26.128746', {'digest': '50E721E49C013F00C62CF59F2163542A9D8DF02464EFEB615D31051B0FDDC326'}, '0004608781dcd088ffa14229542a68e82b01bda5053aac7062a9255163537a13', '000f77f62ed15bd5bd7774aef7d3e9649ecd71778f5df418dc2094dca8f0292f', 1319, 'DB')",Start_time,2018-09-23 11:32:26.128746,End_time,2018-09-23 11:32:26.137755,Duration,0:00:00.009009
Task,"(9, '2018-09-23T15:32:27.603803', {'digest': '50E721E49C013F00C62CF59F2163542A9D8DF02464EFEB615D31051B0FDDC326'}, '000175b1aa631393e73cc19b4fa2fcbaf17a0aaaf36d6231388295da8f7b7ac5', '0004608781dcd088ffa14229542a68e82b01bda5053aac7062a9255163537a13', 3792, 'DB')",Start_time,2018-09-23 11:32:27.603803,End_time,2018-09-23 11:32:27.619792,Duration,0:00:00.015989
Task,"(10, '2018-09-23T15:32:28.981121', {'digest': '50E721E49C013F00C62CF59F2163542A9D8DF02464EFEB615D31051B0FDDC326'}, '000e7c99738aba1413392ce4e930d6e7854708ad58278c41072591912fdfc02e', '000175b1aa631393e73cc19b4fa2fcbaf17a0aaaf36d6231388295da8f7b7ac5', 5526, 'DB')",Start_time,2018-09-23 11:32:28.981121,End_time,2018-09-23 11:32:28.996080,Duration,0:00:00.014959
Task,"(11, '2018-09-23T15:32:29.002065', <LC.TB_data object at 0x0000023610B79240>, '000d0fdb13779b360313024d332eac2e21c4a2116f1d879394e36f6e6d6b6d51', '000e7c99738aba1413392ce4e930d6e7854708ad58278c41072591912fdfc02e', 4411, 'TB')",Start_time,2018-09-23 11:32:29.002065,End_time,2018-09-23 11:32:29.012038,Duration,0:00:00.009973
Task,"(12, '2018-09-23T15:33:01.959060', 'Relative Genesis Block', '0002eeaf333375e010ace618499ed8c11c7853d9a33d66e68fa80b27e09a362c', '000d0fdb13779b360313024d332eac2e21c4a2116f1d879394e36f6e6d6b6d51', 6015, 'RGB')",Start_time,2018-09-23 11:33:01.959060,End_time,2018-09-23 11:33:01.987983,Duration,0:00:00.028923
Task,"(13, '2018-09-23T15:33:01.991971', {'digest': '50E721E49C013F00C62CF59F2163542A9D8DF02464EFEB615D31051B0FDDC326'}, '000d83a02f98502c5469dc12b07c88ea09c318d08b07bcb81af1234ca2659521', '0002eeaf333375e010ace618499ed8c11c7853d9a33d66e68fa80b27e09a362c', 681, 'DB')",Start_time,2018-09-23 11:33:01.991971,End_time,2018-09-23 11:33:01.993967,Duration,0:00:00.001996
Task,"(14, '2018-09-23T15:33:03.448078', {'digest': '50E721E49C013F00C62CF59F2163542A9D8DF02464EFEB615D31051B0FDDC326'}, '000d5a8bef1266ab12307085ff6419b6480f3007fdf9616b06241e9e85aa5ece', '000d83a02f98502c5469dc12b07c88ea09c318d08b07bcb81af1234ca2659521', 7673, 'DB')",Start_time,2018-09-23 11:33:03.448078,End_time,2018-09-23 11:33:03.473013,Duration,0:00:00.024935
Task,"(15, '2018-09-23T15:33:04.869280', {'digest': '50E721E49C013F00C62CF59F2163542A9D8DF02464EFEB615D31051B0FDDC326'}, '00005eb58939e2ae22e1d702fc43e7d024b54291f188df15b228c04eac7348b7', '000d5a8bef1266ab12307085ff6419b6480f3007fdf9616b06241e9e85aa5ece', 4870, 'DB')",Start_time,2018-09-23 11:33:04.869280,End_time,2018-09-23 11:33:04.878254,Duration,0:00:00.008974
Task,"(16, '2018-09-23T15:33:06.352792', {'digest': '50E721E49C013F00C62CF59F2163542A9D8DF02464EFEB615D31051B0FDDC326'}, '00034baa6b8e02254af4d5cdae4dc515d00427a7f62c314cec11ccc45459e2f5', '00005eb58939e2ae22e1d702fc43e7d024b54291f188df15b228c04eac7348b7', 4245, 'DB')",Start_time,2018-09-23 11:33:06.351794,End_time,2018-09-23 11:33:06.363761,Duration,0:00:00.011967
Task,"(17, '2018-09-23T15:33:07.825856', {'digest': '50E721E49C013F00C62CF59F2163542A9D8DF02464EFEB615D31051B0FDDC326'}, '00056392db9de46b4d74a9ecaa42127780eeced95a47b453e492bacfb60a8f5f', '00034baa6b8e02254af4d5cdae4dc515d00427a7f62c314cec11ccc45459e2f5', 2215, 'DB')",Start_time,2018-09-23 11:33:07.825856,End_time,2018-09-23 11:33:07.845803,Duration,0:00:00.019947
Task,"(18, '2018-09-23T15:33:09.219127', {'digest': '50E721E49C013F00C62CF59F2163542A9D8DF02464EFEB615D31051B0FDDC326'}, '0002fefd20da61fb21b6c2ced54d6393800a9269e34b91a54ca39aaa1ea4c668', '00056392db9de46b4d74a9ecaa42127780eeced95a47b453e492bacfb60a8f5f', 385, 'DB')",Start_time,2018-09-23 11:33:09.219127,End_time,2018-09-23 11:33:09.219127,Duration,0:00:00
Task,"(19, '2018-09-23T15:33:10.680223', {'digest': '50E721E49C013F00C62CF59F2163542A9D8DF02464EFEB615D31051B0FDDC326'}, '000ee515143613f2f89b8de957450fd96c2a0e5ddd6a79aba661e9f256ae85b3', '0002fefd20da61fb21b6c2ced54d6393800a9269e34b91a54ca39aaa1ea4c668', 14932, 'DB')",Start_time,2018-09-23 11:33:10.680223,End_time,2018-09-23 11:33:10.724103,Duration,0:00:00.043880
Task,"(20, '2018-09-23T15:33:12.166248', {'digest': '50E721E49C013F00C62CF59F2163542A9D8DF02464EFEB615D31051B0FDDC326'}, '000f29982efcf2f6621c623190c6cf722b731ad6e4c9541aee3555cb7ccc96b0', '000ee515143613f2f89b8de957450fd96c2a0e5ddd6a79aba661e9f256ae85b3', 5752, 'DB')",Start_time,2018-09-23 11:33:12.166248,End_time,2018-09-23 11:33:12.185230,Duration,0:00:00.018982
Task,"(21, '2018-09-23T15:33:13.534590', {'digest': '50E721E49C013F00C62CF59F2163542A9D8DF02464EFEB615D31051B0FDDC326'}, '00040eb2ea35cba8da7b39338d08ea81ffcfb0a6ea5d72e4c1b97a7b362ff21b', '000f29982efcf2f6621c623190c6cf722b731ad6e4c9541aee3555cb7ccc96b0', 7008, 'DB')",Start_time,2018-09-23 11:33:13.534590,End_time,2018-09-23 11:33:13.549549,Duration,0:00:00.014959
Task,"(22, '2018-09-23T15:33:15.020616', {'digest': '50E721E49C013F00C62CF59F2163542A9D8DF02464EFEB615D31051B0FDDC326'}, '0009ca0ee38d0033a96b10aa10697e9d6c60ee1a7db2378a9470b91cd1b9fed1', '00040eb2ea35cba8da7b39338d08ea81ffcfb0a6ea5d72e4c1b97a7b362ff21b', 7349, 'DB')",Start_time,2018-09-23 11:33:15.020616,End_time,2018-09-23 11:33:15.036610,Duration,0:00:00.015994
Task,"(23, '2018-09-23T15:33:15.041560', <LC.TB_data object at 0x0000023610C2C518>, '00000cc5db1be1df0376ef0a8e4461b8f32efe707c5f20592b29724812b39883', '0009ca0ee38d0033a96b10aa10697e9d6c60ee1a7db2378a9470b91cd1b9fed1', 4767, 'TB')",Start_time,2018-09-23 11:33:15.041560,End_time,2018-09-23 11:33:15.054524,Duration,0:00:00.012964
Task,"(24, '2018-09-23T15:33:47.389173', 'Relative Genesis Block', '00038b05f4d1eea05b170044279c30204516c9cba38f1bba82d58f85074b4469', '00000cc5db1be1df0376ef0a8e4461b8f32efe707c5f20592b29724812b39883', 3840, 'RGB')",Start_time,2018-09-23 11:33:47.389173,End_time,2018-09-23 11:33:47.406125,Duration,0:00:00.016952
Task,"(25, '2018-09-23T15:33:47.413143', {'digest': '50E721E49C013F00C62CF59F2163542A9D8DF02464EFEB615D31051B0FDDC326'}, '000394b9f5c988526fe41fd8adc2b444198ea97fe84e51fdd7ff8712a4cd5bc9', '00038b05f4d1eea05b170044279c30204516c9cba38f1bba82d58f85074b4469', 320, 'DB')",Start_time,2018-09-23 11:33:47.413143,End_time,2018-09-23 11:33:47.415104,Duration,0:00:00.001961
Task,"(26, '2018-09-23T15:33:48.869276', {'digest': '50E721E49C013F00C62CF59F2163542A9D8DF02464EFEB615D31051B0FDDC326'}, '0003b44906575f9cd77ad61699d9341890a0a0792e2e2bcabfece1056b22ddfc', '000394b9f5c988526fe41fd8adc2b444198ea97fe84e51fdd7ff8712a4cd5bc9', 8775, 'DB')",Start_time,2018-09-23 11:33:48.869276,End_time,2018-09-23 11:33:48.888215,Duration,0:00:00.018939
Task,"(27, '2018-09-23T15:33:50.332529', {'digest': '50E721E49C013F00C62CF59F2163542A9D8DF02464EFEB615D31051B0FDDC326'}, '000b17bc42377fcd862da1de714c3364bce8a3a168f50b1eb45d2d5f32eef651', '0003b44906575f9cd77ad61699d9341890a0a0792e2e2bcabfece1056b22ddfc', 937, 'DB')",Start_time,2018-09-23 11:33:50.332529,End_time,2018-09-23 11:33:50.340509,Duration,0:00:00.007980
Task,"(28, '2018-09-23T15:33:51.692892', {'digest': '50E721E49C013F00C62CF59F2163542A9D8DF02464EFEB615D31051B0FDDC326'}, '000c6dd29ec8483af8c0bac1b94a8e5b5877dafa4137f38f5f7495b74aa3450b', '000b17bc42377fcd862da1de714c3364bce8a3a168f50b1eb45d2d5f32eef651', 1749, 'DB')",Start_time,2018-09-23 11:33:51.692892,End_time,2018-09-23 11:33:51.697894,Duration,0:00:00.005002
Task,"(29, '2018-09-23T15:33:53.040798', {'digest': '50E721E49C013F00C62CF59F2163542A9D8DF02464EFEB615D31051B0FDDC326'}, '000e78d0b27c4ed827ee278cce535e06d0b63788cb8b1e5f73028cf3406bb946', '000c6dd29ec8483af8c0bac1b94a8e5b5877dafa4137f38f5f7495b74aa3450b', 498, 'DB')",Start_time,2018-09-23 11:33:53.040798,End_time,2018-09-23 11:33:53.042791,Duration,0:00:00.001993
Task,"(30, '2018-09-23T15:33:54.387199', {'digest': '50E721E49C013F00C62CF59F2163542A9D8DF02464EFEB615D31051B0FDDC326'}, '000aa23b6c99298489a68b466a1fc260bc50203a018e7e15b657bc44da4c7353', '000e78d0b27c4ed827ee278cce535e06d0b63788cb8b1e5f73028cf3406bb946', 1085, 'DB')",Start_time,2018-09-23 11:33:54.387199,End_time,2018-09-23 11:33:54.390190,Duration,0:00:00.002991
Task,"(31, '2018-09-23T15:33:55.836373', {'digest': '50E721E49C013F00C62CF59F2163542A9D8DF02464EFEB615D31051B0FDDC326'}, '000cbc59a9d26cc9ebd07495a54a12e2e638f1ffc367ca7ac4a16e5730aedfec', '000aa23b6c99298489a68b466a1fc260bc50203a018e7e15b657bc44da4c7353', 4682, 'DB')",Start_time,2018-09-23 11:33:55.836373,End_time,2018-09-23 11:33:55.846344,Duration,0:00:00.009971
Task,"(32, '2018-09-23T15:33:57.191748', {'digest': '50E721E49C013F00C62CF59F2163542A9D8DF02464EFEB615D31051B0FDDC326'}, '00021b2bc935a82f0ce57b5aeb4e94307c80d870299d358a407a887f926190d5', '000cbc59a9d26cc9ebd07495a54a12e2e638f1ffc367ca7ac4a16e5730aedfec', 10068, 'DB')",Start_time,2018-09-23 11:33:57.191748,End_time,2018-09-23 11:33:57.227651,Duration,0:00:00.035903
Task,"(33, '2018-09-23T15:33:58.567070', {'digest': '50E721E49C013F00C62CF59F2163542A9D8DF02464EFEB615D31051B0FDDC326'}, '0006840d2e00eed489bb51902fc7ba4a352ca84a30eb2cd80b1e0f18a4b4e7c2', '00021b2bc935a82f0ce57b5aeb4e94307c80d870299d358a407a887f926190d5', 1985, 'DB')",Start_time,2018-09-23 11:33:58.567070,End_time,2018-09-23 11:33:58.571058,Duration,0:00:00.003988
Task,"(34, '2018-09-23T15:33:59.943391', {'digest': '50E721E49C013F00C62CF59F2163542A9D8DF02464EFEB615D31051B0FDDC326'}, '000bbf29ece336c34e6575d44b28bea69df0a582d57e58be43ac293aa7921bed', '0006840d2e00eed489bb51902fc7ba4a352ca84a30eb2cd80b1e0f18a4b4e7c2', 648, 'DB')",Start_time,2018-09-23 11:33:59.943391,End_time,2018-09-23 11:33:59.945384,Duration,0:00:00.001993
Task,"(35, '2018-09-23T15:33:59.951369', <LC.TB_data object at 0x0000023610C5A1D0>, '000c31d6b882f779257d69baf9893e2e77913f09786485951aaa139388994feb', '000bbf29ece336c34e6575d44b28bea69df0a582d57e58be43ac293aa7921bed', 1705, 'TB')",Start_time,2018-09-23 11:33:59.951369,End_time,2018-09-23 11:33:59.954395,Duration,0:00:00.003026
Task,"(36, '2018-09-23T15:34:42.239942', 'Relative Genesis Block', '000cacb67ec753045ddec003fe2271c3857593820cce33e466ce65f28269dc66', '000c31d6b882f779257d69baf9893e2e77913f09786485951aaa139388994feb', 945, 'RGB')",Start_time,2018-09-23 11:34:42.239942,End_time,2018-09-23 11:34:42.241935,Duration,0:00:00.001993
Task,"(37, '2018-09-23T15:34:42.247919', {'digest': '50E721E49C013F00C62CF59F2163542A9D8DF02464EFEB615D31051B0FDDC326'}, '000ec8740abfb105340e8d8981d5d9d53d59918d504e6aff60a5de381c1fd6b9', '000cacb67ec753045ddec003fe2271c3857593820cce33e466ce65f28269dc66', 1861, 'DB')",Start_time,2018-09-23 11:34:42.247919,End_time,2018-09-23 11:34:42.251909,Duration,0:00:00.003990
Task,"(38, '2018-09-23T15:34:43.702032', {'digest': '50E721E49C013F00C62CF59F2163542A9D8DF02464EFEB615D31051B0FDDC326'}, '0003e49126d4c63f2b048735835f5ff1ccbc68ef4969d9be58827ace150fe716', '000ec8740abfb105340e8d8981d5d9d53d59918d504e6aff60a5de381c1fd6b9', 699, 'DB')",Start_time,2018-09-23 11:34:43.702032,End_time,2018-09-23 11:34:43.704026,Duration,0:00:00.001994
Task,"(39, '2018-09-23T15:34:45.079349', {'digest': '50E721E49C013F00C62CF59F2163542A9D8DF02464EFEB615D31051B0FDDC326'}, '000efe1d184317432e9daa46d3e473ca15d5c14223bc14b1d864c0fc57f5e9a1', '0003e49126d4c63f2b048735835f5ff1ccbc68ef4969d9be58827ace150fe716', 545, 'DB')",Start_time,2018-09-23 11:34:45.079349,End_time,2018-09-23 11:34:45.082341,Duration,0:00:00.002992
Task,"(40, '2018-09-23T15:34:46.558396', {'digest': '50E721E49C013F00C62CF59F2163542A9D8DF02464EFEB615D31051B0FDDC326'}, '000ab77866d6095110361c7d7ef424be6c5ec3f5ab67183e6c849718ed278a4e', '000efe1d184317432e9daa46d3e473ca15d5c14223bc14b1d864c0fc57f5e9a1', 3408, 'DB')",Start_time,2018-09-23 11:34:46.558396,End_time,2018-09-23 11:34:46.566406,Duration,0:00:00.008010
Task,"(41, '2018-09-23T15:34:48.011510', {'digest': '50E721E49C013F00C62CF59F2163542A9D8DF02464EFEB615D31051B0FDDC326'}, '0009541c04834bbf91b7f2d9767cc661b4551b4d8d9ca385e113b3a5f2ce5a8b', '000ab77866d6095110361c7d7ef424be6c5ec3f5ab67183e6c849718ed278a4e', 1241, 'DB')",Start_time,2018-09-23 11:34:48.011510,End_time,2018-09-23 11:34:48.015501,Duration,0:00:00.003991
Task,"(42, '2018-09-23T15:34:49.380849', {'digest': '50E721E49C013F00C62CF59F2163542A9D8DF02464EFEB615D31051B0FDDC326'}, '0009dc949b73339fd17227ecc68e24e249ed961c9ea89f7af23bcf86f5a0cc84', '0009541c04834bbf91b7f2d9767cc661b4551b4d8d9ca385e113b3a5f2ce5a8b', 1115, 'DB')",Start_time,2018-09-23 11:34:49.380849,End_time,2018-09-23 11:34:49.388828,Duration,0:00:00.007979
Task,"(43, '2018-09-23T15:34:50.839948', {'digest': '50E721E49C013F00C62CF59F2163542A9D8DF02464EFEB615D31051B0FDDC326'}, '0006e0c75c5acba4a41fd951be3a5129c7cf144e6a0b24763b305af50fa4b014', '0009dc949b73339fd17227ecc68e24e249ed961c9ea89f7af23bcf86f5a0cc84', 3501, 'DB')",Start_time,2018-09-23 11:34:50.839948,End_time,2018-09-23 11:34:50.854908,Duration,0:00:00.014960
Task,"(44, '2018-09-23T15:34:52.294060', {'digest': '50E721E49C013F00C62CF59F2163542A9D8DF02464EFEB615D31051B0FDDC326'}, '0008fb2d45496a9fac92e725a4d77f3142f0d28056e7c4ad9bbbc4525a411200', '0006e0c75c5acba4a41fd951be3a5129c7cf144e6a0b24763b305af50fa4b014', 4530, 'DB')",Start_time,2018-09-23 11:34:52.294060,End_time,2018-09-23 11:34:52.309019,Duration,0:00:00.014959
Task,"(45, '2018-09-23T15:34:53.656612', {'digest': '50E721E49C013F00C62CF59F2163542A9D8DF02464EFEB615D31051B0FDDC326'}, '00058dc47943713468c6326808846849f009a08272980ca401734b90a4148816', '0008fb2d45496a9fac92e725a4d77f3142f0d28056e7c4ad9bbbc4525a411200', 2508, 'DB')",Start_time,2018-09-23 11:34:53.656612,End_time,2018-09-23 11:34:53.665554,Duration,0:00:00.008942
Task,"(46, '2018-09-23T15:34:55.001980', {'digest': '50E721E49C013F00C62CF59F2163542A9D8DF02464EFEB615D31051B0FDDC326'}, '000f07fce2a2cdae39cb97225ed78844db306cc60b24482ea1a4960d25c0452f', '00058dc47943713468c6326808846849f009a08272980ca401734b90a4148816', 3623, 'DB')",Start_time,2018-09-23 11:34:55.001980,End_time,2018-09-23 11:34:55.015944,Duration,0:00:00.013964
Task,"(47, '2018-09-23T15:34:55.021925', <LC.TB_data object at 0x0000023610C74D68>, '000ead4ba5fbf91899bf6c8a633cccb393e10ee5784c5b05cf558d607bce6360', '000f07fce2a2cdae39cb97225ed78844db306cc60b24482ea1a4960d25c0452f', 1356, 'TB')",Start_time,2018-09-23 11:34:55.021925,End_time,2018-09-23 11:34:55.025926,Duration,0:00:00.004001
Task,"(48, '2018-09-23T15:35:47.921991', 'Relative Genesis Block', '0001c20b80e393d836e26ad40ff52a66ed7f94d819514cb4008ecbc3eeab3dd6', '000ead4ba5fbf91899bf6c8a633cccb393e10ee5784c5b05cf558d607bce6360', 5901, 'RGB')",Start_time,2018-09-23 11:35:47.921991,End_time,2018-09-23 11:35:47.948905,Duration,0:00:00.026914
Task,"(49, '2018-09-23T15:35:47.953895', {'digest': '50E721E49C013F00C62CF59F2163542A9D8DF02464EFEB615D31051B0FDDC326'}, '00051807aebc48bb0533debe0dbd121efec8909dbf68ef4c46d14086327363c3', '0001c20b80e393d836e26ad40ff52a66ed7f94d819514cb4008ecbc3eeab3dd6', 1210, 'DB')",Start_time,2018-09-23 11:35:47.953895,End_time,2018-09-23 11:35:47.955890,Duration,0:00:00.001995
Task,"(50, '2018-09-23T15:35:49.434900', {'digest': '50E721E49C013F00C62CF59F2163542A9D8DF02464EFEB615D31051B0FDDC326'}, '000a868f8b0f9a369fc99ca8c5d341fa6f21fe106eaff9a58db0503fcbd4d6a8', '00051807aebc48bb0533debe0dbd121efec8909dbf68ef4c46d14086327363c3', 3205, 'DB')",Start_time,2018-09-23 11:35:49.434900,End_time,2018-09-23 11:35:49.443875,Duration,0:00:00.008975
Task,"(51, '2018-09-23T15:35:50.904969', {'digest': '50E721E49C013F00C62CF59F2163542A9D8DF02464EFEB615D31051B0FDDC326'}, '000f03da4908f43578a73d6ca2fba46029b6f7e51c5482f3d3667cd51bb6a1be', '000a868f8b0f9a369fc99ca8c5d341fa6f21fe106eaff9a58db0503fcbd4d6a8', 1392, 'DB')",Start_time,2018-09-23 11:35:50.904969,End_time,2018-09-23 11:35:50.907960,Duration,0:00:00.002991
Task,"(52, '2018-09-23T15:35:52.273313', {'digest': '50E721E49C013F00C62CF59F2163542A9D8DF02464EFEB615D31051B0FDDC326'}, '000656173d7bbb7cf3a854c49de66f96e212e5cfc8031c04dfc1ea717bab59b9', '000f03da4908f43578a73d6ca2fba46029b6f7e51c5482f3d3667cd51bb6a1be', 503, 'DB')",Start_time,2018-09-23 11:35:52.273313,End_time,2018-09-23 11:35:52.275306,Duration,0:00:00.001993
Task,"(53, '2018-09-23T15:35:53.756508', {'digest': '50E721E49C013F00C62CF59F2163542A9D8DF02464EFEB615D31051B0FDDC326'}, '00066bdeb4bf9489879168f152ab7d68b5bf13e69588a47e02b132693c0c9401', '000656173d7bbb7cf3a854c49de66f96e212e5cfc8031c04dfc1ea717bab59b9', 511, 'DB')",Start_time,2018-09-23 11:35:53.756508,End_time,2018-09-23 11:35:53.759500,Duration,0:00:00.002992
Task,"(54, '2018-09-23T15:35:55.218598', {'digest': '50E721E49C013F00C62CF59F2163542A9D8DF02464EFEB615D31051B0FDDC326'}, '000e93db0f1da72134b3ee7a350159f02622ff4b2a0339f16071c6f0b401991c', '00066bdeb4bf9489879168f152ab7d68b5bf13e69588a47e02b132693c0c9401', 11643, 'DB')",Start_time,2018-09-23 11:35:55.218598,End_time,2018-09-23 11:35:55.244528,Duration,0:00:00.025930
Task,"(55, '2018-09-23T15:35:56.630822', {'digest': '50E721E49C013F00C62CF59F2163542A9D8DF02464EFEB615D31051B0FDDC326'}, '000a15e1ed175b28d34d122dfa65ea95ee266329e2c59d9be68733c7edcd33fc', '000e93db0f1da72134b3ee7a350159f02622ff4b2a0339f16071c6f0b401991c', 466, 'DB')",Start_time,2018-09-23 11:35:56.630822,End_time,2018-09-23 11:35:56.630822,Duration,0:00:00
Task,"(56, '2018-09-23T15:35:58.093911', {'digest': '50E721E49C013F00C62CF59F2163542A9D8DF02464EFEB615D31051B0FDDC326'}, '0007d6c44f1558c9e0687ffabf185dbf8b62c9a46738dbb16dc0938e0ee47d3c', '000a15e1ed175b28d34d122dfa65ea95ee266329e2c59d9be68733c7edcd33fc', 6535, 'DB')",Start_time,2018-09-23 11:35:58.093911,End_time,2018-09-23 11:35:58.117880,Duration,0:00:00.023969
Task,"(57, '2018-09-23T15:35:59.489181', {'digest': '50E721E49C013F00C62CF59F2163542A9D8DF02464EFEB615D31051B0FDDC326'}, '00038717a94ef76abec9e8c4102eea018b43ace304804c2daf8aa16288e4346a', '0007d6c44f1558c9e0687ffabf185dbf8b62c9a46738dbb16dc0938e0ee47d3c', 3779, 'DB')",Start_time,2018-09-23 11:35:59.489181,End_time,2018-09-23 11:35:59.499153,Duration,0:00:00.009972
Task,"(58, '2018-09-23T15:36:00.985182', {'digest': '50E721E49C013F00C62CF59F2163542A9D8DF02464EFEB615D31051B0FDDC326'}, '0008d165b1dfa9cb7f3fb6b06a8c318ad7922f11f0f7d848286d2fdc4292bcde', '00038717a94ef76abec9e8c4102eea018b43ace304804c2daf8aa16288e4346a', 2028, 'DB')",Start_time,2018-09-23 11:36:00.985182,End_time,2018-09-23 11:36:00.993166,Duration,0:00:00.007984
Task,"(59, '2018-09-23T15:36:01.002136', <LC.TB_data object at 0x0000023610C9CBE0>, '000f26f2fb366436fb7f457e489a39042892e8b5f9eee13c245686aca2676478', '0008d165b1dfa9cb7f3fb6b06a8c318ad7922f11f0f7d848286d2fdc4292bcde', 906, 'TB')",Start_time,2018-09-23 11:36:01.002136,End_time,2018-09-23 11:36:01.005160,Duration,0:00:00.003024
Task,"(60, '2018-09-23T15:36:12.985134', 'Relative Genesis Block', '0009486daa1a66025bf167eb10784b5a59f74cadc019ad77d0e7849d37d871f8', '000f26f2fb366436fb7f457e489a39042892e8b5f9eee13c245686aca2676478', 4034, 'RGB')",Start_time,2018-09-23 11:36:12.985134,End_time,2018-09-23 11:36:12.996068,Duration,0:00:00.010934
Task,"(61, '2018-09-23T15:36:13.005078', {'digest': '50E721E49C013F00C62CF59F2163542A9D8DF02464EFEB615D31051B0FDDC326'}, '000bbd97f81629b899e3fd7c6fb5f88f770af832298b4e5e555806ef435b6d34', '0009486daa1a66025bf167eb10784b5a59f74cadc019ad77d0e7849d37d871f8', 12536, 'DB')",Start_time,2018-09-23 11:36:13.005078,End_time,2018-09-23 11:36:13.038952,Duration,0:00:00.033874
Task,"(62, '2018-09-23T15:36:14.511019', {'digest': '50E721E49C013F00C62CF59F2163542A9D8DF02464EFEB615D31051B0FDDC326'}, '00012534eefe2415fbaa59b99fcb379508a7cc2531dffa326f86d5bb26f54986', '000bbd97f81629b899e3fd7c6fb5f88f770af832298b4e5e555806ef435b6d34', 327, 'DB')",Start_time,2018-09-23 11:36:14.511019,End_time,2018-09-23 11:36:14.517001,Duration,0:00:00.005982
Task,"(63, '2018-09-23T15:36:15.977100', {'digest': '50E721E49C013F00C62CF59F2163542A9D8DF02464EFEB615D31051B0FDDC326'}, '000002bd684f4960308f38ef109263e814dbd13e4889332a8f5fad8fa45ae671', '00012534eefe2415fbaa59b99fcb379508a7cc2531dffa326f86d5bb26f54986', 1154, 'DB')",Start_time,2018-09-23 11:36:15.977100,End_time,2018-09-23 11:36:15.981087,Duration,0:00:00.003987
Task,"(64, '2018-09-23T15:36:17.357411', {'digest': '50E721E49C013F00C62CF59F2163542A9D8DF02464EFEB615D31051B0FDDC326'}, '000c816e3c757e056e49f9a8c8df4bf6a8ae2420ce96af56ec0975b7e2279b54', '000002bd684f4960308f38ef109263e814dbd13e4889332a8f5fad8fa45ae671', 1393, 'DB')",Start_time,2018-09-23 11:36:17.357411,End_time,2018-09-23 11:36:17.367381,Duration,0:00:00.009970
Task,"(65, '2018-09-23T15:36:18.836453', {'digest': '50E721E49C013F00C62CF59F2163542A9D8DF02464EFEB615D31051B0FDDC326'}, '000d9a995f5456fa62e50de4f7b22fd053f902f8e340e1d8078f3b20748f3204', '000c816e3c757e056e49f9a8c8df4bf6a8ae2420ce96af56ec0975b7e2279b54', 3834, 'DB')",Start_time,2018-09-23 11:36:18.836453,End_time,2018-09-23 11:36:18.852410,Duration,0:00:00.015957
Task,"(66, '2018-09-23T15:36:20.401269', {'digest': '50E721E49C013F00C62CF59F2163542A9D8DF02464EFEB615D31051B0FDDC326'}, '0003aa64b697c2c84bcbd1b95d78a043e9f4a1d110a3d4bfbc4a4d71d7566c8b', '000d9a995f5456fa62e50de4f7b22fd053f902f8e340e1d8078f3b20748f3204', 9381, 'DB')",Start_time,2018-09-23 11:36:20.401269,End_time,2018-09-23 11:36:20.425239,Duration,0:00:00.023970
Task,"(67, '2018-09-23T15:36:21.781580', {'digest': '50E721E49C013F00C62CF59F2163542A9D8DF02464EFEB615D31051B0FDDC326'}, '000bcca636b54be3e36f6b704e068d06d08261fc4ed758a3a445482a0223d389', '0003aa64b697c2c84bcbd1b95d78a043e9f4a1d110a3d4bfbc4a4d71d7566c8b', 216, 'DB')",Start_time,2018-09-23 11:36:21.781580,End_time,2018-09-23 11:36:21.781580,Duration,0:00:00
Task,"(68, '2018-09-23T15:36:23.243671', {'digest': '50E721E49C013F00C62CF59F2163542A9D8DF02464EFEB615D31051B0FDDC326'}, '000a39fb3c18097e9899e29e319752958e2ba7c146be002aafbb95ef1e608236', '000bcca636b54be3e36f6b704e068d06d08261fc4ed758a3a445482a0223d389', 782, 'DB')",Start_time,2018-09-23 11:36:23.243671,End_time,2018-09-23 11:36:23.248659,Duration,0:00:00.004988
Task,"(69, '2018-09-23T15:36:24.709750', {'digest': '50E721E49C013F00C62CF59F2163542A9D8DF02464EFEB615D31051B0FDDC326'}, '000aa379096ebbea3ae89cbde0027ab4e351592b522a19a0cd4b957d9083a5c7', '000a39fb3c18097e9899e29e319752958e2ba7c146be002aafbb95ef1e608236', 3180, 'DB')",Start_time,2018-09-23 11:36:24.709750,End_time,2018-09-23 11:36:24.721752,Duration,0:00:00.012002
Task,"(70, '2018-09-23T15:36:26.081096', {'digest': '50E721E49C013F00C62CF59F2163542A9D8DF02464EFEB615D31051B0FDDC326'}, '00043c86bba42994ec641118e6dc3ab9c0e1e74b245fcfc841e0b7ce2a527f97', '000aa379096ebbea3ae89cbde0027ab4e351592b522a19a0cd4b957d9083a5c7', 6540, 'DB')",Start_time,2018-09-23 11:36:26.081096,End_time,2018-09-23 11:36:26.099068,Duration,0:00:00.017972
Task,"(71, '2018-09-23T15:36:26.104021', <LC.TB_data object at 0x0000023610C4B400>, '000480cb25288cb5966c6bb153e12987ebeff0feee28c13592b76082f54c406c', '00043c86bba42994ec641118e6dc3ab9c0e1e74b245fcfc841e0b7ce2a527f97', 8475, 'TB')",Start_time,2018-09-23 11:36:26.104021,End_time,2018-09-23 11:36:26.124965,Duration,0:00:00.020944
Task,"(72, '2018-09-23T15:36:38.138523', 'Relative Genesis Block', '000666813a3673dc73d15191fd987d07ce7bc046ace7e7544bb9c9548f88cce7', '000480cb25288cb5966c6bb153e12987ebeff0feee28c13592b76082f54c406c', 102, 'RGB')",Start_time,2018-09-23 11:36:38.138523,End_time,2018-09-23 11:36:38.138523,Duration,0:00:00
Task,"(73, '2018-09-23T15:36:38.148495', {'digest': '50E721E49C013F00C62CF59F2163542A9D8DF02464EFEB615D31051B0FDDC326'}, '000a08d2329573ea5f0e68828b6c9ec24221cbd0e5588b948d4fc4bf79fa0dec', '000666813a3673dc73d15191fd987d07ce7bc046ace7e7544bb9c9548f88cce7', 2306, 'DB')",Start_time,2018-09-23 11:36:38.148495,End_time,2018-09-23 11:36:38.154479,Duration,0:00:00.005984
Task,"(74, '2018-09-23T15:36:39.617570', {'digest': '50E721E49C013F00C62CF59F2163542A9D8DF02464EFEB615D31051B0FDDC326'}, '0008c7f25b9461c83298f63cadc73ee56a4ba50140760f46b0936b9415a271fd', '000a08d2329573ea5f0e68828b6c9ec24221cbd0e5588b948d4fc4bf79fa0dec', 4806, 'DB')",Start_time,2018-09-23 11:36:39.617570,End_time,2018-09-23 11:36:39.636516,Duration,0:00:00.018946
Task,"(75, '2018-09-23T15:36:41.091629', {'digest': '50E721E49C013F00C62CF59F2163542A9D8DF02464EFEB615D31051B0FDDC326'}, '00079e11d073020c430bc4393205abd5d9fc72af38fee342d592a56e4ff9d168', '0008c7f25b9461c83298f63cadc73ee56a4ba50140760f46b0936b9415a271fd', 4512, 'DB')",Start_time,2018-09-23 11:36:41.091629,End_time,2018-09-23 11:36:41.108582,Duration,0:00:00.016953
Task,"(76, '2018-09-23T15:36:42.466950', {'digest': '50E721E49C013F00C62CF59F2163542A9D8DF02464EFEB615D31051B0FDDC326'}, '000936e63124f03e423c1ff984bb2d456eade2e6e6462f65e422ea0b481b97da', '00079e11d073020c430bc4393205abd5d9fc72af38fee342d592a56e4ff9d168', 1604, 'DB')",Start_time,2018-09-23 11:36:42.466950,End_time,2018-09-23 11:36:42.471969,Duration,0:00:00.005019
Task,"(77, '2018-09-23T15:36:43.942007', {'digest': '50E721E49C013F00C62CF59F2163542A9D8DF02464EFEB615D31051B0FDDC326'}, '000fd27162cc60a0c9e7399957c934060a5f1546eb1986cc7507e5167d489c28', '000936e63124f03e423c1ff984bb2d456eade2e6e6462f65e422ea0b481b97da', 3249, 'DB')",Start_time,2018-09-23 11:36:43.942007,End_time,2018-09-23 11:36:43.956001,Duration,0:00:00.013994
Task,"(78, '2018-09-23T15:36:45.402354', {'digest': '50E721E49C013F00C62CF59F2163542A9D8DF02464EFEB615D31051B0FDDC326'}, '000884505da69932f3059b62f3ecca6107e0b4003ed707e231113f725b48bee8', '000fd27162cc60a0c9e7399957c934060a5f1546eb1986cc7507e5167d489c28', 1223, 'DB')",Start_time,2018-09-23 11:36:45.402354,End_time,2018-09-23 11:36:45.405378,Duration,0:00:00.003024
Task,"(79, '2018-09-23T15:36:46.785655', {'digest': '50E721E49C013F00C62CF59F2163542A9D8DF02464EFEB615D31051B0FDDC326'}, '000e10c5c185c5391a2375e26491a47150520cb7d174329d9e73027b5bd51af6', '000884505da69932f3059b62f3ecca6107e0b4003ed707e231113f725b48bee8', 4166, 'DB')",Start_time,2018-09-23 11:36:46.785655,End_time,2018-09-23 11:36:46.798653,Duration,0:00:00.012998
Task,"(80, '2018-09-23T15:36:48.272686', {'digest': '50E721E49C013F00C62CF59F2163542A9D8DF02464EFEB615D31051B0FDDC326'}, '000daf6954b42bd8277b4f090b03643d9bb55dccdf3e55376cf55e5a4a3a2e0e', '000e10c5c185c5391a2375e26491a47150520cb7d174329d9e73027b5bd51af6', 6405, 'DB')",Start_time,2018-09-23 11:36:48.272686,End_time,2018-09-23 11:36:48.294621,Duration,0:00:00.021935
Task,"(81, '2018-09-23T15:36:49.653986', {'digest': '50E721E49C013F00C62CF59F2163542A9D8DF02464EFEB615D31051B0FDDC326'}, '000a43cb95cb203ad5cd5985b650d59cc6432f5e228c95998c776bd5b433c38a', '000daf6954b42bd8277b4f090b03643d9bb55dccdf3e55376cf55e5a4a3a2e0e', 4735, 'DB')",Start_time,2018-09-23 11:36:49.653986,End_time,2018-09-23 11:36:49.675927,Duration,0:00:00.021941
Task,"(82, '2018-09-23T15:36:51.122062', {'digest': '50E721E49C013F00C62CF59F2163542A9D8DF02464EFEB615D31051B0FDDC326'}, '000cfa3d23c58357d6177bc60dc87c08134c8fabb39e0cf11b27a28be20ccf02', '000a43cb95cb203ad5cd5985b650d59cc6432f5e228c95998c776bd5b433c38a', 2605, 'DB')",Start_time,2018-09-23 11:36:51.122062,End_time,2018-09-23 11:36:51.132033,Duration,0:00:00.009971
Task,"(83, '2018-09-23T15:36:51.139015', <LC.TB_data object at 0x0000023610BC0B70>, '000c3ed9613e2c71e3070788c90a5872fdc6b454e890669c9dcf1088e4219652', '000cfa3d23c58357d6177bc60dc87c08134c8fabb39e0cf11b27a28be20ccf02', 4560, 'TB')",Start_time,2018-09-23 11:36:51.139015,End_time,2018-09-23 11:36:51.155005,Duration,0:00:00.015990
Task,"(84, '2018-09-23T15:37:03.125647', 'Relative Genesis Block', '000f93ffbb0ddadb03666d938fa26d305fd9567afd5b7015fee23f60098d2f8e', '000c3ed9613e2c71e3070788c90a5872fdc6b454e890669c9dcf1088e4219652', 1792, 'RGB')",Start_time,2018-09-23 11:37:03.125647,End_time,2018-09-23 11:37:03.137661,Duration,0:00:00.012014
Task,"(85, '2018-09-23T15:37:03.151577', {'digest': '50E721E49C013F00C62CF59F2163542A9D8DF02464EFEB615D31051B0FDDC326'}, '0001daa4a155ac9e7c182eebc048876933fa552dfaa5b57fece19928e2dc4f1d', '000f93ffbb0ddadb03666d938fa26d305fd9567afd5b7015fee23f60098d2f8e', 7326, 'DB')",Start_time,2018-09-23 11:37:03.151577,End_time,2018-09-23 11:37:03.169529,Duration,0:00:00.017952
Task,"(86, '2018-09-23T15:37:04.631620', {'digest': '50E721E49C013F00C62CF59F2163542A9D8DF02464EFEB615D31051B0FDDC326'}, '0005a7a4a4b2dfa3271d3fdc30df357625fa04982a1ac47183b51a8877756058', '0001daa4a155ac9e7c182eebc048876933fa552dfaa5b57fece19928e2dc4f1d', 2216, 'DB')",Start_time,2018-09-23 11:37:04.631620,End_time,2018-09-23 11:37:04.635610,Duration,0:00:00.003990
Task,"(87, '2018-09-23T15:37:06.073765', {'digest': '50E721E49C013F00C62CF59F2163542A9D8DF02464EFEB615D31051B0FDDC326'}, '00015e9acddd0b2a16e97fb97c23bdb325867315113dc463715982a8ba7e40de', '0005a7a4a4b2dfa3271d3fdc30df357625fa04982a1ac47183b51a8877756058', 1810, 'DB')",Start_time,2018-09-23 11:37:06.073765,End_time,2018-09-23 11:37:06.079751,Duration,0:00:00.005986
Task,"(88, '2018-09-23T15:37:07.438116', {'digest': '50E721E49C013F00C62CF59F2163542A9D8DF02464EFEB615D31051B0FDDC326'}, '0006848da3aeb2ea4be247fd67ff81bb7ad29044d694ed0579f1d7f467bdc0e3', '00015e9acddd0b2a16e97fb97c23bdb325867315113dc463715982a8ba7e40de', 1444, 'DB')",Start_time,2018-09-23 11:37:07.438116,End_time,2018-09-23 11:37:07.442106,Duration,0:00:00.003990
Task,"(89, '2018-09-23T15:37:08.799728', {'digest': '50E721E49C013F00C62CF59F2163542A9D8DF02464EFEB615D31051B0FDDC326'}, '0007cd288dbcf62d030e0334c98e967ab924611732507f772a25bd19ae4ab3aa', '0006848da3aeb2ea4be247fd67ff81bb7ad29044d694ed0579f1d7f467bdc0e3', 17688, 'DB')",Start_time,2018-09-23 11:37:08.799728,End_time,2018-09-23 11:37:08.850625,Duration,0:00:00.050897
Task,"(90, '2018-09-23T15:37:10.203973', {'digest': '50E721E49C013F00C62CF59F2163542A9D8DF02464EFEB615D31051B0FDDC326'}, '00028c38281def13c5ac1471c3f9314a6a1b91b2c92d760f493cd5201ff0b84d', '0007cd288dbcf62d030e0334c98e967ab924611732507f772a25bd19ae4ab3aa', 4046, 'DB')",Start_time,2018-09-23 11:37:10.203973,End_time,2018-09-23 11:37:10.215974,Duration,0:00:00.012001
Task,"(91, '2018-09-23T15:37:11.659140', {'digest': '50E721E49C013F00C62CF59F2163542A9D8DF02464EFEB615D31051B0FDDC326'}, '000df8949468b10bc802e6bca289d609a31716b09c83f5d15e6517f7d7c1ee39', '00028c38281def13c5ac1471c3f9314a6a1b91b2c92d760f493cd5201ff0b84d', 658, 'DB')",Start_time,2018-09-23 11:37:11.659140,End_time,2018-09-23 11:37:11.665123,Duration,0:00:00.005983
Task,"(92, '2018-09-23T15:37:13.024444', {'digest': '50E721E49C013F00C62CF59F2163542A9D8DF02464EFEB615D31051B0FDDC326'}, '0005ff965745b9ae93204c6f80a78172eec3ce857b1d8b0488c91db0f1a5c4e9', '000df8949468b10bc802e6bca289d609a31716b09c83f5d15e6517f7d7c1ee39', 163, 'DB')",Start_time,2018-09-23 11:37:13.024444,End_time,2018-09-23 11:37:13.025441,Duration,0:00:00.000997
Task,"(93, '2018-09-23T15:37:14.452624', {'digest': '50E721E49C013F00C62CF59F2163542A9D8DF02464EFEB615D31051B0FDDC326'}, '000ef04d3258979c10b8b2d6662f9cf23e68b01792d9619c7fa962dc10f3bc24', '0005ff965745b9ae93204c6f80a78172eec3ce857b1d8b0488c91db0f1a5c4e9', 1267, 'DB')",Start_time,2018-09-23 11:37:14.452624,End_time,2018-09-23 11:37:14.455615,Duration,0:00:00.002991
Task,"(94, '2018-09-23T15:37:15.890784', {'digest': '50E721E49C013F00C62CF59F2163542A9D8DF02464EFEB615D31051B0FDDC326'}, '000cde4e0a54a7d6f88898388b42c455d4587f7f11b53d6fc75e0c61f85daa66', '000ef04d3258979c10b8b2d6662f9cf23e68b01792d9619c7fa962dc10f3bc24', 1036, 'DB')",Start_time,2018-09-23 11:37:15.890784,End_time,2018-09-23 11:37:15.897763,Duration,0:00:00.006979
Task,"(95, '2018-09-23T15:37:15.911724', <LC.TB_data object at 0x0000023610C5F2B0>, '0002cebbf4e45e3746bea4405ee45850b2173263dae23749c63d68833e66156f', '000cde4e0a54a7d6f88898388b42c455d4587f7f11b53d6fc75e0c61f85daa66', 3009, 'TB')",Start_time,2018-09-23 11:37:15.911724,End_time,2018-09-23 11:37:15.919702,Duration,0:00:00.007978
Task,"(96, '2018-09-23T15:37:48.090764', 'Relative Genesis Block', '000a40656c2aeba29742f2318846c3e01e2eae7ee2e1a001ffd88e8a5f650693', '0002cebbf4e45e3746bea4405ee45850b2173263dae23749c63d68833e66156f', 636, 'RGB')",Start_time,2018-09-23 11:37:48.090764,End_time,2018-09-23 11:37:48.092760,Duration,0:00:00.001996
Task,"(97, '2018-09-23T15:37:48.097745', {'digest': '50E721E49C013F00C62CF59F2163542A9D8DF02464EFEB615D31051B0FDDC326'}, '00095337b8208767638e78d6e3e894a1727fbb9c03223adfb191824da2e9cfd8', '000a40656c2aeba29742f2318846c3e01e2eae7ee2e1a001ffd88e8a5f650693', 7496, 'DB')",Start_time,2018-09-23 11:37:48.097745,End_time,2018-09-23 11:37:48.113703,Duration,0:00:00.015958
Task,"(98, '2018-09-23T15:37:49.576045', {'digest': '50E721E49C013F00C62CF59F2163542A9D8DF02464EFEB615D31051B0FDDC326'}, '000943ab60b5f6c5b457f014691b894d8d153a3fe38a281c56645b735addb73b', '00095337b8208767638e78d6e3e894a1727fbb9c03223adfb191824da2e9cfd8', 3652, 'DB')",Start_time,2018-09-23 11:37:49.576045,End_time,2018-09-23 11:37:49.594993,Duration,0:00:00.018948
Task,"(99, '2018-09-23T15:37:50.955358', {'digest': '50E721E49C013F00C62CF59F2163542A9D8DF02464EFEB615D31051B0FDDC326'}, '0005cf0e83b2801e4fac78639a14f206b5a93ab04e6d35739c6d30d8f59d6321', '000943ab60b5f6c5b457f014691b894d8d153a3fe38a281c56645b735addb73b', 8636, 'DB')",Start_time,2018-09-23 11:37:50.955358,End_time,2018-09-23 11:37:50.987304,Duration,0:00:00.031946
Task,"(100, '2018-09-23T15:37:52.440396', {'digest': '50E721E49C013F00C62CF59F2163542A9D8DF02464EFEB615D31051B0FDDC326'}, '000ec04979cf371a8d5092ec973d2bd30a541a6dffa563fde34dcf3a9e163076', '0005cf0e83b2801e4fac78639a14f206b5a93ab04e6d35739c6d30d8f59d6321', 4075, 'DB')",Start_time,2018-09-23 11:37:52.439391,End_time,2018-09-23 11:37:52.452353,Duration,0:00:00.012962
Task,"(101, '2018-09-23T15:37:53.894549', {'digest': '50E721E49C013F00C62CF59F2163542A9D8DF02464EFEB615D31051B0FDDC326'}, '00006e47454902e17308fb6ef8f6ded817df44723e4a0b594c8aa917b228a925', '000ec04979cf371a8d5092ec973d2bd30a541a6dffa563fde34dcf3a9e163076', 926, 'DB')",Start_time,2018-09-23 11:37:53.894549,End_time,2018-09-23 11:37:53.901481,Duration,0:00:00.006932
Task,"(102, '2018-09-23T15:37:55.261844', {'digest': '50E721E49C013F00C62CF59F2163542A9D8DF02464EFEB615D31051B0FDDC326'}, '0009273a83f19cc738183801cc98dec0b27da43dd1292b25f39e9833ee4058d1', '00006e47454902e17308fb6ef8f6ded817df44723e4a0b594c8aa917b228a925', 13795, 'DB')",Start_time,2018-09-23 11:37:55.261844,End_time,2018-09-23 11:37:55.312740,Duration,0:00:00.050896
Task,"(103, '2018-09-23T15:37:56.649179', {'digest': '50E721E49C013F00C62CF59F2163542A9D8DF02464EFEB615D31051B0FDDC326'}, '00047d91f160b44d245f847c20e53f2b2f88a5500c287b8615df431c4f581c8a', '0009273a83f19cc738183801cc98dec0b27da43dd1292b25f39e9833ee4058d1', 9793, 'DB')",Start_time,2018-09-23 11:37:56.649179,End_time,2018-09-23 11:37:56.669126,Duration,0:00:00.019947
Task,"(104, '2018-09-23T15:37:58.019517', {'digest': '50E721E49C013F00C62CF59F2163542A9D8DF02464EFEB615D31051B0FDDC326'}, '0009303fe853a89e6fb4d5872e029b2cba282b23cc7a01fe27b56f7021b9df95', '00047d91f160b44d245f847c20e53f2b2f88a5500c287b8615df431c4f581c8a', 3301, 'DB')",Start_time,2018-09-23 11:37:58.019517,End_time,2018-09-23 11:37:58.031484,Duration,0:00:00.011967
Task,"(105, '2018-09-23T15:37:59.486593', {'digest': '50E721E49C013F00C62CF59F2163542A9D8DF02464EFEB615D31051B0FDDC326'}, '000581434cb65579fc3ed5ab2a6031b2e0c0558fddd6b7eaab4f22d89aee38eb', '0009303fe853a89e6fb4d5872e029b2cba282b23cc7a01fe27b56f7021b9df95', 4617, 'DB')",Start_time,2018-09-23 11:37:59.486593,End_time,2018-09-23 11:37:59.497596,Duration,0:00:00.011003
Task,"(106, '2018-09-23T15:38:00.847955', {'digest': '50E721E49C013F00C62CF59F2163542A9D8DF02464EFEB615D31051B0FDDC326'}, '0007e0a2a631d683e9708ebf5a7f1a10dbf5579483ceb8d58849b89d621c7378', '000581434cb65579fc3ed5ab2a6031b2e0c0558fddd6b7eaab4f22d89aee38eb', 3006, 'DB')",Start_time,2018-09-23 11:38:00.847955,End_time,2018-09-23 11:38:00.856934,Duration,0:00:00.008979
Task,"(107, '2018-09-23T15:38:00.864908', <LC.TB_data object at 0x0000023610C5FF98>, '000a9ef72e96e1bddeb7b04eaa2b08788c0db4888b5aa60acc425f93105a3720', '0007e0a2a631d683e9708ebf5a7f1a10dbf5579483ceb8d58849b89d621c7378', 2828, 'TB')",Start_time,2018-09-23 11:38:00.864908,End_time,2018-09-23 11:38:00.872920,Duration,0:00:00.008012
Task,"(108, '2018-09-23T15:38:13.071195', 'Relative Genesis Block', '00029eaa0434a033b4a2ecbc0764ba340820419ccd11506e894c3f31687dc595', '000a9ef72e96e1bddeb7b04eaa2b08788c0db4888b5aa60acc425f93105a3720', 513, 'RGB')",Start_time,2018-09-23 11:38:13.071195,End_time,2018-09-23 11:38:13.074235,Duration,0:00:00.003040
Task,"(109, '2018-09-23T15:38:13.095175', {'digest': '50E721E49C013F00C62CF59F2163542A9D8DF02464EFEB615D31051B0FDDC326'}, '000f2182a63b6b397f221eab5c22e50e6340b60ad2a165015843405c23f72f4b', '00029eaa0434a033b4a2ecbc0764ba340820419ccd11506e894c3f31687dc595', 50, 'DB')",Start_time,2018-09-23 11:38:13.095175,End_time,2018-09-23 11:38:13.095175,Duration,0:00:00
Task,"(110, '2018-09-23T15:38:14.584150', {'digest': '50E721E49C013F00C62CF59F2163542A9D8DF02464EFEB615D31051B0FDDC326'}, '000b0ec3f63dd6a8ed1b0d48aa305e05f042b3eeec09b37ad26da0791989a773', '000f2182a63b6b397f221eab5c22e50e6340b60ad2a165015843405c23f72f4b', 3461, 'DB')",Start_time,2018-09-23 11:38:14.584150,End_time,2018-09-23 11:38:14.592128,Duration,0:00:00.007978
Task,"(111, '2018-09-23T15:38:15.970444', {'digest': '50E721E49C013F00C62CF59F2163542A9D8DF02464EFEB615D31051B0FDDC326'}, '0009dadea58df423aef65ff33a2c734bf178944c0d5a22719ce8dddb1b0c218f', '000b0ec3f63dd6a8ed1b0d48aa305e05f042b3eeec09b37ad26da0791989a773', 1585, 'DB')",Start_time,2018-09-23 11:38:15.970444,End_time,2018-09-23 11:38:15.981414,Duration,0:00:00.010970
Task,"(112, '2018-09-23T15:38:17.444505', {'digest': '50E721E49C013F00C62CF59F2163542A9D8DF02464EFEB615D31051B0FDDC326'}, '0000d372a23eff27f8783978c3b3206cf9c44179278299d9a303da48b0e06075', '0009dadea58df423aef65ff33a2c734bf178944c0d5a22719ce8dddb1b0c218f', 1098, 'DB')",Start_time,2018-09-23 11:38:17.444505,End_time,2018-09-23 11:38:17.449489,Duration,0:00:00.004984
Task,"(113, '2018-09-23T15:38:18.925590', {'digest': '50E721E49C013F00C62CF59F2163542A9D8DF02464EFEB615D31051B0FDDC326'}, '00097a0052391427364e34859eb6a19488c1bbecc3ee6c3ca54ea88fd2f30649', '0000d372a23eff27f8783978c3b3206cf9c44179278299d9a303da48b0e06075', 2175, 'DB')",Start_time,2018-09-23 11:38:18.925590,End_time,2018-09-23 11:38:18.936545,Duration,0:00:00.010955
Task,"(114, '2018-09-23T15:38:20.306891', {'digest': '50E721E49C013F00C62CF59F2163542A9D8DF02464EFEB615D31051B0FDDC326'}, '0009c4c099fa56539602fc121ea90776d90d14e4fdacad300213632c1f566884', '00097a0052391427364e34859eb6a19488c1bbecc3ee6c3ca54ea88fd2f30649', 585, 'DB')",Start_time,2018-09-23 11:38:20.306891,End_time,2018-09-23 11:38:20.308887,Duration,0:00:00.001996
Task,"(115, '2018-09-23T15:38:21.790924', {'digest': '50E721E49C013F00C62CF59F2163542A9D8DF02464EFEB615D31051B0FDDC326'}, '000eba16d7ec944262c6267403a86d43cab91d7f826bdd9cc2cc60cf7cfd0edb', '0009c4c099fa56539602fc121ea90776d90d14e4fdacad300213632c1f566884', 5293, 'DB')",Start_time,2018-09-23 11:38:21.790924,End_time,2018-09-23 11:38:21.815888,Duration,0:00:00.024964
Task,"(116, '2018-09-23T15:38:23.273958', {'digest': '50E721E49C013F00C62CF59F2163542A9D8DF02464EFEB615D31051B0FDDC326'}, '000818d680e02c9140ff9cdfc5a518c79721727f3dac925ffccebbd17d313183', '000eba16d7ec944262c6267403a86d43cab91d7f826bdd9cc2cc60cf7cfd0edb', 5314, 'DB')",Start_time,2018-09-23 11:38:23.273958,End_time,2018-09-23 11:38:23.289915,Duration,0:00:00.015957
Task,"(117, '2018-09-23T15:38:24.656262', {'digest': '50E721E49C013F00C62CF59F2163542A9D8DF02464EFEB615D31051B0FDDC326'}, '0009e0a111ce622e4c5b28ff90557e492de3b2d64dd49951be77fbfc47a2e3af', '000818d680e02c9140ff9cdfc5a518c79721727f3dac925ffccebbd17d313183', 6662, 'DB')",Start_time,2018-09-23 11:38:24.656262,End_time,2018-09-23 11:38:24.682194,Duration,0:00:00.025932
Task,"(118, '2018-09-23T15:38:26.140294', {'digest': '50E721E49C013F00C62CF59F2163542A9D8DF02464EFEB615D31051B0FDDC326'}, '000a37aba2a54de3d69407f829e9c8177f6b109c95411d1e4445d164511a9098', '0009e0a111ce622e4c5b28ff90557e492de3b2d64dd49951be77fbfc47a2e3af', 7150, 'DB')",Start_time,2018-09-23 11:38:26.140294,End_time,2018-09-23 11:38:26.172208,Duration,0:00:00.031914
Task,"(119, '2018-09-23T15:38:26.178194', <LC.TB_data object at 0x0000023610C71C50>, '0004d6023f9e25cda23ed2c297db4347071239a4e83c9b3170d60b349c79ad3e', '000a37aba2a54de3d69407f829e9c8177f6b109c95411d1e4445d164511a9098', 1727, 'TB')",Start_time,2018-09-23 11:38:26.178194,End_time,2018-09-23 11:38:26.182215,Duration,0:00:00.004021
Task,"(120, '2018-09-23T15:38:48.481559', 'Relative Genesis Block', '00032d708868aa3f17e3af6615e2a2426bbe19396484805b835fd2458b4def85', '0004d6023f9e25cda23ed2c297db4347071239a4e83c9b3170d60b349c79ad3e', 1404, 'RGB')",Start_time,2018-09-23 11:38:48.481559,End_time,2018-09-23 11:38:48.485548,Duration,0:00:00.003989
Task,"(121, '2018-09-23T15:38:48.495523', {'digest': '50E721E49C013F00C62CF59F2163542A9D8DF02464EFEB615D31051B0FDDC326'}, '000e45facdfd4d310cc95994f4c2ce030463c6f3d4d143a2f14fdfadd1f92dd8', '00032d708868aa3f17e3af6615e2a2426bbe19396484805b835fd2458b4def85', 3726, 'DB')",Start_time,2018-09-23 11:38:48.495523,End_time,2018-09-23 11:38:48.507488,Duration,0:00:00.011965
Task,"(122, '2018-09-23T15:38:49.985584', {'digest': '50E721E49C013F00C62CF59F2163542A9D8DF02464EFEB615D31051B0FDDC326'}, '000798beeefe4f188936a9a88ac535e5541c6b9873cd52a36e11197a7b8d2e91', '000e45facdfd4d310cc95994f4c2ce030463c6f3d4d143a2f14fdfadd1f92dd8', 623, 'DB')",Start_time,2018-09-23 11:38:49.985584,End_time,2018-09-23 11:38:49.988532,Duration,0:00:00.002948
Task,"(123, '2018-09-23T15:38:51.472573', {'digest': '50E721E49C013F00C62CF59F2163542A9D8DF02464EFEB615D31051B0FDDC326'}, '00094421e8ac7781bb698b5790b5eafeeab02db692740fbbe310e1848f2665cd', '000798beeefe4f188936a9a88ac535e5541c6b9873cd52a36e11197a7b8d2e91', 5295, 'DB')",Start_time,2018-09-23 11:38:51.472573,End_time,2018-09-23 11:38:51.494512,Duration,0:00:00.021939
Task,"(124, '2018-09-23T15:38:52.849890', {'digest': '50E721E49C013F00C62CF59F2163542A9D8DF02464EFEB615D31051B0FDDC326'}, '000514063a185fb6af6dca12599103195b77bb0f042b1344dde15844b7b3b3be', '00094421e8ac7781bb698b5790b5eafeeab02db692740fbbe310e1848f2665cd', 3243, 'DB')",Start_time,2018-09-23 11:38:52.849890,End_time,2018-09-23 11:38:52.857867,Duration,0:00:00.007977
Task,"(125, '2018-09-23T15:38:54.208257', {'digest': '50E721E49C013F00C62CF59F2163542A9D8DF02464EFEB615D31051B0FDDC326'}, '000c658033891ee1e4094478faafae750302f96df8fe52d139db23f3fefabe93', '000514063a185fb6af6dca12599103195b77bb0f042b1344dde15844b7b3b3be', 2351, 'DB')",Start_time,2018-09-23 11:38:54.208257,End_time,2018-09-23 11:38:54.220224,Duration,0:00:00.011967
Task,"(126, '2018-09-23T15:38:55.578594', {'digest': '50E721E49C013F00C62CF59F2163542A9D8DF02464EFEB615D31051B0FDDC326'}, '00020191b3204578f637415710c26723295256b8562ddf4b84f41aa4cf23ce91', '000c658033891ee1e4094478faafae750302f96df8fe52d139db23f3fefabe93', 7074, 'DB')",Start_time,2018-09-23 11:38:55.578594,End_time,2018-09-23 11:38:55.597544,Duration,0:00:00.018950
Task,"(127, '2018-09-23T15:38:57.056641', {'digest': '50E721E49C013F00C62CF59F2163542A9D8DF02464EFEB615D31051B0FDDC326'}, '000fdb600d49d3939c1824d116e217ecff019f5eaf0758185ea1b4d21593024c', '00020191b3204578f637415710c26723295256b8562ddf4b84f41aa4cf23ce91', 10069, 'DB')",Start_time,2018-09-23 11:38:57.056641,End_time,2018-09-23 11:38:57.079581,Duration,0:00:00.022940
Task,"(128, '2018-09-23T15:38:58.432221', {'digest': '50E721E49C013F00C62CF59F2163542A9D8DF02464EFEB615D31051B0FDDC326'}, '00054d34c8c2ad5ac7fe8e91a1a2b19505e29e60ceb1467dc57ac25c47edd6b0', '000fdb600d49d3939c1824d116e217ecff019f5eaf0758185ea1b4d21593024c', 6027, 'DB')",Start_time,2018-09-23 11:38:58.432221,End_time,2018-09-23 11:38:58.446216,Duration,0:00:00.013995
Task,"(129, '2018-09-23T15:38:59.829485', {'digest': '50E721E49C013F00C62CF59F2163542A9D8DF02464EFEB615D31051B0FDDC326'}, '0009f4c614430e3c308c7d1dbc4e212cdb9ec2018c607a305d4dc0342d94715b', '00054d34c8c2ad5ac7fe8e91a1a2b19505e29e60ceb1467dc57ac25c47edd6b0', 172, 'DB')",Start_time,2018-09-23 11:38:59.829485,End_time,2018-09-23 11:38:59.829485,Duration,0:00:00
Task,"(130, '2018-09-23T15:39:01.201819', {'digest': '50E721E49C013F00C62CF59F2163542A9D8DF02464EFEB615D31051B0FDDC326'}, '0001a361bbffe1377efbddbc0ab8d3dd2e91cc68750051965447a76200d19405', '0009f4c614430e3c308c7d1dbc4e212cdb9ec2018c607a305d4dc0342d94715b', 690, 'DB')",Start_time,2018-09-23 11:39:01.201819,End_time,2018-09-23 11:39:01.204810,Duration,0:00:00.002991
Task,"(131, '2018-09-23T15:39:01.217774', <LC.TB_data object at 0x0000023610C60550>, '000efc3b2fe3cf00da7ca752e7cae52b5feda1e622ad1822c3f0525fe6422ff6', '0001a361bbffe1377efbddbc0ab8d3dd2e91cc68750051965447a76200d19405', 3233, 'TB')",Start_time,2018-09-23 11:39:01.217774,End_time,2018-09-23 11:39:01.232765,Duration,0:00:00.014991
Task,"(132, '2018-09-23T15:39:13.418384', 'Relative Genesis Block', '000aaf72ecaecd334decec275bbb55a6f4824842a49a2d4cc9a7289300ad47a6', '000efc3b2fe3cf00da7ca752e7cae52b5feda1e622ad1822c3f0525fe6422ff6', 2704, 'RGB')",Start_time,2018-09-23 11:39:13.418384,End_time,2018-09-23 11:39:13.426362,Duration,0:00:00.007978
Task,"(133, '2018-09-23T15:39:13.431347', {'digest': '50E721E49C013F00C62CF59F2163542A9D8DF02464EFEB615D31051B0FDDC326'}, '0000e9bccab436365f50e2a78314dea34e9a04ebbf5801cbdd6ec44d4e1b7bf1', '000aaf72ecaecd334decec275bbb55a6f4824842a49a2d4cc9a7289300ad47a6', 832, 'DB')",Start_time,2018-09-23 11:39:13.431347,End_time,2018-09-23 11:39:13.433376,Duration,0:00:00.002029
Task,"(134, '2018-09-23T15:39:14.784730', {'digest': '50E721E49C013F00C62CF59F2163542A9D8DF02464EFEB615D31051B0FDDC326'}, '0009e41a0c1446a0b8240738012259675f323c5a5210854edc4a1a6b25d0f175', '0000e9bccab436365f50e2a78314dea34e9a04ebbf5801cbdd6ec44d4e1b7bf1', 11119, 'DB')",Start_time,2018-09-23 11:39:14.784730,End_time,2018-09-23 11:39:14.810670,Duration,0:00:00.025940
Task,"(135, '2018-09-23T15:39:16.168032', {'digest': '50E721E49C013F00C62CF59F2163542A9D8DF02464EFEB615D31051B0FDDC326'}, '000922ff1c7cd5dec9abf7fc9e449852f2e2b82ecb1d21f56310bbae6e478f9a', '0009e41a0c1446a0b8240738012259675f323c5a5210854edc4a1a6b25d0f175', 5637, 'DB')",Start_time,2018-09-23 11:39:16.168032,End_time,2018-09-23 11:39:16.186018,Duration,0:00:00.017986
Task,"(136, '2018-09-23T15:39:17.628136', {'digest': '50E721E49C013F00C62CF59F2163542A9D8DF02464EFEB615D31051B0FDDC326'}, '000fb786ecfb73f30039c57cc58990929a4ed9a51661c1474cf1f7dc245533b7', '000922ff1c7cd5dec9abf7fc9e449852f2e2b82ecb1d21f56310bbae6e478f9a', 2401, 'DB')",Start_time,2018-09-23 11:39:17.628136,End_time,2018-09-23 11:39:17.633113,Duration,0:00:00.004977
Task,"(137, '2018-09-23T15:39:18.985499', {'digest': '50E721E49C013F00C62CF59F2163542A9D8DF02464EFEB615D31051B0FDDC326'}, '0003fbdf278d4f85e97a223dd4fbec9feae0d9402773d8508966c45dc862944a', '000fb786ecfb73f30039c57cc58990929a4ed9a51661c1474cf1f7dc245533b7', 13692, 'DB')",Start_time,2018-09-23 11:39:18.985499,End_time,2018-09-23 11:39:19.029381,Duration,0:00:00.043882
Task,"(138, '2018-09-23T15:39:20.366976', {'digest': '50E721E49C013F00C62CF59F2163542A9D8DF02464EFEB615D31051B0FDDC326'}, '00068ceb05ee342861632cf023b43745c28ecfe67beef3d44705d18ed02c997e', '0003fbdf278d4f85e97a223dd4fbec9feae0d9402773d8508966c45dc862944a', 3312, 'DB')",Start_time,2018-09-23 11:39:20.366976,End_time,2018-09-23 11:39:20.379124,Duration,0:00:00.012148
Task,"(139, '2018-09-23T15:39:21.720358', {'digest': '50E721E49C013F00C62CF59F2163542A9D8DF02464EFEB615D31051B0FDDC326'}, '0004ff068a6173c6fadb0c7329675cdf3cc2d3e00c5f8132bea11cdb23f5dc88', '00068ceb05ee342861632cf023b43745c28ecfe67beef3d44705d18ed02c997e', 2558, 'DB')",Start_time,2018-09-23 11:39:21.720358,End_time,2018-09-23 11:39:21.745292,Duration,0:00:00.024934
Task,"(140, '2018-09-23T15:39:23.196411', {'digest': '50E721E49C013F00C62CF59F2163542A9D8DF02464EFEB615D31051B0FDDC326'}, '0009d153bc52ab90b06ee5184612b2f2ffa20cd31991bec4543d27669541a1a8', '0004ff068a6173c6fadb0c7329675cdf3cc2d3e00c5f8132bea11cdb23f5dc88', 2250, 'DB')",Start_time,2018-09-23 11:39:23.196411,End_time,2018-09-23 11:39:23.201432,Duration,0:00:00.005021
Task,"(141, '2018-09-23T15:39:24.565750', {'digest': '50E721E49C013F00C62CF59F2163542A9D8DF02464EFEB615D31051B0FDDC326'}, '000af1b57e2c100e283bd0391e8078f027023d677a7a38871413f8896e5d379e', '0009d153bc52ab90b06ee5184612b2f2ffa20cd31991bec4543d27669541a1a8', 4145, 'DB')",Start_time,2018-09-23 11:39:24.565750,End_time,2018-09-23 11:39:24.575724,Duration,0:00:00.009974
Task,"(142, '2018-09-23T15:39:25.927111', {'digest': '50E721E49C013F00C62CF59F2163542A9D8DF02464EFEB615D31051B0FDDC326'}, '00019103a156966440d245b368cce875c6edd54641b551d0ba9c72d9d556c0ed', '000af1b57e2c100e283bd0391e8078f027023d677a7a38871413f8896e5d379e', 3259, 'DB')",Start_time,2018-09-23 11:39:25.927111,End_time,2018-09-23 11:39:25.934092,Duration,0:00:00.006981
Task,"(143, '2018-09-23T15:39:25.940076', <LC.TB_data object at 0x0000023610C71208>, '000d230d9e409ed9183100e465f5ec10689a73e2226fcc4ba7132d0fe5a1f484', '00019103a156966440d245b368cce875c6edd54641b551d0ba9c72d9d556c0ed', 5681, 'TB')",Start_time,2018-09-23 11:39:25.940076,End_time,2018-09-23 11:39:25.952043,Duration,0:00:00.011967
Task,"(144, '2018-09-23T15:39:38.001648', 'Relative Genesis Block', '0008f5c3c1ecb5acd3a8eb2f05fcc95a170683fabc906b50fd1624750e454d64', '000d230d9e409ed9183100e465f5ec10689a73e2226fcc4ba7132d0fe5a1f484', 1437, 'RGB')",Start_time,2018-09-23 11:39:38.001648,End_time,2018-09-23 11:39:38.005636,Duration,0:00:00.003988
Task,"(145, '2018-09-23T15:39:38.011619', {'digest': '50E721E49C013F00C62CF59F2163542A9D8DF02464EFEB615D31051B0FDDC326'}, '00045233d83854b772669ad2b1cd81e6f082ea2cc8c7f19f9ac741bbbaea7cf6', '0008f5c3c1ecb5acd3a8eb2f05fcc95a170683fabc906b50fd1624750e454d64', 7430, 'DB')",Start_time,2018-09-23 11:39:38.011619,End_time,2018-09-23 11:39:38.028576,Duration,0:00:00.016957
Task,"(146, '2018-09-23T15:39:39.482690', {'digest': '50E721E49C013F00C62CF59F2163542A9D8DF02464EFEB615D31051B0FDDC326'}, '000c3278ad3d644da329577c978202a14afe8e481bd975dd6f105a602f6edfd8', '00045233d83854b772669ad2b1cd81e6f082ea2cc8c7f19f9ac741bbbaea7cf6', 480, 'DB')",Start_time,2018-09-23 11:39:39.482690,End_time,2018-09-23 11:39:39.483717,Duration,0:00:00.001027
Task,"(147, '2018-09-23T15:39:40.829091', {'digest': '50E721E49C013F00C62CF59F2163542A9D8DF02464EFEB615D31051B0FDDC326'}, '0008906879a2fc98c11b54a8144066fa185ae4f1423d54f39229fcc89712b09e', '000c3278ad3d644da329577c978202a14afe8e481bd975dd6f105a602f6edfd8', 476, 'DB')",Start_time,2018-09-23 11:39:40.829091,End_time,2018-09-23 11:39:40.831086,Duration,0:00:00.001995
Task,"(148, '2018-09-23T15:39:42.180474', {'digest': '50E721E49C013F00C62CF59F2163542A9D8DF02464EFEB615D31051B0FDDC326'}, '000be8338299ec10b5d6063f190b3ccfa7425f47c30ddca981f14fd7f443feb2', '0008906879a2fc98c11b54a8144066fa185ae4f1423d54f39229fcc89712b09e', 6856, 'DB')",Start_time,2018-09-23 11:39:42.180474,End_time,2018-09-23 11:39:42.197462,Duration,0:00:00.016988
Task,"(149, '2018-09-23T15:39:43.552806', {'digest': '50E721E49C013F00C62CF59F2163542A9D8DF02464EFEB615D31051B0FDDC326'}, '00077850ffe9cb5c5bd4981b626a97ec534db0aab010ed07094cf62f555a1ce4', '000be8338299ec10b5d6063f190b3ccfa7425f47c30ddca981f14fd7f443feb2', 5906, 'DB')",Start_time,2018-09-23 11:39:43.552806,End_time,2018-09-23 11:39:43.575744,Duration,0:00:00.022938
Task,"(150, '2018-09-23T15:39:45.050801', {'digest': '50E721E49C013F00C62CF59F2163542A9D8DF02464EFEB615D31051B0FDDC326'}, '000c3bcccd38e55068bf9d12eec48815826dcb69f3ad2e412c6dc723df139ede', '00077850ffe9cb5c5bd4981b626a97ec534db0aab010ed07094cf62f555a1ce4', 3438, 'DB')",Start_time,2018-09-23 11:39:45.050801,End_time,2018-09-23 11:39:45.061804,Duration,0:00:00.011003
Task,"(151, '2018-09-23T15:39:46.533835', {'digest': '50E721E49C013F00C62CF59F2163542A9D8DF02464EFEB615D31051B0FDDC326'}, '000a34f0694f07b71a483e05a35f93923bed674bfd5a75d506acf467f792dffe', '000c3bcccd38e55068bf9d12eec48815826dcb69f3ad2e412c6dc723df139ede', 2483, 'DB')",Start_time,2018-09-23 11:39:46.533835,End_time,2018-09-23 11:39:46.540816,Duration,0:00:00.006981
Task,"(152, '2018-09-23T15:39:47.967005', {'digest': '50E721E49C013F00C62CF59F2163542A9D8DF02464EFEB615D31051B0FDDC326'}, '00031346e454b5c0a263c3695c8f53079924de62ef5e2ef2ab6e697bf1c8585e', '000a34f0694f07b71a483e05a35f93923bed674bfd5a75d506acf467f792dffe', 7836, 'DB')",Start_time,2018-09-23 11:39:47.967005,End_time,2018-09-23 11:39:47.986950,Duration,0:00:00.019945
Task,"(153, '2018-09-23T15:39:49.339334', {'digest': '50E721E49C013F00C62CF59F2163542A9D8DF02464EFEB615D31051B0FDDC326'}, '000399e95505ccd5478e97ab0a12597d61c1b3ae3b997006ea1a7bf2d57d530c', '00031346e454b5c0a263c3695c8f53079924de62ef5e2ef2ab6e697bf1c8585e', 2973, 'DB')",Start_time,2018-09-23 11:39:49.339334,End_time,2018-09-23 11:39:49.350338,Duration,0:00:00.011004
Task,"(154, '2018-09-23T15:39:50.701692', {'digest': '50E721E49C013F00C62CF59F2163542A9D8DF02464EFEB615D31051B0FDDC326'}, '000a07eda3e8676b44bb645f49d0c025fc9748dd56c8b0f32f681d322430a3a7', '000399e95505ccd5478e97ab0a12597d61c1b3ae3b997006ea1a7bf2d57d530c', 971, 'DB')",Start_time,2018-09-23 11:39:50.701692,End_time,2018-09-23 11:39:50.703686,Duration,0:00:00.001994
Task,"(155, '2018-09-23T15:39:50.710668', <LC.TB_data object at 0x0000023610C95668>, '000cd80d55400fbb96e90d8d4eb9d7207b2ad2af9ecb1145ae50f56c91bfb335', '000a07eda3e8676b44bb645f49d0c025fc9748dd56c8b0f32f681d322430a3a7', 5479, 'TB')",Start_time,2018-09-23 11:39:50.710668,End_time,2018-09-23 11:39:50.722635,Duration,0:00:00.011967
Task,"(156, '2018-09-23T15:40:02.759808', 'Relative Genesis Block', '000c3a8bd750f6979f65d6008a972019963655ecc8b02248e74d74f004cca9be', '000cd80d55400fbb96e90d8d4eb9d7207b2ad2af9ecb1145ae50f56c91bfb335', 1502, 'RGB')",Start_time,2018-09-23 11:40:02.759808,End_time,2018-09-23 11:40:02.765792,Duration,0:00:00.005984
Task,"(157, '2018-09-23T15:40:02.770778', {'digest': '50E721E49C013F00C62CF59F2163542A9D8DF02464EFEB615D31051B0FDDC326'}, '0003bcc97f7424ecdf48507c1637b9b3b6850aff183679b7e64c53a7756358c4', '000c3a8bd750f6979f65d6008a972019963655ecc8b02248e74d74f004cca9be', 1139, 'DB')",Start_time,2018-09-23 11:40:02.770778,End_time,2018-09-23 11:40:02.773771,Duration,0:00:00.002993
Task,"(158, '2018-09-23T15:40:04.268773', {'digest': '50E721E49C013F00C62CF59F2163542A9D8DF02464EFEB615D31051B0FDDC326'}, '0008eb8ee6de44446745e8010ae7fcf84072783ee21a376cf443554484a1e738', '0003bcc97f7424ecdf48507c1637b9b3b6850aff183679b7e64c53a7756358c4', 3982, 'DB')",Start_time,2018-09-23 11:40:04.268773,End_time,2018-09-23 11:40:04.282768,Duration,0:00:00.013995
Task,"(159, '2018-09-23T15:40:05.764775', {'digest': '50E721E49C013F00C62CF59F2163542A9D8DF02464EFEB615D31051B0FDDC326'}, '0005f9eb0dac30500e4735ab4d3c0ec57acd5ac412a6ae9988d64856e1fe6502', '0008eb8ee6de44446745e8010ae7fcf84072783ee21a376cf443554484a1e738', 1539, 'DB')",Start_time,2018-09-23 11:40:05.764775,End_time,2018-09-23 11:40:05.768794,Duration,0:00:00.004019
Task,"(160, '2018-09-23T15:40:07.154309', {'digest': '50E721E49C013F00C62CF59F2163542A9D8DF02464EFEB615D31051B0FDDC326'}, '000db1cdbd441d27d354ec2bf9a368dbd0c13db6262378d7397bdb495688a476', '0005f9eb0dac30500e4735ab4d3c0ec57acd5ac412a6ae9988d64856e1fe6502', 1072, 'DB')",Start_time,2018-09-23 11:40:07.154309,End_time,2018-09-23 11:40:07.158299,Duration,0:00:00.003990
Task,"(161, '2018-09-23T15:40:08.648317', {'digest': '50E721E49C013F00C62CF59F2163542A9D8DF02464EFEB615D31051B0FDDC326'}, '0001ca40cb23d55f92e5637b67f9408a9a4d9392affccae06c7e58765fc45120', '000db1cdbd441d27d354ec2bf9a368dbd0c13db6262378d7397bdb495688a476', 183, 'DB')",Start_time,2018-09-23 11:40:08.648317,End_time,2018-09-23 11:40:08.649312,Duration,0:00:00.000995
Task,"(162, '2018-09-23T15:40:10.117388', {'digest': '50E721E49C013F00C62CF59F2163542A9D8DF02464EFEB615D31051B0FDDC326'}, '000503c71eef6b36533781cae9e6fc703d8e5a781413ed196a640b602b9769a5', '0001ca40cb23d55f92e5637b67f9408a9a4d9392affccae06c7e58765fc45120', 66, 'DB')",Start_time,2018-09-23 11:40:10.117388,End_time,2018-09-23 11:40:10.117388,Duration,0:00:00
Task,"(163, '2018-09-23T15:40:11.582470', {'digest': '50E721E49C013F00C62CF59F2163542A9D8DF02464EFEB615D31051B0FDDC326'}, '000641f634dad3d282d7a63a39c17589edf5432626829045928154492bc6364d', '000503c71eef6b36533781cae9e6fc703d8e5a781413ed196a640b602b9769a5', 3476, 'DB')",Start_time,2018-09-23 11:40:11.582470,End_time,2018-09-23 11:40:11.596434,Duration,0:00:00.013964
Task,"(164, '2018-09-23T15:40:12.966768', {'digest': '50E721E49C013F00C62CF59F2163542A9D8DF02464EFEB615D31051B0FDDC326'}, '000a3ef407b2f9b934be94313cd153cb58a4cbb0bb538a318a6a28cea65c5200', '000641f634dad3d282d7a63a39c17589edf5432626829045928154492bc6364d', 2485, 'DB')",Start_time,2018-09-23 11:40:12.966768,End_time,2018-09-23 11:40:12.975744,Duration,0:00:00.008976
Task,"(165, '2018-09-23T15:40:14.338342', {'digest': '50E721E49C013F00C62CF59F2163542A9D8DF02464EFEB615D31051B0FDDC326'}, '0000ba53deb1a441fa211bbdd191298cec9369c572e9e110654d0cf171160b33', '000a3ef407b2f9b934be94313cd153cb58a4cbb0bb538a318a6a28cea65c5200', 2260, 'DB')",Start_time,2018-09-23 11:40:14.338342,End_time,2018-09-23 11:40:14.348315,Duration,0:00:00.009973
Task,"(166, '2018-09-23T15:40:15.703691', {'digest': '50E721E49C013F00C62CF59F2163542A9D8DF02464EFEB615D31051B0FDDC326'}, '0009b461287c10216884e76d046f8c486bdb21ecf8ebe356383e9aab7554018e', '0000ba53deb1a441fa211bbdd191298cec9369c572e9e110654d0cf171160b33', 1825, 'DB')",Start_time,2018-09-23 11:40:15.703691,End_time,2018-09-23 11:40:15.709676,Duration,0:00:00.005985
Task,"(167, '2018-09-23T15:40:15.720646', <LC.TB_data object at 0x0000023610C5A908>, '0001dab72c9f9e0505dc9b8531fe711f8858c02042e3c8c9cb7e682ab91e711a', '0009b461287c10216884e76d046f8c486bdb21ecf8ebe356383e9aab7554018e', 815, 'TB')",Start_time,2018-09-23 11:40:15.720646,End_time,2018-09-23 11:40:15.722640,Duration,0:00:00.001994
Task,"(168, '2018-09-23T15:40:37.869551', 'Relative Genesis Block', '0003f1d9e8ad51e5689943eabbe270ae90308f69a0de3a6c9d1034659eee59e4', '0001dab72c9f9e0505dc9b8531fe711f8858c02042e3c8c9cb7e682ab91e711a', 5761, 'RGB')",Start_time,2018-09-23 11:40:37.869551,End_time,2018-09-23 11:40:37.890493,Duration,0:00:00.020942
Task,"(169, '2018-09-23T15:40:37.897475', {'digest': '50E721E49C013F00C62CF59F2163542A9D8DF02464EFEB615D31051B0FDDC326'}, '00009e70807251720ec4c992ff5d9ae4c5232fbee8f6df9f60e6e51f6779c09e', '0003f1d9e8ad51e5689943eabbe270ae90308f69a0de3a6c9d1034659eee59e4', 1799, 'DB')",Start_time,2018-09-23 11:40:37.897475,End_time,2018-09-23 11:40:37.901463,Duration,0:00:00.003988
Task,"(170, '2018-09-23T15:40:39.259831', {'digest': '50E721E49C013F00C62CF59F2163542A9D8DF02464EFEB615D31051B0FDDC326'}, '0005a12e79f12813252e7a5442332b2ade9f013577bfbd0a6aeb7b56cfa2b7a2', '00009e70807251720ec4c992ff5d9ae4c5232fbee8f6df9f60e6e51f6779c09e', 783, 'DB')",Start_time,2018-09-23 11:40:39.259831,End_time,2018-09-23 11:40:39.260828,Duration,0:00:00.000997
Task,"(171, '2018-09-23T15:40:40.645146', {'digest': '50E721E49C013F00C62CF59F2163542A9D8DF02464EFEB615D31051B0FDDC326'}, '00041b9a883deef0fb1c126b9b0290e6e24e76d322eebfca2061fe3bf8b053a9', '0005a12e79f12813252e7a5442332b2ade9f013577bfbd0a6aeb7b56cfa2b7a2', 762, 'DB')",Start_time,2018-09-23 11:40:40.645146,End_time,2018-09-23 11:40:40.647142,Duration,0:00:00.001996
Task,"(172, '2018-09-23T15:40:42.040417', {'digest': '50E721E49C013F00C62CF59F2163542A9D8DF02464EFEB615D31051B0FDDC326'}, '000deb475b65dd046cc82264ec89bcee68386395e67dfd80f10cf7f5f2413ee5', '00041b9a883deef0fb1c126b9b0290e6e24e76d322eebfca2061fe3bf8b053a9', 4008, 'DB')",Start_time,2018-09-23 11:40:42.040417,End_time,2018-09-23 11:40:42.051419,Duration,0:00:00.011002
Task,"(173, '2018-09-23T15:40:43.514521', {'digest': '50E721E49C013F00C62CF59F2163542A9D8DF02464EFEB615D31051B0FDDC326'}, '000e933bf3976f7f2578c7ade0eeb855bd88141cb967aeb7cb7fc715fa5b3d5b', '000deb475b65dd046cc82264ec89bcee68386395e67dfd80f10cf7f5f2413ee5', 1900, 'DB')",Start_time,2018-09-23 11:40:43.514521,End_time,2018-09-23 11:40:43.528484,Duration,0:00:00.013963
Task,"(174, '2018-09-23T15:40:44.908057', {'digest': '50E721E49C013F00C62CF59F2163542A9D8DF02464EFEB615D31051B0FDDC326'}, '0003952e10a7066ae895909f1d46303065191ae29cb880b8f5d7427c3764e594', '000e933bf3976f7f2578c7ade0eeb855bd88141cb967aeb7cb7fc715fa5b3d5b', 10571, 'DB')",Start_time,2018-09-23 11:40:44.908057,End_time,2018-09-23 11:40:44.941964,Duration,0:00:00.033907
Task,"(175, '2018-09-23T15:40:46.311804', {'digest': '50E721E49C013F00C62CF59F2163542A9D8DF02464EFEB615D31051B0FDDC326'}, '000159b2bff05a84cf6a3233160d971904fa57dd92266df1e44ac0883cfe1c5d', '0003952e10a7066ae895909f1d46303065191ae29cb880b8f5d7427c3764e594', 223, 'DB')",Start_time,2018-09-23 11:40:46.311804,End_time,2018-09-23 11:40:46.311804,Duration,0:00:00
Task,"(176, '2018-09-23T15:40:47.664230', {'digest': '50E721E49C013F00C62CF59F2163542A9D8DF02464EFEB615D31051B0FDDC326'}, '000bfc708cb250e2f211501640d1957d4b5afd884c0d399d4989bb2b3665a892', '000159b2bff05a84cf6a3233160d971904fa57dd92266df1e44ac0883cfe1c5d', 2449, 'DB')",Start_time,2018-09-23 11:40:47.664230,End_time,2018-09-23 11:40:47.676197,Duration,0:00:00.011967
Task,"(177, '2018-09-23T15:40:49.139331', {'digest': '50E721E49C013F00C62CF59F2163542A9D8DF02464EFEB615D31051B0FDDC326'}, '000b33ae3227c46923fc42db38bf2eaf8dccdcb41c17d74e8abb7e1be6f0635a', '000bfc708cb250e2f211501640d1957d4b5afd884c0d399d4989bb2b3665a892', 5707, 'DB')",Start_time,2018-09-23 11:40:49.139331,End_time,2018-09-23 11:40:49.157238,Duration,0:00:00.017907
Task,"(178, '2018-09-23T15:40:50.518597', {'digest': '50E721E49C013F00C62CF59F2163542A9D8DF02464EFEB615D31051B0FDDC326'}, '000672442ec010df56120b790f8eea35c051e56981d6941bfb55804f6fffac9c', '000b33ae3227c46923fc42db38bf2eaf8dccdcb41c17d74e8abb7e1be6f0635a', 581, 'DB')",Start_time,2018-09-23 11:40:50.518597,End_time,2018-09-23 11:40:50.520593,Duration,0:00:00.001996
Task,"(179, '2018-09-23T15:40:50.530568', <LC.TB_data object at 0x0000023610CE47F0>, '00014c98407669c70972745a1e20153b7635a1533796247528f325af486a697a', '000672442ec010df56120b790f8eea35c051e56981d6941bfb55804f6fffac9c', 1268, 'TB')",Start_time,2018-09-23 11:40:50.530568,End_time,2018-09-23 11:40:50.533559,Duration,0:00:00.002991
Task,"(180, '2018-09-23T15:41:12.652352', 'Relative Genesis Block', '0001038c5a810f98435fba0f5798bd3bd165b530da87d98138128869ade6a1e2', '00014c98407669c70972745a1e20153b7635a1533796247528f325af486a697a', 101, 'RGB')",Start_time,2018-09-23 11:41:12.652352,End_time,2018-09-23 11:41:12.652352,Duration,0:00:00
Task,"(181, '2018-09-23T15:41:12.659335', {'digest': '50E721E49C013F00C62CF59F2163542A9D8DF02464EFEB615D31051B0FDDC326'}, '0008d3efdedb7f62708a109f416b389569da982d848eb84fd7328505876637e3', '0001038c5a810f98435fba0f5798bd3bd165b530da87d98138128869ade6a1e2', 5280, 'DB')",Start_time,2018-09-23 11:41:12.659335,End_time,2018-09-23 11:41:12.672300,Duration,0:00:00.012965
Task,"(182, '2018-09-23T15:41:14.136385', {'digest': '50E721E49C013F00C62CF59F2163542A9D8DF02464EFEB615D31051B0FDDC326'}, '000eb3a302491169efd28010496baf178dd36b3ebe309737c79041d95832347d', '0008d3efdedb7f62708a109f416b389569da982d848eb84fd7328505876637e3', 3028, 'DB')",Start_time,2018-09-23 11:41:14.136385,End_time,2018-09-23 11:41:14.148352,Duration,0:00:00.011967
Task,"(183, '2018-09-23T15:41:15.579526', {'digest': '50E721E49C013F00C62CF59F2163542A9D8DF02464EFEB615D31051B0FDDC326'}, '0006eb4a15e5924474a0f76977f83826c664ea8d5693828f43f582a097fccfb7', '000eb3a302491169efd28010496baf178dd36b3ebe309737c79041d95832347d', 3823, 'DB')",Start_time,2018-09-23 11:41:15.579526,End_time,2018-09-23 11:41:15.604459,Duration,0:00:00.024933
Task,"(184, '2018-09-23T15:41:17.133374', {'digest': '50E721E49C013F00C62CF59F2163542A9D8DF02464EFEB615D31051B0FDDC326'}, '000448f7ada5d9ccfb5fe5c87b6777e1d01dccde4fc82e9c9b34fd0a663ea68b', '0006eb4a15e5924474a0f76977f83826c664ea8d5693828f43f582a097fccfb7', 4475, 'DB')",Start_time,2018-09-23 11:41:17.133374,End_time,2018-09-23 11:41:17.149363,Duration,0:00:00.015989
Task,"(185, '2018-09-23T15:41:18.483794', {'digest': '50E721E49C013F00C62CF59F2163542A9D8DF02464EFEB615D31051B0FDDC326'}, '0009b198d6040ec6ffbb5e2ce9e513598c82eba293f296899721bf13d0f16fa2', '000448f7ada5d9ccfb5fe5c87b6777e1d01dccde4fc82e9c9b34fd0a663ea68b', 3392, 'DB')",Start_time,2018-09-23 11:41:18.483794,End_time,2018-09-23 11:41:18.496760,Duration,0:00:00.012966
Task,"(186, '2018-09-23T15:41:19.849394', {'digest': '50E721E49C013F00C62CF59F2163542A9D8DF02464EFEB615D31051B0FDDC326'}, '00073f7d7d143e6c3d7e08663f88a02a8d93bb1b566941eada8e8a322ece924f', '0009b198d6040ec6ffbb5e2ce9e513598c82eba293f296899721bf13d0f16fa2', 2608, 'DB')",Start_time,2018-09-23 11:41:19.849394,End_time,2018-09-23 11:41:19.860331,Duration,0:00:00.010937
Task,"(187, '2018-09-23T15:41:21.303481', {'digest': '50E721E49C013F00C62CF59F2163542A9D8DF02464EFEB615D31051B0FDDC326'}, '0002c4200384da5843fd4485a1d6604c7dea13601796e05dbf51b10cfc3b1ebb', '00073f7d7d143e6c3d7e08663f88a02a8d93bb1b566941eada8e8a322ece924f', 1022, 'DB')",Start_time,2018-09-23 11:41:21.303481,End_time,2018-09-23 11:41:21.305470,Duration,0:00:00.001989
Task,"(188, '2018-09-23T15:41:22.678796', {'digest': '50E721E49C013F00C62CF59F2163542A9D8DF02464EFEB615D31051B0FDDC326'}, '0003a83faeb087d75e5200a6e7a96093e4157ec80a90f87c43455e017575aced', '0002c4200384da5843fd4485a1d6604c7dea13601796e05dbf51b10cfc3b1ebb', 12545, 'DB')",Start_time,2018-09-23 11:41:22.678796,End_time,2018-09-23 11:41:22.716694,Duration,0:00:00.037898
Task,"(189, '2018-09-23T15:41:24.093024', {'digest': '50E721E49C013F00C62CF59F2163542A9D8DF02464EFEB615D31051B0FDDC326'}, '0001d48b0d85989ec0c8c6139d05adbe0efd246fc29e77b510ddad3a95f8e2d8', '0003a83faeb087d75e5200a6e7a96093e4157ec80a90f87c43455e017575aced', 3222, 'DB')",Start_time,2018-09-23 11:41:24.093024,End_time,2018-09-23 11:41:24.099041,Duration,0:00:00.006017
Task,"(190, '2018-09-23T15:41:25.450396', {'digest': '50E721E49C013F00C62CF59F2163542A9D8DF02464EFEB615D31051B0FDDC326'}, '000b4aaad3086e88b559520279faebbeddedfcf1abfa3b5af2edfc982c65428d', '0001d48b0d85989ec0c8c6139d05adbe0efd246fc29e77b510ddad3a95f8e2d8', 1253, 'DB')",Start_time,2018-09-23 11:41:25.450396,End_time,2018-09-23 11:41:25.456379,Duration,0:00:00.005983
Task,"(191, '2018-09-23T15:41:25.462363', <LC.TB_data object at 0x0000023610D05E10>, '000e2428f03c610d6c2f9c89f541ffff98b170fa0f5d3fa83b05475a5fae7252', '000b4aaad3086e88b559520279faebbeddedfcf1abfa3b5af2edfc982c65428d', 338, 'TB')",Start_time,2018-09-23 11:41:25.462363,End_time,2018-09-23 11:41:25.463360,Duration,0:00:00.000997
Task,"(192, '2018-09-23T15:41:37.752763', 'Relative Genesis Block', '0007218d0da446928c245fc490f13df8b22dcb73e5c6251ffaced6be2bba1720', '000e2428f03c610d6c2f9c89f541ffff98b170fa0f5d3fa83b05475a5fae7252', 5216, 'RGB')",Start_time,2018-09-23 11:41:37.752763,End_time,2018-09-23 11:41:37.773705,Duration,0:00:00.020942
Task,"(193, '2018-09-23T15:41:37.779710', {'digest': '50E721E49C013F00C62CF59F2163542A9D8DF02464EFEB615D31051B0FDDC326'}, '00086c566cc57546ce2100e8c346aa8aa42a55b94ed29f3770ae7311d6c53638', '0007218d0da446928c245fc490f13df8b22dcb73e5c6251ffaced6be2bba1720', 2699, 'DB')",Start_time,2018-09-23 11:41:37.779710,End_time,2018-09-23 11:41:37.784676,Duration,0:00:00.004966
Task,"(194, '2018-09-23T15:41:39.130082', {'digest': '50E721E49C013F00C62CF59F2163542A9D8DF02464EFEB615D31051B0FDDC326'}, '0006fb54ce8001bb7d33622138c38d4c1370d3ad123c6415877260db350f98d5', '00086c566cc57546ce2100e8c346aa8aa42a55b94ed29f3770ae7311d6c53638', 6733, 'DB')",Start_time,2018-09-23 11:41:39.130082,End_time,2018-09-23 11:41:39.157009,Duration,0:00:00.026927
Task,"(195, '2018-09-23T15:41:40.495433', {'digest': '50E721E49C013F00C62CF59F2163542A9D8DF02464EFEB615D31051B0FDDC326'}, '0005ea7a997560c3a480061e215861179c46a50de62e1135416b7c4b4556cab9', '0006fb54ce8001bb7d33622138c38d4c1370d3ad123c6415877260db350f98d5', 604, 'DB')",Start_time,2018-09-23 11:41:40.495433,End_time,2018-09-23 11:41:40.497425,Duration,0:00:00.001992
Task,"(196, '2018-09-23T15:41:41.845819', {'digest': '50E721E49C013F00C62CF59F2163542A9D8DF02464EFEB615D31051B0FDDC326'}, '000212df62a41952b6ba61b41ee4f99b98f9592eafa07506e4a46b2aac4b38dd', '0005ea7a997560c3a480061e215861179c46a50de62e1135416b7c4b4556cab9', 1529, 'DB')",Start_time,2018-09-23 11:41:41.845819,End_time,2018-09-23 11:41:41.850837,Duration,0:00:00.005018
Task,"(197, '2018-09-23T15:41:43.287998', {'digest': '50E721E49C013F00C62CF59F2163542A9D8DF02464EFEB615D31051B0FDDC326'}, '000c3c471be337610047fe80161bea5ccbe58d053ab7783d64d89984cf871cc8', '000212df62a41952b6ba61b41ee4f99b98f9592eafa07506e4a46b2aac4b38dd', 3293, 'DB')",Start_time,2018-09-23 11:41:43.287998,End_time,2018-09-23 11:41:43.298966,Duration,0:00:00.010968
Task,"(198, '2018-09-23T15:41:44.663331', {'digest': '50E721E49C013F00C62CF59F2163542A9D8DF02464EFEB615D31051B0FDDC326'}, '000040ddbc2a5cc56c2ea0e3d3bcbe1407fba3005a77a8155061902c2fc8b39c', '000c3c471be337610047fe80161bea5ccbe58d053ab7783d64d89984cf871cc8', 3640, 'DB')",Start_time,2018-09-23 11:41:44.663331,End_time,2018-09-23 11:41:44.678245,Duration,0:00:00.014914
Task,"(199, '2018-09-23T15:41:46.027968', {'digest': '50E721E49C013F00C62CF59F2163542A9D8DF02464EFEB615D31051B0FDDC326'}, '0004878ed2cc195488fb52ef9266118462807f703540eb6c178fafa25b778521', '000040ddbc2a5cc56c2ea0e3d3bcbe1407fba3005a77a8155061902c2fc8b39c', 35, 'DB')",Start_time,2018-09-23 11:41:46.027968,End_time,2018-09-23 11:41:46.027968,Duration,0:00:00
Task,"(200, '2018-09-23T15:41:47.846695', {'digest': '50E721E49C013F00C62CF59F2163542A9D8DF02464EFEB615D31051B0FDDC326'}, '000c00fcb43df781e2b38737009f18ee3684438215f01ed7c1041d104164e9c5', '0004878ed2cc195488fb52ef9266118462807f703540eb6c178fafa25b778521', 1227, 'DB')",Start_time,2018-09-23 11:41:47.846695,End_time,2018-09-23 11:41:47.850718,Duration,0:00:00.004023
Task,"(201, '2018-09-23T15:41:49.244958', {'digest': '50E721E49C013F00C62CF59F2163542A9D8DF02464EFEB615D31051B0FDDC326'}, '000bc89c3587d1d7790e34415d9e7a80be643019c96e4a75ea299d7748735524', '000c00fcb43df781e2b38737009f18ee3684438215f01ed7c1041d104164e9c5', 8085, 'DB')",Start_time,2018-09-23 11:41:49.244958,End_time,2018-09-23 11:41:49.261944,Duration,0:00:00.016986
Task,"(202, '2018-09-23T15:41:50.601332', {'digest': '50E721E49C013F00C62CF59F2163542A9D8DF02464EFEB615D31051B0FDDC326'}, '0005b34e896918a6b70ff7df1505dcfca8cf916c4256498b7878a91edc8b7b05', '000bc89c3587d1d7790e34415d9e7a80be643019c96e4a75ea299d7748735524', 10671, 'DB')",Start_time,2018-09-23 11:41:50.601332,End_time,2018-09-23 11:41:50.632280,Duration,0:00:00.030948
Task,"(203, '2018-09-23T15:41:50.638235', <LC.TB_data object at 0x0000023610D2BCC0>, '0007922dc8d7223a096a28baabed80a4e0600c6fec05b5df8f189a44a9911cef', '0005b34e896918a6b70ff7df1505dcfca8cf916c4256498b7878a91edc8b7b05', 10342, 'TB')",Start_time,2018-09-23 11:41:50.638235,End_time,2018-09-23 11:41:50.662166,Duration,0:00:00.023931
Task,"(204, '2018-09-23T15:42:02.744171', 'Relative Genesis Block', '00003720643f9c3e15e3e5ef061d8663cf5ca8ac8d3469cf7470a5242da020d0', '0007922dc8d7223a096a28baabed80a4e0600c6fec05b5df8f189a44a9911cef', 8367, 'RGB')",Start_time,2018-09-23 11:42:02.744171,End_time,2018-09-23 11:42:02.759127,Duration,0:00:00.014956
Task,"(205, '2018-09-23T15:42:02.764115', {'digest': '50E721E49C013F00C62CF59F2163542A9D8DF02464EFEB615D31051B0FDDC326'}, '0007946dcebce13866dd8283d6da6e795969238d17209221aebc3fca6ecac9ca', '00003720643f9c3e15e3e5ef061d8663cf5ca8ac8d3469cf7470a5242da020d0', 4355, 'DB')",Start_time,2018-09-23 11:42:02.764115,End_time,2018-09-23 11:42:02.775085,Duration,0:00:00.010970
Task,"(206, '2018-09-23T15:42:04.227202', {'digest': '50E721E49C013F00C62CF59F2163542A9D8DF02464EFEB615D31051B0FDDC326'}, '0002a1809e3c2342920fbaeb50850c041e41d0d7e4c0cd166890b89b003b26b3', '0007946dcebce13866dd8283d6da6e795969238d17209221aebc3fca6ecac9ca', 568, 'DB')",Start_time,2018-09-23 11:42:04.227202,End_time,2018-09-23 11:42:04.228200,Duration,0:00:00.000998
Task,"(207, '2018-09-23T15:42:05.580596', {'digest': '50E721E49C013F00C62CF59F2163542A9D8DF02464EFEB615D31051B0FDDC326'}, '000a04754405987b884a904c104cac5f7dc2403c71767eb3298f8594350a4262', '0002a1809e3c2342920fbaeb50850c041e41d0d7e4c0cd166890b89b003b26b3', 16376, 'DB')",Start_time,2018-09-23 11:42:05.580596,End_time,2018-09-23 11:42:05.627470,Duration,0:00:00.046874
Task,"(208, '2018-09-23T15:42:07.000798', {'digest': '50E721E49C013F00C62CF59F2163542A9D8DF02464EFEB615D31051B0FDDC326'}, '0002374571857114ab66fe8d0e6781c5bacfada6d279b00a366087de187da299', '000a04754405987b884a904c104cac5f7dc2403c71767eb3298f8594350a4262', 2172, 'DB')",Start_time,2018-09-23 11:42:07.000798,End_time,2018-09-23 11:42:07.014806,Duration,0:00:00.014008
Task,"(209, '2018-09-23T15:42:08.354350', {'digest': '50E721E49C013F00C62CF59F2163542A9D8DF02464EFEB615D31051B0FDDC326'}, '000036a63713bc7640fc863824590618907f518d0f5cfc0ea2251f122780eaa9', '0002374571857114ab66fe8d0e6781c5bacfada6d279b00a366087de187da299', 743, 'DB')",Start_time,2018-09-23 11:42:08.354350,End_time,2018-09-23 11:42:08.357332,Duration,0:00:00.002982
Task,"(210, '2018-09-23T15:42:09.800474', {'digest': '50E721E49C013F00C62CF59F2163542A9D8DF02464EFEB615D31051B0FDDC326'}, '000b3c23140b4a802824c4c0bc09287e064037ac7d3d4b0b076ba25e8547a6a9', '000036a63713bc7640fc863824590618907f518d0f5cfc0ea2251f122780eaa9', 2729, 'DB')",Start_time,2018-09-23 11:42:09.800474,End_time,2018-09-23 11:42:09.812474,Duration,0:00:00.012000
Task,"(211, '2018-09-23T15:42:11.147872', {'digest': '50E721E49C013F00C62CF59F2163542A9D8DF02464EFEB615D31051B0FDDC326'}, '000474c002ee75dda6af99181ff66fa47e78a29d88566326e6d8542bbbec7fa5', '000b3c23140b4a802824c4c0bc09287e064037ac7d3d4b0b076ba25e8547a6a9', 982, 'DB')",Start_time,2018-09-23 11:42:11.147872,End_time,2018-09-23 11:42:11.152860,Duration,0:00:00.004988
Task,"(212, '2018-09-23T15:42:12.516218', {'digest': '50E721E49C013F00C62CF59F2163542A9D8DF02464EFEB615D31051B0FDDC326'}, '000ad9809d6c68c2ba6a64ce8582d41f984112d9c9a50bd66641b53ac813f84e', '000474c002ee75dda6af99181ff66fa47e78a29d88566326e6d8542bbbec7fa5', 908, 'DB')",Start_time,2018-09-23 11:42:12.516218,End_time,2018-09-23 11:42:12.521202,Duration,0:00:00.004984
Task,"(213, '2018-09-23T15:42:13.877821', {'digest': '50E721E49C013F00C62CF59F2163542A9D8DF02464EFEB615D31051B0FDDC326'}, '00012c3d0438d4c58bb8746fa574112ff7c7fcbfb8fc8ce86a8a73f5ac5f0f64', '000ad9809d6c68c2ba6a64ce8582d41f984112d9c9a50bd66641b53ac813f84e', 1689, 'DB')",Start_time,2018-09-23 11:42:13.877821,End_time,2018-09-23 11:42:13.880844,Duration,0:00:00.003023
Task,"(214, '2018-09-23T15:42:15.416748', {'digest': '50E721E49C013F00C62CF59F2163542A9D8DF02464EFEB615D31051B0FDDC326'}, '000f5dc4325653cc5f7015ff46fc9f16e6d669c1f5e881c9509a60320369348c', '00012c3d0438d4c58bb8746fa574112ff7c7fcbfb8fc8ce86a8a73f5ac5f0f64', 144, 'DB')",Start_time,2018-09-23 11:42:15.416748,End_time,2018-09-23 11:42:15.417746,Duration,0:00:00.000998
Task,"(215, '2018-09-23T15:42:15.425726', <LC.TB_data object at 0x0000023610CEA748>, '000eb617944c0ebb51157011f4bbe5a9fdc4c7ded49d750b21efc196b6f0bac2', '000f5dc4325653cc5f7015ff46fc9f16e6d669c1f5e881c9509a60320369348c', 840, 'TB')",Start_time,2018-09-23 11:42:15.425726,End_time,2018-09-23 11:42:15.427720,Duration,0:00:00.001994
Task,"(216, '2018-09-23T15:43:18.588657', 'Relative Genesis Block', '0008d6d37105049a41a2fb85f7798aaf61eb5335dc5ef449a8096616dde7ab6c', '000eb617944c0ebb51157011f4bbe5a9fdc4c7ded49d750b21efc196b6f0bac2', 437, 'RGB')",Start_time,2018-09-23 11:43:18.588657,End_time,2018-09-23 11:43:18.592646,Duration,0:00:00.003989
Task,"(217, '2018-09-23T15:43:18.614618', {'digest': '50E721E49C013F00C62CF59F2163542A9D8DF02464EFEB615D31051B0FDDC326'}, '00072e24c3630c1fa92ae50787b1efefb63a61e1bd250e6694ff33f8064e5984', '0008d6d37105049a41a2fb85f7798aaf61eb5335dc5ef449a8096616dde7ab6c', 1833, 'DB')",Start_time,2018-09-23 11:43:18.614618,End_time,2018-09-23 11:43:18.620571,Duration,0:00:00.005953
Task,"(218, '2018-09-23T15:43:20.070694', {'digest': '50E721E49C013F00C62CF59F2163542A9D8DF02464EFEB615D31051B0FDDC326'}, '00005ea7e0b054f9682e0407a4ef0959d29b7f9563c4cd4be08b56ebac426cb2', '00072e24c3630c1fa92ae50787b1efefb63a61e1bd250e6694ff33f8064e5984', 4807, 'DB')",Start_time,2018-09-23 11:43:20.070694,End_time,2018-09-23 11:43:20.093667,Duration,0:00:00.022973
Task,"(219, '2018-09-23T15:43:21.494889', {'digest': '50E721E49C013F00C62CF59F2163542A9D8DF02464EFEB615D31051B0FDDC326'}, '000488b24fc1e2a9d3f1dd3371c102d4249f517419ca309fdd0544e06759eb7a', '00005ea7e0b054f9682e0407a4ef0959d29b7f9563c4cd4be08b56ebac426cb2', 5223, 'DB')",Start_time,2018-09-23 11:43:21.494889,End_time,2018-09-23 11:43:21.511842,Duration,0:00:00.016953
Task,"(220, '2018-09-23T15:43:22.871389', {'digest': '50E721E49C013F00C62CF59F2163542A9D8DF02464EFEB615D31051B0FDDC326'}, '0000fddcc56e2cf990c2eeb298df2204424c74d99865bedd49ce57802bae04ca', '000488b24fc1e2a9d3f1dd3371c102d4249f517419ca309fdd0544e06759eb7a', 6681, 'DB')",Start_time,2018-09-23 11:43:22.871389,End_time,2018-09-23 11:43:22.902303,Duration,0:00:00.030914
Task,"(221, '2018-09-23T15:43:24.230944', {'digest': '50E721E49C013F00C62CF59F2163542A9D8DF02464EFEB615D31051B0FDDC326'}, '000db6ce4f9138d15f76c6c0142f8af2ae9f841e0da47ce4b9a1d17d0a64ab1e', '0000fddcc56e2cf990c2eeb298df2204424c74d99865bedd49ce57802bae04ca', 5621, 'DB')",Start_time,2018-09-23 11:43:24.230944,End_time,2018-09-23 11:43:24.248892,Duration,0:00:00.017948
Task,"(222, '2018-09-23T15:43:25.601279', {'digest': '50E721E49C013F00C62CF59F2163542A9D8DF02464EFEB615D31051B0FDDC326'}, '0002a8d2fbc9eefe28c46cf407d9a2cccac5745139d33d4faf7d61d25ad793e5', '000db6ce4f9138d15f76c6c0142f8af2ae9f841e0da47ce4b9a1d17d0a64ab1e', 3838, 'DB')",Start_time,2018-09-23 11:43:25.601279,End_time,2018-09-23 11:43:25.615239,Duration,0:00:00.013960
Task,"(223, '2018-09-23T15:43:27.067558', {'digest': '50E721E49C013F00C62CF59F2163542A9D8DF02464EFEB615D31051B0FDDC326'}, '000a9784920c360a83cfd4ee207a66baadd7546664253469847c2c4d4eba4999', '0002a8d2fbc9eefe28c46cf407d9a2cccac5745139d33d4faf7d61d25ad793e5', 4310, 'DB')",Start_time,2018-09-23 11:43:27.067558,End_time,2018-09-23 11:43:27.095515,Duration,0:00:00.027957
Task,"(224, '2018-09-23T15:43:28.444875', {'digest': '50E721E49C013F00C62CF59F2163542A9D8DF02464EFEB615D31051B0FDDC326'}, '000cd3d3e5afb208e3b034d0efbd7893dfa54a400190e62d86b18cf66aa17f52', '000a9784920c360a83cfd4ee207a66baadd7546664253469847c2c4d4eba4999', 845, 'DB')",Start_time,2018-09-23 11:43:28.444875,End_time,2018-09-23 11:43:28.449861,Duration,0:00:00.004986
Task,"(225, '2018-09-23T15:43:29.818203', {'digest': '50E721E49C013F00C62CF59F2163542A9D8DF02464EFEB615D31051B0FDDC326'}, '0001cb60a7dbf79a4c58a6ed17c19105930bc1a4572035ad28c4658cf4a2f8b6', '000cd3d3e5afb208e3b034d0efbd7893dfa54a400190e62d86b18cf66aa17f52', 3590, 'DB')",Start_time,2018-09-23 11:43:29.818203,End_time,2018-09-23 11:43:29.827179,Duration,0:00:00.008976
Task,"(226, '2018-09-23T15:43:31.180723', {'digest': '50E721E49C013F00C62CF59F2163542A9D8DF02464EFEB615D31051B0FDDC326'}, '0007d10d78f172bf7e8656dd1ea6161f4749f88a740b3213458c7eaaa102734e', '0001cb60a7dbf79a4c58a6ed17c19105930bc1a4572035ad28c4658cf4a2f8b6', 1309, 'DB')",Start_time,2018-09-23 11:43:31.180723,End_time,2018-09-23 11:43:31.188701,Duration,0:00:00.007978
Task,"(227, '2018-09-23T15:43:31.198678', <LC.TB_data object at 0x0000023610CD98D0>, '000ae5c673b4f81916773a48b4a226bee834ab132524257e709471dde2949e90', '0007d10d78f172bf7e8656dd1ea6161f4749f88a740b3213458c7eaaa102734e', 110, 'TB')",Start_time,2018-09-23 11:43:31.198678,End_time,2018-09-23 11:43:31.199673,Duration,0:00:00.000995
Task,"(228, '2018-09-23T15:43:43.372128', 'Relative Genesis Block', '000e9ad8f5389cd4463759c751dba65f606876177064d42b5380820ccf48963e', '000ae5c673b4f81916773a48b4a226bee834ab132524257e709471dde2949e90', 760, 'RGB')",Start_time,2018-09-23 11:43:43.372128,End_time,2018-09-23 11:43:43.378115,Duration,0:00:00.005987
Task,"(229, '2018-09-23T15:43:43.386110', {'digest': '50E721E49C013F00C62CF59F2163542A9D8DF02464EFEB615D31051B0FDDC326'}, '000b143697fd1f55af353ab215fba69468717ab27904ef078ab907ecc9e94509', '000e9ad8f5389cd4463759c751dba65f606876177064d42b5380820ccf48963e', 4154, 'DB')",Start_time,2018-09-23 11:43:43.386110,End_time,2018-09-23 11:43:43.395099,Duration,0:00:00.008989
Task,"(230, '2018-09-23T15:43:44.754431', {'digest': '50E721E49C013F00C62CF59F2163542A9D8DF02464EFEB615D31051B0FDDC326'}, '000e1057f1a7d1c704b4f3ae5e201955c611fdfb4531bf39e309f6f1440d1c5d', '000b143697fd1f55af353ab215fba69468717ab27904ef078ab907ecc9e94509', 5897, 'DB')",Start_time,2018-09-23 11:43:44.754431,End_time,2018-09-23 11:43:44.778402,Duration,0:00:00.023971
Task,"(231, '2018-09-23T15:43:46.129756', {'digest': '50E721E49C013F00C62CF59F2163542A9D8DF02464EFEB615D31051B0FDDC326'}, '0002dc65f647183bafacce54cc655b61ef864993dad2583700cf3b5cf089aabc', '000e1057f1a7d1c704b4f3ae5e201955c611fdfb4531bf39e309f6f1440d1c5d', 3590, 'DB')",Start_time,2018-09-23 11:43:46.129756,End_time,2018-09-23 11:43:46.147707,Duration,0:00:00.017951
Task,"(232, '2018-09-23T15:43:47.513308', {'digest': '50E721E49C013F00C62CF59F2163542A9D8DF02464EFEB615D31051B0FDDC326'}, '000534d8f2286d259aef8987bc74838cc1eefeb6eaae1fd6a7830542f71b01e1', '0002dc65f647183bafacce54cc655b61ef864993dad2583700cf3b5cf089aabc', 880, 'DB')",Start_time,2018-09-23 11:43:47.513308,End_time,2018-09-23 11:43:47.517343,Duration,0:00:00.004035
Task,"(233, '2018-09-23T15:43:48.977413', {'digest': '50E721E49C013F00C62CF59F2163542A9D8DF02464EFEB615D31051B0FDDC326'}, '000caa14247e3838f39d2755b7141af6297826d5b9c0d33c0985afff205cadf8', '000534d8f2286d259aef8987bc74838cc1eefeb6eaae1fd6a7830542f71b01e1', 720, 'DB')",Start_time,2018-09-23 11:43:48.977413,End_time,2018-09-23 11:43:48.980396,Duration,0:00:00.002983
Task,"(234, '2018-09-23T15:43:50.349738', {'digest': '50E721E49C013F00C62CF59F2163542A9D8DF02464EFEB615D31051B0FDDC326'}, '00045900f649914885b5f866863a67f28d165755657e7934fa49ef305f3fc671', '000caa14247e3838f39d2755b7141af6297826d5b9c0d33c0985afff205cadf8', 2960, 'DB')",Start_time,2018-09-23 11:43:50.349738,End_time,2018-09-23 11:43:50.360706,Duration,0:00:00.010968
Task,"(235, '2018-09-23T15:43:51.701122', {'digest': '50E721E49C013F00C62CF59F2163542A9D8DF02464EFEB615D31051B0FDDC326'}, '0002aff8d6038ce4c2f0bec5b3f8cec111dfe98f9013bad460560ffa44a0bd53', '00045900f649914885b5f866863a67f28d165755657e7934fa49ef305f3fc671', 1354, 'DB')",Start_time,2018-09-23 11:43:51.701122,End_time,2018-09-23 11:43:51.704114,Duration,0:00:00.002992
Task,"(236, '2018-09-23T15:43:53.063480', {'digest': '50E721E49C013F00C62CF59F2163542A9D8DF02464EFEB615D31051B0FDDC326'}, '000556e8dc1d91a845a851385f369e0986115957b205ebba8b5a16823feae21c', '0002aff8d6038ce4c2f0bec5b3f8cec111dfe98f9013bad460560ffa44a0bd53', 1392, 'DB')",Start_time,2018-09-23 11:43:53.063480,End_time,2018-09-23 11:43:53.070468,Duration,0:00:00.006988
Task,"(237, '2018-09-23T15:43:54.509613', {'digest': '50E721E49C013F00C62CF59F2163542A9D8DF02464EFEB615D31051B0FDDC326'}, '000539bf67b5e18491b16b073deb2a24693382dba7b67f1749f5260f541219b5', '000556e8dc1d91a845a851385f369e0986115957b205ebba8b5a16823feae21c', 4496, 'DB')",Start_time,2018-09-23 11:43:54.509613,End_time,2018-09-23 11:43:54.519619,Duration,0:00:00.010006
Task,"(238, '2018-09-23T15:43:55.861000', {'digest': '50E721E49C013F00C62CF59F2163542A9D8DF02464EFEB615D31051B0FDDC326'}, '00001634f6275c992a989456e0d94790f3109376743072fd8447ee59f440071f', '000539bf67b5e18491b16b073deb2a24693382dba7b67f1749f5260f541219b5', 5288, 'DB')",Start_time,2018-09-23 11:43:55.861000,End_time,2018-09-23 11:43:55.878953,Duration,0:00:00.017953
Task,"(239, '2018-09-23T15:43:55.885934', <LC.TB_data object at 0x0000023610C956D8>, '0006c20ee679269161a7e36b2b9af295c0d0a0e7e20851d53fc37e140d317f23', '00001634f6275c992a989456e0d94790f3109376743072fd8447ee59f440071f', 2289, 'TB')",Start_time,2018-09-23 11:43:55.885934,End_time,2018-09-23 11:43:55.892915,Duration,0:00:00.006981
