Task,"(0, '2018-09-27T18:19:41.722610', 'Absolute Genesis Block', '00036d57eba6437bc113ea22037e619ff75fa091d91c843b2462ebefc03fad1c', '0000000000000000000000000000000000000000000000000000000000000000', 2375, 'AGB')",Start_time,2018-09-27 14:19:41.722610,End_time,2018-09-27 14:19:41.732615,Duration,0:00:00.010005
Task,"(1, '2018-09-27T18:19:41.737570', {'digest': '50E721E49C013F00C62CF59F2163542A9D8DF02464EFEB615D31051B0FDDC326'}, '000cfd80b4591bb3570ea1c4ff3977cd906584f8803d23a03e6786bd7580b834', '00036d57eba6437bc113ea22037e619ff75fa091d91c843b2462ebefc03fad1c', 4511, 'DB')",Start_time,2018-09-27 14:19:41.737570,End_time,2018-09-27 14:19:41.750534,Duration,0:00:00.012964
Task,"(2, '2018-09-27T18:19:52.258154', {'digest': '50E721E49C013F00C62CF59F2163542A9D8DF02464EFEB615D31051B0FDDC326'}, '000857f809b9e76997fa9bc7734e16222972ca13576426ca9e97128e2bc62cbc', '000cfd80b4591bb3570ea1c4ff3977cd906584f8803d23a03e6786bd7580b834', 217, 'DB')",Start_time,2018-09-27 14:19:52.258154,End_time,2018-09-27 14:19:52.259135,Duration,0:00:00.000981
Task,"(3, '2018-09-27T18:20:02.751818', {'digest': '50E721E49C013F00C62CF59F2163542A9D8DF02464EFEB615D31051B0FDDC326'}, '000ce983ffd19ac3ff1ed514be35ed5cb36276a73b857e182e1d2e8a636b56a5', '000857f809b9e76997fa9bc7734e16222972ca13576426ca9e97128e2bc62cbc', 1618, 'DB')",Start_time,2018-09-27 14:20:02.751818,End_time,2018-09-27 14:20:02.755807,Duration,0:00:00.003989
Task,"(4, '2018-09-27T18:20:13.284162', {'digest': '50E721E49C013F00C62CF59F2163542A9D8DF02464EFEB615D31051B0FDDC326'}, '00050dab82cd4f6ae5af13b4f16af2401b964149688c8deef08ec2d2cb0089ea', '000ce983ffd19ac3ff1ed514be35ed5cb36276a73b857e182e1d2e8a636b56a5', 1573, 'DB')",Start_time,2018-09-27 14:20:13.284162,End_time,2018-09-27 14:20:13.287153,Duration,0:00:00.002991
Task,"(5, '2018-09-27T18:20:23.947657', {'digest': '50E721E49C013F00C62CF59F2163542A9D8DF02464EFEB615D31051B0FDDC326'}, '000d555279703d324e45f551fd6b4fcfe11580d02824f2862ec9e4e7499c2611', '00050dab82cd4f6ae5af13b4f16af2401b964149688c8deef08ec2d2cb0089ea', 1642, 'DB')",Start_time,2018-09-27 14:20:23.947657,End_time,2018-09-27 14:20:23.953661,Duration,0:00:00.006004
Task,"(6, '2018-09-27T18:20:34.484197', {'digest': '50E721E49C013F00C62CF59F2163542A9D8DF02464EFEB615D31051B0FDDC326'}, '00064faaea613c74520f15a05a85a4b40e160bf0cf2a9ba4d9c682c1ddd61eeb', '000d555279703d324e45f551fd6b4fcfe11580d02824f2862ec9e4e7499c2611', 1631, 'DB')",Start_time,2018-09-27 14:20:34.484197,End_time,2018-09-27 14:20:34.488185,Duration,0:00:00.003988
Task,"(7, '2018-09-27T18:20:44.979667', {'digest': '50E721E49C013F00C62CF59F2163542A9D8DF02464EFEB615D31051B0FDDC326'}, '000a631912aef84c760410098bff49d3dc01a2e0d737efe491bec9a376a554cc', '00064faaea613c74520f15a05a85a4b40e160bf0cf2a9ba4d9c682c1ddd61eeb', 4824, 'DB')",Start_time,2018-09-27 14:20:44.979667,End_time,2018-09-27 14:20:44.993661,Duration,0:00:00.013994
Task,"(8, '2018-09-27T18:20:55.469919', {'digest': '50E721E49C013F00C62CF59F2163542A9D8DF02464EFEB615D31051B0FDDC326'}, '0000184e735bab1d79eddb15ca3bd6fab2cce451089c5aeda9bc12bb0284b8fb', '000a631912aef84c760410098bff49d3dc01a2e0d737efe491bec9a376a554cc', 1364, 'DB')",Start_time,2018-09-27 14:20:55.469919,End_time,2018-09-27 14:20:55.473907,Duration,0:00:00.003988
Task,"(9, '2018-09-27T18:21:06.046891', {'digest': '50E721E49C013F00C62CF59F2163542A9D8DF02464EFEB615D31051B0FDDC326'}, '0000bb0421035b53afb7f8f6307d0c239aead32cc4ae989a97c6688039fb10f1', '0000184e735bab1d79eddb15ca3bd6fab2cce451089c5aeda9bc12bb0284b8fb', 2617, 'DB')",Start_time,2018-09-27 14:21:06.046891,End_time,2018-09-27 14:21:06.051871,Duration,0:00:00.004980
Task,"(10, '2018-09-27T18:21:16.585950', {'digest': '50E721E49C013F00C62CF59F2163542A9D8DF02464EFEB615D31051B0FDDC326'}, '000ef14eaf3476c1c7d1fb54bf88cf3ebe01e55b7a379d7d3a692ba3a2120171', '0000bb0421035b53afb7f8f6307d0c239aead32cc4ae989a97c6688039fb10f1', 4924, 'DB')",Start_time,2018-09-27 14:21:16.585950,End_time,2018-09-27 14:21:16.606893,Duration,0:00:00.020943
Task,"(11, '2018-09-27T18:21:16.613875', <LC.TB_data object at 0x0000016E06C953C8>, '000167ba8f58f72e8031d0d2924aaf44f4b1c1f0a6a48130e8138f0ce2379260', '000ef14eaf3476c1c7d1fb54bf88cf3ebe01e55b7a379d7d3a692ba3a2120171', 308, 'TB')",Start_time,2018-09-27 14:21:16.613875,End_time,2018-09-27 14:21:16.614873,Duration,0:00:00.000998
Task,"(12, '2018-09-27T18:22:08.619379', 'Relative Genesis Block', '00049257ed17fed30a5153bbaa5883850dc266d6fa3d148e76f35d6d677f0521', '000167ba8f58f72e8031d0d2924aaf44f4b1c1f0a6a48130e8138f0ce2379260', 907, 'RGB')",Start_time,2018-09-27 14:22:08.619379,End_time,2018-09-27 14:22:08.624366,Duration,0:00:00.004987
Task,"(13, '2018-09-27T18:22:08.629352', {'digest': '50E721E49C013F00C62CF59F2163542A9D8DF02464EFEB615D31051B0FDDC326'}, '000f528a68f475696bf1056a222744e210469fd781bb110ab52ba8fabe18687d', '00049257ed17fed30a5153bbaa5883850dc266d6fa3d148e76f35d6d677f0521', 1198, 'DB')",Start_time,2018-09-27 14:22:08.629352,End_time,2018-09-27 14:22:08.632344,Duration,0:00:00.002992
Task,"(14, '2018-09-27T18:22:19.157216', {'digest': '50E721E49C013F00C62CF59F2163542A9D8DF02464EFEB615D31051B0FDDC326'}, '000397981bcbe525c30c89a53175779ab12dec86b7989af861fa2b4bfe9315fe', '000f528a68f475696bf1056a222744e210469fd781bb110ab52ba8fabe18687d', 732, 'DB')",Start_time,2018-09-27 14:22:19.157216,End_time,2018-09-27 14:22:19.158205,Duration,0:00:00.000989
Task,"(15, '2018-09-27T18:22:29.828919', {'digest': '50E721E49C013F00C62CF59F2163542A9D8DF02464EFEB615D31051B0FDDC326'}, '000f6f64206a9871f0c151cf5464bffa32a22a7c7ab36c9fbb83e2244b0d3332', '000397981bcbe525c30c89a53175779ab12dec86b7989af861fa2b4bfe9315fe', 462, 'DB')",Start_time,2018-09-27 14:22:29.828919,End_time,2018-09-27 14:22:29.830913,Duration,0:00:00.001994
Task,"(16, '2018-09-27T18:22:40.322855', {'digest': '50E721E49C013F00C62CF59F2163542A9D8DF02464EFEB615D31051B0FDDC326'}, '000df0cc45c8eb602f0296575534586c7606f7c041cb762810c14aa19a967e89', '000f6f64206a9871f0c151cf5464bffa32a22a7c7ab36c9fbb83e2244b0d3332', 303, 'DB')",Start_time,2018-09-27 14:22:40.322855,End_time,2018-09-27 14:22:40.323852,Duration,0:00:00.000997
Task,"(17, '2018-09-27T18:22:50.812736', {'digest': '50E721E49C013F00C62CF59F2163542A9D8DF02464EFEB615D31051B0FDDC326'}, '000828a1384cbf0d808005a2ff91d9b8badc5623c79dbcd9b8005c7a984bda94', '000df0cc45c8eb602f0296575534586c7606f7c041cb762810c14aa19a967e89', 3704, 'DB')",Start_time,2018-09-27 14:22:50.812736,End_time,2018-09-27 14:22:50.823704,Duration,0:00:00.010968
Task,"(18, '2018-09-27T18:23:01.317220', {'digest': '50E721E49C013F00C62CF59F2163542A9D8DF02464EFEB615D31051B0FDDC326'}, '0002f95b43e6a7c7776e4bca91458a032aed7e3d985b71d166da4281cf6ae69f', '000828a1384cbf0d808005a2ff91d9b8badc5623c79dbcd9b8005c7a984bda94', 8056, 'DB')",Start_time,2018-09-27 14:23:01.317220,End_time,2018-09-27 14:23:01.348136,Duration,0:00:00.030916
Task,"(19, '2018-09-27T18:23:11.931091', {'digest': '50E721E49C013F00C62CF59F2163542A9D8DF02464EFEB615D31051B0FDDC326'}, '00017815077beaa18e9f34fedbbff01c513b0b0c8b48f633270f4acdcb833944', '0002f95b43e6a7c7776e4bca91458a032aed7e3d985b71d166da4281cf6ae69f', 8934, 'DB')",Start_time,2018-09-27 14:23:11.931091,End_time,2018-09-27 14:23:11.957017,Duration,0:00:00.025926
Task,"(20, '2018-09-27T18:23:22.468507', {'digest': '50E721E49C013F00C62CF59F2163542A9D8DF02464EFEB615D31051B0FDDC326'}, '000a21c0a35648f4a2e42adc37d835a8597333b672f7077c90fed4d1666d67b9', '00017815077beaa18e9f34fedbbff01c513b0b0c8b48f633270f4acdcb833944', 1224, 'DB')",Start_time,2018-09-27 14:23:22.468507,End_time,2018-09-27 14:23:22.473525,Duration,0:00:00.005018
Task,"(21, '2018-09-27T18:23:32.961146', {'digest': '50E721E49C013F00C62CF59F2163542A9D8DF02464EFEB615D31051B0FDDC326'}, '0001f283aa6addc4952b4ed2e306d83189084721fecc7d8194d6c8abef8d93b6', '000a21c0a35648f4a2e42adc37d835a8597333b672f7077c90fed4d1666d67b9', 965, 'DB')",Start_time,2018-09-27 14:23:32.961146,End_time,2018-09-27 14:23:32.965134,Duration,0:00:00.003988
Task,"(22, '2018-09-27T18:23:43.468044', {'digest': '50E721E49C013F00C62CF59F2163542A9D8DF02464EFEB615D31051B0FDDC326'}, '0004ebe810945684b0c51f678e53fef4f4ca7826214f2f6cff541ff569fe5512', '0001f283aa6addc4952b4ed2e306d83189084721fecc7d8194d6c8abef8d93b6', 2613, 'DB')",Start_time,2018-09-27 14:23:43.468044,End_time,2018-09-27 14:23:43.481009,Duration,0:00:00.012965
Task,"(23, '2018-09-27T18:23:43.490983', <LC.TB_data object at 0x0000016E06D580F0>, '000e747e340492ac598ca016e582d955ec42cbc17c057fe2bad4623fa45221d1', '0004ebe810945684b0c51f678e53fef4f4ca7826214f2f6cff541ff569fe5512', 757, 'TB')",Start_time,2018-09-27 14:23:43.490983,End_time,2018-09-27 14:23:43.493974,Duration,0:00:00.002991
Task,"(24, '2018-09-27T18:24:05.632769', 'Relative Genesis Block', '000dbc68b6913a4396f425348c7408757d87243617c3f455c1e16e9bac6c811f', '000e747e340492ac598ca016e582d955ec42cbc17c057fe2bad4623fa45221d1', 14783, 'RGB')",Start_time,2018-09-27 14:24:05.632769,End_time,2018-09-27 14:24:05.674693,Duration,0:00:00.041924
Task,"(25, '2018-09-27T18:24:05.678645', {'digest': '50E721E49C013F00C62CF59F2163542A9D8DF02464EFEB615D31051B0FDDC326'}, '000104b166f44dba4c65791a2526094a0a606dc7ae68be8f66890cbaf8455f3a', '000dbc68b6913a4396f425348c7408757d87243617c3f455c1e16e9bac6c811f', 3258, 'DB')",Start_time,2018-09-27 14:24:05.678645,End_time,2018-09-27 14:24:05.685660,Duration,0:00:00.007015
Task,"(26, '2018-09-27T18:24:16.194251', {'digest': '50E721E49C013F00C62CF59F2163542A9D8DF02464EFEB615D31051B0FDDC326'}, '00096a65b69b23478df632ddba707aa4b82981a9a4d9c6e331fd5383d534ff88', '000104b166f44dba4c65791a2526094a0a606dc7ae68be8f66890cbaf8455f3a', 2049, 'DB')",Start_time,2018-09-27 14:24:16.194251,End_time,2018-09-27 14:24:16.198239,Duration,0:00:00.003988
Task,"(27, '2018-09-27T18:24:26.764725', {'digest': '50E721E49C013F00C62CF59F2163542A9D8DF02464EFEB615D31051B0FDDC326'}, '000fb3a7c5b0da438f9471aefa9e902ee1133980c51f2f20b24bd5954823ffe4', '00096a65b69b23478df632ddba707aa4b82981a9a4d9c6e331fd5383d534ff88', 1789, 'DB')",Start_time,2018-09-27 14:24:26.764725,End_time,2018-09-27 14:24:26.771706,Duration,0:00:00.006981
Task,"(28, '2018-09-27T18:24:37.254583', {'digest': '50E721E49C013F00C62CF59F2163542A9D8DF02464EFEB615D31051B0FDDC326'}, '000205292ac2b97f1f802774359e427aac4fde38976da24e6991ee8791504c37', '000fb3a7c5b0da438f9471aefa9e902ee1133980c51f2f20b24bd5954823ffe4', 55, 'DB')",Start_time,2018-09-27 14:24:37.254583,End_time,2018-09-27 14:24:37.254583,Duration,0:00:00
Task,"(29, '2018-09-27T18:24:47.905349', {'digest': '50E721E49C013F00C62CF59F2163542A9D8DF02464EFEB615D31051B0FDDC326'}, '0008e39f13d2644e777308fc48668c734480ebf79d4d27752f0c9f23b184e4fb', '000205292ac2b97f1f802774359e427aac4fde38976da24e6991ee8791504c37', 750, 'DB')",Start_time,2018-09-27 14:24:47.905349,End_time,2018-09-27 14:24:47.907342,Duration,0:00:00.001993
Task,"(30, '2018-09-27T18:24:58.412947', {'digest': '50E721E49C013F00C62CF59F2163542A9D8DF02464EFEB615D31051B0FDDC326'}, '0008eb7e3404aad3336127e49b928d992e686a4216108cf6bb53c8e4343848b0', '0008e39f13d2644e777308fc48668c734480ebf79d4d27752f0c9f23b184e4fb', 9118, 'DB')",Start_time,2018-09-27 14:24:58.412947,End_time,2018-09-27 14:24:58.452839,Duration,0:00:00.039892
Task,"(31, '2018-09-27T18:25:08.926363', {'digest': '50E721E49C013F00C62CF59F2163542A9D8DF02464EFEB615D31051B0FDDC326'}, '000af678b88e68b5ee111b5eadf1ed4bd148f9363abfcd6d477b635356c4c811', '0008eb7e3404aad3336127e49b928d992e686a4216108cf6bb53c8e4343848b0', 910, 'DB')",Start_time,2018-09-27 14:25:08.926363,End_time,2018-09-27 14:25:08.929353,Duration,0:00:00.002990
Task,"(32, '2018-09-27T18:25:19.472159', {'digest': '50E721E49C013F00C62CF59F2163542A9D8DF02464EFEB615D31051B0FDDC326'}, '000dca6c5a47be1611c1339fe03fa7d9089c6460d2b203c6e3e8acc8236f0bc2', '000af678b88e68b5ee111b5eadf1ed4bd148f9363abfcd6d477b635356c4c811', 1673, 'DB')",Start_time,2018-09-27 14:25:19.472159,End_time,2018-09-27 14:25:19.477144,Duration,0:00:00.004985
Task,"(33, '2018-09-27T18:25:30.038899', {'digest': '50E721E49C013F00C62CF59F2163542A9D8DF02464EFEB615D31051B0FDDC326'}, '0002cf99df0decbda5be9965a766a5ac609fe696dbea717b69988b21d6cd507a', '000dca6c5a47be1611c1339fe03fa7d9089c6460d2b203c6e3e8acc8236f0bc2', 1554, 'DB')",Start_time,2018-09-27 14:25:30.038899,End_time,2018-09-27 14:25:30.044886,Duration,0:00:00.005987
Task,"(34, '2018-09-27T18:25:40.560618', {'digest': '50E721E49C013F00C62CF59F2163542A9D8DF02464EFEB615D31051B0FDDC326'}, '000337e53741643d0d23ec95701a78a58e51b8fc7e5dbefd372b5bc45d50e196', '0002cf99df0decbda5be9965a766a5ac609fe696dbea717b69988b21d6cd507a', 8400, 'DB')",Start_time,2018-09-27 14:25:40.560618,End_time,2018-09-27 14:25:40.585550,Duration,0:00:00.024932
Task,"(35, '2018-09-27T18:25:40.591534', <LC.TB_data object at 0x0000016E06D78898>, '0005c2ac2f8d0bba8544aecf7070e676bc1df7c4b1ec001b9a5d17051cc362b6', '000337e53741643d0d23ec95701a78a58e51b8fc7e5dbefd372b5bc45d50e196', 3356, 'TB')",Start_time,2018-09-27 14:25:40.591534,End_time,2018-09-27 14:25:40.598515,Duration,0:00:00.006981
Task,"(36, '2018-09-27T18:26:01.647881', 'Relative Genesis Block', '0003a299238c2e08470ef09412c6bb3a17893cd0851f7c89c0067854545c6d8d', '0005c2ac2f8d0bba8544aecf7070e676bc1df7c4b1ec001b9a5d17051cc362b6', 1459, 'RGB')",Start_time,2018-09-27 14:26:01.647881,End_time,2018-09-27 14:26:01.652864,Duration,0:00:00.004983
Task,"(37, '2018-09-27T18:26:01.660887', {'digest': '50E721E49C013F00C62CF59F2163542A9D8DF02464EFEB615D31051B0FDDC326'}, '000f14a1f5492f94e9103617764448f1c7aa89f445827ab511e3e96108f6699f', '0003a299238c2e08470ef09412c6bb3a17893cd0851f7c89c0067854545c6d8d', 2517, 'DB')",Start_time,2018-09-27 14:26:01.660887,End_time,2018-09-27 14:26:01.666827,Duration,0:00:00.005940
Task,"(38, '2018-09-27T18:26:12.227594', {'digest': '50E721E49C013F00C62CF59F2163542A9D8DF02464EFEB615D31051B0FDDC326'}, '0004ce9cb992fcbf46a8242a7dfddae6a667387a0a011cefc450140370b60a65', '000f14a1f5492f94e9103617764448f1c7aa89f445827ab511e3e96108f6699f', 2801, 'DB')",Start_time,2018-09-27 14:26:12.227594,End_time,2018-09-27 14:26:12.235607,Duration,0:00:00.008013
Task,"(39, '2018-09-27T18:26:22.867145', {'digest': '50E721E49C013F00C62CF59F2163542A9D8DF02464EFEB615D31051B0FDDC326'}, '000a9625b8804efbe5a377ece78d1510ef4b47631f5e015cf14d04d6d0fba83e', '0004ce9cb992fcbf46a8242a7dfddae6a667387a0a011cefc450140370b60a65', 7507, 'DB')",Start_time,2018-09-27 14:26:22.867145,End_time,2018-09-27 14:26:22.910025,Duration,0:00:00.042880
Task,"(40, '2018-09-27T18:26:33.425903', {'digest': '50E721E49C013F00C62CF59F2163542A9D8DF02464EFEB615D31051B0FDDC326'}, '0006afc61bf7e1837370ac6f476e406832c9c9620925dc16c7ff4fbc34618c10', '000a9625b8804efbe5a377ece78d1510ef4b47631f5e015cf14d04d6d0fba83e', 1049, 'DB')",Start_time,2018-09-27 14:26:33.425903,End_time,2018-09-27 14:26:33.427898,Duration,0:00:00.001995
Task,"(41, '2018-09-27T18:26:43.942777', {'digest': '50E721E49C013F00C62CF59F2163542A9D8DF02464EFEB615D31051B0FDDC326'}, '000a214122b0668b97f224ffe6ad80b0b44415012508d37867d35e2a8a78c058', '0006afc61bf7e1837370ac6f476e406832c9c9620925dc16c7ff4fbc34618c10', 464, 'DB')",Start_time,2018-09-27 14:26:43.942777,End_time,2018-09-27 14:26:43.943774,Duration,0:00:00.000997
Task,"(42, '2018-09-27T18:26:54.440100', {'digest': '50E721E49C013F00C62CF59F2163542A9D8DF02464EFEB615D31051B0FDDC326'}, '000a4f641d34992398869dd33fcefaae61e7d2181a3bf520b3e2e3ce6fb325d9', '000a214122b0668b97f224ffe6ad80b0b44415012508d37867d35e2a8a78c058', 2605, 'DB')",Start_time,2018-09-27 14:26:54.440100,End_time,2018-09-27 14:26:54.448077,Duration,0:00:00.007977
Task,"(43, '2018-09-27T18:27:05.119787', {'digest': '50E721E49C013F00C62CF59F2163542A9D8DF02464EFEB615D31051B0FDDC326'}, '0003c0e4ffff1d5abd1254441a2aeacd9b92d1f1634482fc98fc2290f3321fcf', '000a4f641d34992398869dd33fcefaae61e7d2181a3bf520b3e2e3ce6fb325d9', 3401, 'DB')",Start_time,2018-09-27 14:27:05.119787,End_time,2018-09-27 14:27:05.139779,Duration,0:00:00.019992
Task,"(44, '2018-09-27T18:27:15.673065', {'digest': '50E721E49C013F00C62CF59F2163542A9D8DF02464EFEB615D31051B0FDDC326'}, '000b59e0e842dbba44710dc80ec2d73e697ffdab73f92ff814ddce2270262656', '0003c0e4ffff1d5abd1254441a2aeacd9b92d1f1634482fc98fc2290f3321fcf', 461, 'DB')",Start_time,2018-09-27 14:27:15.673065,End_time,2018-09-27 14:27:15.674061,Duration,0:00:00.000996
Task,"(45, '2018-09-27T18:27:26.164696', {'digest': '50E721E49C013F00C62CF59F2163542A9D8DF02464EFEB615D31051B0FDDC326'}, '00060460cf617bba10460a374bfaf5a77a5d9e05c2ba5f8bab0379ebc12e94be', '000b59e0e842dbba44710dc80ec2d73e697ffdab73f92ff814ddce2270262656', 22447, 'DB')",Start_time,2018-09-27 14:27:26.164696,End_time,2018-09-27 14:27:26.226565,Duration,0:00:00.061869
Task,"(46, '2018-09-27T18:27:36.707504', {'digest': '50E721E49C013F00C62CF59F2163542A9D8DF02464EFEB615D31051B0FDDC326'}, '0006d9432e51a6776fe6334e05330fa43226f918084c1c8689ea46e9902bf002', '00060460cf617bba10460a374bfaf5a77a5d9e05c2ba5f8bab0379ebc12e94be', 2873, 'DB')",Start_time,2018-09-27 14:27:36.707504,End_time,2018-09-27 14:27:36.714482,Duration,0:00:00.006978
Task,"(47, '2018-09-27T18:27:36.721467', <LC.TB_data object at 0x0000016E06D9FBE0>, '0009b6b1a9589fe10edaaa6d762a96a70e1044b487365466123aa2801a1fb46b', '0006d9432e51a6776fe6334e05330fa43226f918084c1c8689ea46e9902bf002', 8439, 'TB')",Start_time,2018-09-27 14:27:36.721467,End_time,2018-09-27 14:27:36.748392,Duration,0:00:00.026925
Task,"(48, '2018-09-27T18:28:18.158866', 'Relative Genesis Block', '0008d0d069db888ae0519908c8f067e3695ce93c46eea9017262fccb31ed951e', '0009b6b1a9589fe10edaaa6d762a96a70e1044b487365466123aa2801a1fb46b', 175, 'RGB')",Start_time,2018-09-27 14:28:18.158866,End_time,2018-09-27 14:28:18.158866,Duration,0:00:00
Task,"(49, '2018-09-27T18:28:18.165848', {'digest': '50E721E49C013F00C62CF59F2163542A9D8DF02464EFEB615D31051B0FDDC326'}, '00061b9102b10f9084df70a3d0e69dc7ee8ba991533aa621a23db094044fbc8e', '0008d0d069db888ae0519908c8f067e3695ce93c46eea9017262fccb31ed951e', 3687, 'DB')",Start_time,2018-09-27 14:28:18.165848,End_time,2018-09-27 14:28:18.175820,Duration,0:00:00.009972
Task,"(50, '2018-09-27T18:28:28.687709', {'digest': '50E721E49C013F00C62CF59F2163542A9D8DF02464EFEB615D31051B0FDDC326'}, '00076f26c8f61cc9d285e8098218e1114e985b3ee2d5edbf9328c9d7cd8ec855', '00061b9102b10f9084df70a3d0e69dc7ee8ba991533aa621a23db094044fbc8e', 844, 'DB')",Start_time,2018-09-27 14:28:28.687709,End_time,2018-09-27 14:28:28.691697,Duration,0:00:00.003988
Task,"(51, '2018-09-27T18:28:39.176658', {'digest': '50E721E49C013F00C62CF59F2163542A9D8DF02464EFEB615D31051B0FDDC326'}, '000550b7a464fc4827ee58ceb0f568b98bbf6e008ed93dc9169a5d86b1e7dbae', '00076f26c8f61cc9d285e8098218e1114e985b3ee2d5edbf9328c9d7cd8ec855', 3805, 'DB')",Start_time,2018-09-27 14:28:39.176658,End_time,2018-09-27 14:28:39.187629,Duration,0:00:00.010971
Task,"(52, '2018-09-27T18:28:49.715711', {'digest': '50E721E49C013F00C62CF59F2163542A9D8DF02464EFEB615D31051B0FDDC326'}, '000ffbbe306483ce260449b61c8279d1aaab95ee358f295e6c603ad3d646cba2', '000550b7a464fc4827ee58ceb0f568b98bbf6e008ed93dc9169a5d86b1e7dbae', 7161, 'DB')",Start_time,2018-09-27 14:28:49.715711,End_time,2018-09-27 14:28:49.732666,Duration,0:00:00.016955
Task,"(53, '2018-09-27T18:29:00.395340', {'digest': '50E721E49C013F00C62CF59F2163542A9D8DF02464EFEB615D31051B0FDDC326'}, '0004d9afa9f4d6dd3c61602664b6ae6955187dcda96d49aa2ed9242ec2abaee2', '000ffbbe306483ce260449b61c8279d1aaab95ee358f295e6c603ad3d646cba2', 1451, 'DB')",Start_time,2018-09-27 14:29:00.395340,End_time,2018-09-27 14:29:00.401324,Duration,0:00:00.005984
Task,"(54, '2018-09-27T18:29:10.916728', {'digest': '50E721E49C013F00C62CF59F2163542A9D8DF02464EFEB615D31051B0FDDC326'}, '00002e942a3b00edc06c5afa3b9cf6e0d459a9647c6f7894046144bba42a8be3', '0004d9afa9f4d6dd3c61602664b6ae6955187dcda96d49aa2ed9242ec2abaee2', 1339, 'DB')",Start_time,2018-09-27 14:29:10.916728,End_time,2018-09-27 14:29:10.919719,Duration,0:00:00.002991
Task,"(55, '2018-09-27T18:29:21.441580', {'digest': '50E721E49C013F00C62CF59F2163542A9D8DF02464EFEB615D31051B0FDDC326'}, '000cb05cbb8e0a1bcd3eb81bd827a5bfcb7546f0ef0709b900039324d1db6256', '00002e942a3b00edc06c5afa3b9cf6e0d459a9647c6f7894046144bba42a8be3', 2778, 'DB')",Start_time,2018-09-27 14:29:21.441580,End_time,2018-09-27 14:29:21.449560,Duration,0:00:00.007980
Task,"(56, '2018-09-27T18:29:31.941500', {'digest': '50E721E49C013F00C62CF59F2163542A9D8DF02464EFEB615D31051B0FDDC326'}, '0008361532798c965d7f6589952cf98e417aabfd590fe176b3bd6137f5b07f58', '000cb05cbb8e0a1bcd3eb81bd827a5bfcb7546f0ef0709b900039324d1db6256', 9, 'DB')",Start_time,2018-09-27 14:29:31.941500,End_time,2018-09-27 14:29:31.941500,Duration,0:00:00
Task,"(57, '2018-09-27T18:29:42.609970', {'digest': '50E721E49C013F00C62CF59F2163542A9D8DF02464EFEB615D31051B0FDDC326'}, '00001fc472c59d3f45211b32470c8a252182989540aa79918988452a32ca680b', '0008361532798c965d7f6589952cf98e417aabfd590fe176b3bd6137f5b07f58', 921, 'DB')",Start_time,2018-09-27 14:29:42.609970,End_time,2018-09-27 14:29:42.611964,Duration,0:00:00.001994
Task,"(58, '2018-09-27T18:29:53.122126', {'digest': '50E721E49C013F00C62CF59F2163542A9D8DF02464EFEB615D31051B0FDDC326'}, '000c621693bb53c0855845bfceb4c33112f0d025cb448a1c39ce15b69bb2799a', '00001fc472c59d3f45211b32470c8a252182989540aa79918988452a32ca680b', 871, 'DB')",Start_time,2018-09-27 14:29:53.122126,End_time,2018-09-27 14:29:53.124121,Duration,0:00:00.001995
Task,"(59, '2018-09-27T18:29:53.130106', <LC.TB_data object at 0x0000016E06DCD1D0>, '000d16cc6388151dd43bc5a844c1b6a70d8fef4cc6e38197ebf21df025119e49', '000c621693bb53c0855845bfceb4c33112f0d025cb448a1c39ce15b69bb2799a', 2196, 'TB')",Start_time,2018-09-27 14:29:53.130106,End_time,2018-09-27 14:29:53.134096,Duration,0:00:00.003990
Task,"(60, '2018-09-27T18:30:44.835455', 'Relative Genesis Block', '000e4a8ac84113524ab689ced1c7974a4121892d5f144334b97119e3c2324a8b', '000d16cc6388151dd43bc5a844c1b6a70d8fef4cc6e38197ebf21df025119e49', 5244, 'RGB')",Start_time,2018-09-27 14:30:44.835455,End_time,2018-09-27 14:30:44.854401,Duration,0:00:00.018946
Task,"(61, '2018-09-27T18:30:44.859388', {'digest': '50E721E49C013F00C62CF59F2163542A9D8DF02464EFEB615D31051B0FDDC326'}, '0008f7b258dd7855d3919f2643c4120221259eaf6798d864010b712a6434eb2b', '000e4a8ac84113524ab689ced1c7974a4121892d5f144334b97119e3c2324a8b', 842, 'DB')",Start_time,2018-09-27 14:30:44.859388,End_time,2018-09-27 14:30:44.861385,Duration,0:00:00.001997
Task,"(62, '2018-09-27T18:30:55.352357', {'digest': '50E721E49C013F00C62CF59F2163542A9D8DF02464EFEB615D31051B0FDDC326'}, '000c422f4d5d369ddc0b4ceb551237ae99aa20789a29fecf591ef02fcab176cd', '0008f7b258dd7855d3919f2643c4120221259eaf6798d864010b712a6434eb2b', 2292, 'DB')",Start_time,2018-09-27 14:30:55.352357,End_time,2018-09-27 14:30:55.360326,Duration,0:00:00.007969
Task,"(63, '2018-09-27T18:31:05.929061', {'digest': '50E721E49C013F00C62CF59F2163542A9D8DF02464EFEB615D31051B0FDDC326'}, '000340066f45fb2debb085a96ad6ccbd5393e96af66e1fc23bbe2d945dc7552c', '000c422f4d5d369ddc0b4ceb551237ae99aa20789a29fecf591ef02fcab176cd', 4549, 'DB')",Start_time,2018-09-27 14:31:05.929061,End_time,2018-09-27 14:31:05.938036,Duration,0:00:00.008975
Task,"(64, '2018-09-27T18:31:16.461894', {'digest': '50E721E49C013F00C62CF59F2163542A9D8DF02464EFEB615D31051B0FDDC326'}, '0002975b673ed524bdf38da663a610ee1091513d3b49cbca40f67690a329264a', '000340066f45fb2debb085a96ad6ccbd5393e96af66e1fc23bbe2d945dc7552c', 4477, 'DB')",Start_time,2018-09-27 14:31:16.461894,End_time,2018-09-27 14:31:16.471865,Duration,0:00:00.009971
Task,"(65, '2018-09-27T18:31:26.980802', {'digest': '50E721E49C013F00C62CF59F2163542A9D8DF02464EFEB615D31051B0FDDC326'}, '0002bf83afc306c34790c2d868d6663e377486ebf27c5863382fcc511d4dba4b', '0002975b673ed524bdf38da663a610ee1091513d3b49cbca40f67690a329264a', 4851, 'DB')",Start_time,2018-09-27 14:31:26.980802,End_time,2018-09-27 14:31:26.995760,Duration,0:00:00.014958
Task,"(66, '2018-09-27T18:31:37.488974', {'digest': '50E721E49C013F00C62CF59F2163542A9D8DF02464EFEB615D31051B0FDDC326'}, '000699dd107b691e81e457590f17a19b9b4f3dfbbfbf7336471c7b6664bc2c19', '0002bf83afc306c34790c2d868d6663e377486ebf27c5863382fcc511d4dba4b', 2629, 'DB')",Start_time,2018-09-27 14:31:37.488974,End_time,2018-09-27 14:31:37.497979,Duration,0:00:00.009005
Task,"(67, '2018-09-27T18:31:47.986894', {'digest': '50E721E49C013F00C62CF59F2163542A9D8DF02464EFEB615D31051B0FDDC326'}, '000fc26dc8537598d086d48a30709dcfd94a45b5cf846f5bd3e5391ff163acf6', '000699dd107b691e81e457590f17a19b9b4f3dfbbfbf7336471c7b6664bc2c19', 8816, 'DB')",Start_time,2018-09-27 14:31:47.986894,End_time,2018-09-27 14:31:48.012827,Duration,0:00:00.025933
Task,"(68, '2018-09-27T18:31:58.507759', {'digest': '50E721E49C013F00C62CF59F2163542A9D8DF02464EFEB615D31051B0FDDC326'}, '000b05783f4ab1b45c0cd6f64c013c8d3479daaaf105513b7a0b4d5072f626be', '000fc26dc8537598d086d48a30709dcfd94a45b5cf846f5bd3e5391ff163acf6', 1637, 'DB')",Start_time,2018-09-27 14:31:58.507759,End_time,2018-09-27 14:31:58.513743,Duration,0:00:00.005984
Task,"(69, '2018-09-27T18:32:09.186733', {'digest': '50E721E49C013F00C62CF59F2163542A9D8DF02464EFEB615D31051B0FDDC326'}, '000ff7c47967ae9325716875058b5f33875ced6b8895874db207cb17f05fe57f', '000b05783f4ab1b45c0cd6f64c013c8d3479daaaf105513b7a0b4d5072f626be', 3104, 'DB')",Start_time,2018-09-27 14:32:09.186733,End_time,2018-09-27 14:32:09.194744,Duration,0:00:00.008011
Task,"(70, '2018-09-27T18:32:19.737516', {'digest': '50E721E49C013F00C62CF59F2163542A9D8DF02464EFEB615D31051B0FDDC326'}, '000f3aac084ee913144547efdd93df3b21d7c6b2e5b71d3dbaeab6af04f59e63', '000ff7c47967ae9325716875058b5f33875ced6b8895874db207cb17f05fe57f', 8104, 'DB')",Start_time,2018-09-27 14:32:19.737516,End_time,2018-09-27 14:32:19.756464,Duration,0:00:00.018948
Task,"(71, '2018-09-27T18:32:19.765443', <LC.TB_data object at 0x0000016E06D8C668>, '0008b0065d2fc3fd309446e099ba0f2c9729226b1e5ce5bf5365e1a1d5bf6962', '000f3aac084ee913144547efdd93df3b21d7c6b2e5b71d3dbaeab6af04f59e63', 6379, 'TB')",Start_time,2018-09-27 14:32:19.765443,End_time,2018-09-27 14:32:19.780401,Duration,0:00:00.014958
Task,"(72, '2018-09-27T18:32:40.802511', 'Relative Genesis Block', '000e9132af52fc57dc987db7c20e7acf8167871ac65e9d205fbae4d93750b4ba', '0008b0065d2fc3fd309446e099ba0f2c9729226b1e5ce5bf5365e1a1d5bf6962', 8548, 'RGB')",Start_time,2018-09-27 14:32:40.802511,End_time,2018-09-27 14:32:40.820463,Duration,0:00:00.017952
Task,"(73, '2018-09-27T18:32:40.829450', {'digest': '50E721E49C013F00C62CF59F2163542A9D8DF02464EFEB615D31051B0FDDC326'}, '000dc34bc805090c64bc9a02864fe588afb7eecd73fc459cb766381217616d9c', '000e9132af52fc57dc987db7c20e7acf8167871ac65e9d205fbae4d93750b4ba', 325, 'DB')",Start_time,2018-09-27 14:32:40.829450,End_time,2018-09-27 14:32:40.830469,Duration,0:00:00.001019
Task,"(74, '2018-09-27T18:32:51.316395', {'digest': '50E721E49C013F00C62CF59F2163542A9D8DF02464EFEB615D31051B0FDDC326'}, '000022fe7dda03d28a92f925fe4105633e747d7db92c1e8f77634aed76558c15', '000dc34bc805090c64bc9a02864fe588afb7eecd73fc459cb766381217616d9c', 4899, 'DB')",Start_time,2018-09-27 14:32:51.316395,End_time,2018-09-27 14:32:51.329359,Duration,0:00:00.012964
Task,"(75, '2018-09-27T18:33:02.008290', {'digest': '50E721E49C013F00C62CF59F2163542A9D8DF02464EFEB615D31051B0FDDC326'}, '0000a804f1e02868a35aee087324dc55ea8ecb8bdd9fa85c5615276a3c6a6564', '000022fe7dda03d28a92f925fe4105633e747d7db92c1e8f77634aed76558c15', 3688, 'DB')",Start_time,2018-09-27 14:33:02.008290,End_time,2018-09-27 14:33:02.024276,Duration,0:00:00.015986
Task,"(76, '2018-09-27T18:33:12.554116', {'digest': '50E721E49C013F00C62CF59F2163542A9D8DF02464EFEB615D31051B0FDDC326'}, '000e9665ad9bda6c4d639d5cd855279bc180feeddffd7b65caa8451c9257d204', '0000a804f1e02868a35aee087324dc55ea8ecb8bdd9fa85c5615276a3c6a6564', 1195, 'DB')",Start_time,2018-09-27 14:33:12.554116,End_time,2018-09-27 14:33:12.558071,Duration,0:00:00.003955
Task,"(77, '2018-09-27T18:33:23.065972', {'digest': '50E721E49C013F00C62CF59F2163542A9D8DF02464EFEB615D31051B0FDDC326'}, '000051d2408673106b6aea1af04aeb44bff8693ca8433fba17998ebb31d9d8bb', '000e9665ad9bda6c4d639d5cd855279bc180feeddffd7b65caa8451c9257d204', 3056, 'DB')",Start_time,2018-09-27 14:33:23.065972,End_time,2018-09-27 14:33:23.070957,Duration,0:00:00.004985
Task,"(78, '2018-09-27T18:33:33.581209', {'digest': '50E721E49C013F00C62CF59F2163542A9D8DF02464EFEB615D31051B0FDDC326'}, '00013818d260b5ee23b928ffca9e243eae57249a415088060187057c8630b11a', '000051d2408673106b6aea1af04aeb44bff8693ca8433fba17998ebb31d9d8bb', 1013, 'DB')",Start_time,2018-09-27 14:33:33.581209,End_time,2018-09-27 14:33:33.585197,Duration,0:00:00.003988
Task,"(79, '2018-09-27T18:33:44.200809', {'digest': '50E721E49C013F00C62CF59F2163542A9D8DF02464EFEB615D31051B0FDDC326'}, '000fd1e553da3fc7616adb96bfef8bcf994dc4a736ed706e280d16484e1845bc', '00013818d260b5ee23b928ffca9e243eae57249a415088060187057c8630b11a', 5037, 'DB')",Start_time,2018-09-27 14:33:44.200809,End_time,2018-09-27 14:33:44.213774,Duration,0:00:00.012965
Task,"(80, '2018-09-27T18:33:54.718680', {'digest': '50E721E49C013F00C62CF59F2163542A9D8DF02464EFEB615D31051B0FDDC326'}, '000b53ce11d32f5dd71999899809df981d2295bfba9599115de0787027def7de', '000fd1e553da3fc7616adb96bfef8bcf994dc4a736ed706e280d16484e1845bc', 4612, 'DB')",Start_time,2018-09-27 14:33:54.718680,End_time,2018-09-27 14:33:54.735672,Duration,0:00:00.016992
Task,"(81, '2018-09-27T18:34:05.226034', {'digest': '50E721E49C013F00C62CF59F2163542A9D8DF02464EFEB615D31051B0FDDC326'}, '000d535d41091dcf636fd74bc7778f28ea6add217613fb004fe1beb119c91ece', '000b53ce11d32f5dd71999899809df981d2295bfba9599115de0787027def7de', 8631, 'DB')",Start_time,2018-09-27 14:34:05.226034,End_time,2018-09-27 14:34:05.256985,Duration,0:00:00.030951
Task,"(82, '2018-09-27T18:34:15.759863', {'digest': '50E721E49C013F00C62CF59F2163542A9D8DF02464EFEB615D31051B0FDDC326'}, '000d677902c14d82fa458df6aa699fa06ab8d8542c5e20b1e496c478144a572c', '000d535d41091dcf636fd74bc7778f28ea6add217613fb004fe1beb119c91ece', 741, 'DB')",Start_time,2018-09-27 14:34:15.759863,End_time,2018-09-27 14:34:15.762855,Duration,0:00:00.002992
Task,"(83, '2018-09-27T18:34:15.769836', <LC.TB_data object at 0x0000016E06C951D0>, '0009b487c0410bfea506822d5b2e5649d663214bdde13ba67f6fa488f99deddd', '000d677902c14d82fa458df6aa699fa06ab8d8542c5e20b1e496c478144a572c', 1944, 'TB')",Start_time,2018-09-27 14:34:15.769836,End_time,2018-09-27 14:34:15.774857,Duration,0:00:00.005021
Task,"(84, '2018-09-27T18:34:36.850462', 'Relative Genesis Block', '0003484d0df807c3421092999d57630c3d0ad604966c18c1bc24007908f15284', '0009b487c0410bfea506822d5b2e5649d663214bdde13ba67f6fa488f99deddd', 1398, 'RGB')",Start_time,2018-09-27 14:34:36.850462,End_time,2018-09-27 14:34:36.852455,Duration,0:00:00.001993
Task,"(85, '2018-09-27T18:34:36.858439', {'digest': '50E721E49C013F00C62CF59F2163542A9D8DF02464EFEB615D31051B0FDDC326'}, '000496347fc1c24385957092bcd2606a9bdb0f0287ee95e6a049e772a7d5e4fe', '0003484d0df807c3421092999d57630c3d0ad604966c18c1bc24007908f15284', 1892, 'DB')",Start_time,2018-09-27 14:34:36.858439,End_time,2018-09-27 14:34:36.868411,Duration,0:00:00.009972
Task,"(86, '2018-09-27T18:34:47.399252', {'digest': '50E721E49C013F00C62CF59F2163542A9D8DF02464EFEB615D31051B0FDDC326'}, '000f0094b6df6c2f825d84fe7cdba0ea53adcb28e6bc7a007e22b769f066932f', '000496347fc1c24385957092bcd2606a9bdb0f0287ee95e6a049e772a7d5e4fe', 698, 'DB')",Start_time,2018-09-27 14:34:47.399252,End_time,2018-09-27 14:34:47.402242,Duration,0:00:00.002990
Task,"(87, '2018-09-27T18:34:57.920112', {'digest': '50E721E49C013F00C62CF59F2163542A9D8DF02464EFEB615D31051B0FDDC326'}, '00054b2699161de2465058b25da7b9f82f12946673433596ac191e7a445153ac', '000f0094b6df6c2f825d84fe7cdba0ea53adcb28e6bc7a007e22b769f066932f', 69, 'DB')",Start_time,2018-09-27 14:34:57.920112,End_time,2018-09-27 14:34:57.920112,Duration,0:00:00
Task,"(88, '2018-09-27T18:35:08.438982', {'digest': '50E721E49C013F00C62CF59F2163542A9D8DF02464EFEB615D31051B0FDDC326'}, '00002b1e4a2341be93c52129ae5f51ddd49c066a94b046e1a7f3a12a8decf742', '00054b2699161de2465058b25da7b9f82f12946673433596ac191e7a445153ac', 2424, 'DB')",Start_time,2018-09-27 14:35:08.438982,End_time,2018-09-27 14:35:08.444966,Duration,0:00:00.005984
Task,"(89, '2018-09-27T18:35:18.965830', {'digest': '50E721E49C013F00C62CF59F2163542A9D8DF02464EFEB615D31051B0FDDC326'}, '00086ebb1ed62a93b6d5346b4323be472390ce91f2e664dd8598b231a1f1b641', '00002b1e4a2341be93c52129ae5f51ddd49c066a94b046e1a7f3a12a8decf742', 454, 'DB')",Start_time,2018-09-27 14:35:18.965830,End_time,2018-09-27 14:35:18.967824,Duration,0:00:00.001994
Task,"(90, '2018-09-27T18:35:29.466746', {'digest': '50E721E49C013F00C62CF59F2163542A9D8DF02464EFEB615D31051B0FDDC326'}, '0007a483e09e1598bacaed82c05ec46342325e275c0d5485db65798f46b08a39', '00086ebb1ed62a93b6d5346b4323be472390ce91f2e664dd8598b231a1f1b641', 1079, 'DB')",Start_time,2018-09-27 14:35:29.466746,End_time,2018-09-27 14:35:29.470736,Duration,0:00:00.003990
Task,"(91, '2018-09-27T18:35:40.022517', {'digest': '50E721E49C013F00C62CF59F2163542A9D8DF02464EFEB615D31051B0FDDC326'}, '000df9e722e2e1e982066f0051286c5d4389c046b27a6802e9200d2e6c55e8e5', '0007a483e09e1598bacaed82c05ec46342325e275c0d5485db65798f46b08a39', 1931, 'DB')",Start_time,2018-09-27 14:35:40.022517,End_time,2018-09-27 14:35:40.030495,Duration,0:00:00.007978
Task,"(92, '2018-09-27T18:35:50.599234', {'digest': '50E721E49C013F00C62CF59F2163542A9D8DF02464EFEB615D31051B0FDDC326'}, '00094bf2aed7722f0897c4b83f9ce7e519088da859a0a7e03d175a73fba56372', '000df9e722e2e1e982066f0051286c5d4389c046b27a6802e9200d2e6c55e8e5', 741, 'DB')",Start_time,2018-09-27 14:35:50.599234,End_time,2018-09-27 14:35:50.600230,Duration,0:00:00.000996
Task,"(93, '2018-09-27T18:36:01.135059', {'digest': '50E721E49C013F00C62CF59F2163542A9D8DF02464EFEB615D31051B0FDDC326'}, '0004fc457da4e7157e5bff6047a0d8060482d6494ad13cb6ac15d34f37074fc5', '00094bf2aed7722f0897c4b83f9ce7e519088da859a0a7e03d175a73fba56372', 5782, 'DB')",Start_time,2018-09-27 14:36:01.135059,End_time,2018-09-27 14:36:01.151013,Duration,0:00:00.015954
Task,"(94, '2018-09-27T18:36:11.648940', {'digest': '50E721E49C013F00C62CF59F2163542A9D8DF02464EFEB615D31051B0FDDC326'}, '000698b985e0ce9f4b5aa1d544e3908eed9bafd9cae218055fadf1e4ed9ca7c5', '0004fc457da4e7157e5bff6047a0d8060482d6494ad13cb6ac15d34f37074fc5', 7027, 'DB')",Start_time,2018-09-27 14:36:11.648940,End_time,2018-09-27 14:36:11.664894,Duration,0:00:00.015954
Task,"(95, '2018-09-27T18:36:11.670924', <LC.TB_data object at 0x0000016E06D46EB8>, '000362d3867130188f10d2d8cdbc8e279786ee451d574d86a5d7aac7423334db', '000698b985e0ce9f4b5aa1d544e3908eed9bafd9cae218055fadf1e4ed9ca7c5', 3306, 'TB')",Start_time,2018-09-27 14:36:11.670924,End_time,2018-09-27 14:36:11.682877,Duration,0:00:00.011953
Task,"(96, '2018-09-27T18:36:42.936698', 'Relative Genesis Block', '0004e50f43dc266781f1bc1e55d8ac5a6e2a54db4a4917e1b3b457a3ea7eb49d', '000362d3867130188f10d2d8cdbc8e279786ee451d574d86a5d7aac7423334db', 10128, 'RGB')",Start_time,2018-09-27 14:36:42.936698,End_time,2018-09-27 14:36:42.969610,Duration,0:00:00.032912
Task,"(97, '2018-09-27T18:36:42.975629', {'digest': '50E721E49C013F00C62CF59F2163542A9D8DF02464EFEB615D31051B0FDDC326'}, '000937ff925f6d38601e03cd16e70ca2e524894f49cfb80c05aeee17f23de70a', '0004e50f43dc266781f1bc1e55d8ac5a6e2a54db4a4917e1b3b457a3ea7eb49d', 4554, 'DB')",Start_time,2018-09-27 14:36:42.975629,End_time,2018-09-27 14:36:42.985601,Duration,0:00:00.009972
Task,"(98, '2018-09-27T18:36:53.500447', {'digest': '50E721E49C013F00C62CF59F2163542A9D8DF02464EFEB615D31051B0FDDC326'}, '0006512f0ad65f8a6749996b320e23ee56e96614a842c36d25d6299df57f2090', '000937ff925f6d38601e03cd16e70ca2e524894f49cfb80c05aeee17f23de70a', 1786, 'DB')",Start_time,2018-09-27 14:36:53.500447,End_time,2018-09-27 14:36:53.508425,Duration,0:00:00.007978
Task,"(99, '2018-09-27T18:37:04.052231', {'digest': '50E721E49C013F00C62CF59F2163542A9D8DF02464EFEB615D31051B0FDDC326'}, '000553c4ff16cfa8d4e71c6a18ae58863ee11f8395d5e4f78f5dd517c5254e0a', '0006512f0ad65f8a6749996b320e23ee56e96614a842c36d25d6299df57f2090', 5208, 'DB')",Start_time,2018-09-27 14:37:04.052231,End_time,2018-09-27 14:37:04.070213,Duration,0:00:00.017982
Task,"(100, '2018-09-27T18:37:14.599024', {'digest': '50E721E49C013F00C62CF59F2163542A9D8DF02464EFEB615D31051B0FDDC326'}, '0007bc52e8a317b4f2d136950f46aa4f734344396da392ec25b52f6ec9ba2439', '000553c4ff16cfa8d4e71c6a18ae58863ee11f8395d5e4f78f5dd517c5254e0a', 3640, 'DB')",Start_time,2018-09-27 14:37:14.599024,End_time,2018-09-27 14:37:14.607001,Duration,0:00:00.007977
Task,"(101, '2018-09-27T18:37:25.297661', {'digest': '50E721E49C013F00C62CF59F2163542A9D8DF02464EFEB615D31051B0FDDC326'}, '000020ec0075c1b10d0db0e224f1410bb4ed39572d8df98374aa8e77c1a8fdef', '0007bc52e8a317b4f2d136950f46aa4f734344396da392ec25b52f6ec9ba2439', 4940, 'DB')",Start_time,2018-09-27 14:37:25.297661,End_time,2018-09-27 14:37:25.311622,Duration,0:00:00.013961
Task,"(102, '2018-09-27T18:37:35.819597', {'digest': '50E721E49C013F00C62CF59F2163542A9D8DF02464EFEB615D31051B0FDDC326'}, '0004af624dd6f05bc8c8e050488d379a2c74090301d383428d99986ca0e5006b', '000020ec0075c1b10d0db0e224f1410bb4ed39572d8df98374aa8e77c1a8fdef', 703, 'DB')",Start_time,2018-09-27 14:37:35.819597,End_time,2018-09-27 14:37:35.822589,Duration,0:00:00.002992
Task,"(103, '2018-09-27T18:37:46.322769', {'digest': '50E721E49C013F00C62CF59F2163542A9D8DF02464EFEB615D31051B0FDDC326'}, '000ba48842a6b370b6528181eba8f2043496e7764ec25d7c8766d49760b3398f', '0004af624dd6f05bc8c8e050488d379a2c74090301d383428d99986ca0e5006b', 4581, 'DB')",Start_time,2018-09-27 14:37:46.322769,End_time,2018-09-27 14:37:46.345707,Duration,0:00:00.022938
Task,"(104, '2018-09-27T18:37:56.844825', {'digest': '50E721E49C013F00C62CF59F2163542A9D8DF02464EFEB615D31051B0FDDC326'}, '00007713e0c6c4cd875be45cc80aa291efc6d83d8a0a1a85593cf60a6881b0fc', '000ba48842a6b370b6528181eba8f2043496e7764ec25d7c8766d49760b3398f', 2499, 'DB')",Start_time,2018-09-27 14:37:56.844825,End_time,2018-09-27 14:37:56.849811,Duration,0:00:00.004986
Task,"(105, '2018-09-27T18:38:07.558174', {'digest': '50E721E49C013F00C62CF59F2163542A9D8DF02464EFEB615D31051B0FDDC326'}, '000a9e5c9834e2bb50258bbd512a3b1ff7d1ddfde3ad45aaea015b40135caae8', '00007713e0c6c4cd875be45cc80aa291efc6d83d8a0a1a85593cf60a6881b0fc', 5109, 'DB')",Start_time,2018-09-27 14:38:07.558174,End_time,2018-09-27 14:38:07.575128,Duration,0:00:00.016954
Task,"(106, '2018-09-27T18:38:18.118949', {'digest': '50E721E49C013F00C62CF59F2163542A9D8DF02464EFEB615D31051B0FDDC326'}, '000a24ee17dde1d1a7f99a0bb7cce10a19ad241f789f8d86f35d7ffec9b42fa4', '000a9e5c9834e2bb50258bbd512a3b1ff7d1ddfde3ad45aaea015b40135caae8', 133, 'DB')",Start_time,2018-09-27 14:38:18.118949,End_time,2018-09-27 14:38:18.120942,Duration,0:00:00.001993
Task,"(107, '2018-09-27T18:38:18.129920', <LC.TB_data object at 0x0000016E06DCDF60>, '000fddcb76475d15441104776b47b0a15a63fc2ec6f131ab235640385e26e243', '000a24ee17dde1d1a7f99a0bb7cce10a19ad241f789f8d86f35d7ffec9b42fa4', 1794, 'TB')",Start_time,2018-09-27 14:38:18.129920,End_time,2018-09-27 14:38:18.137897,Duration,0:00:00.007977
Task,"(108, '2018-09-27T18:38:59.377625', 'Relative Genesis Block', '0006fa96cf1889dcd18e972f0d0b39b08052d91b2f0327ba05eab7aa87b06e74', '000fddcb76475d15441104776b47b0a15a63fc2ec6f131ab235640385e26e243', 2271, 'RGB')",Start_time,2018-09-27 14:38:59.377625,End_time,2018-09-27 14:38:59.381612,Duration,0:00:00.003987
Task,"(109, '2018-09-27T18:38:59.387596', {'digest': '50E721E49C013F00C62CF59F2163542A9D8DF02464EFEB615D31051B0FDDC326'}, '00067e6586cacbc1f2aa4f3cbd4ba0a5b0974b5e78e001b561543196aa4ff58b', '0006fa96cf1889dcd18e972f0d0b39b08052d91b2f0327ba05eab7aa87b06e74', 3422, 'DB')",Start_time,2018-09-27 14:38:59.387596,End_time,2018-09-27 14:38:59.399564,Duration,0:00:00.011968
Task,"(110, '2018-09-27T18:39:09.901479', {'digest': '50E721E49C013F00C62CF59F2163542A9D8DF02464EFEB615D31051B0FDDC326'}, '0001b076e15599ab2d6805d3f5832e0eb695f0f02bcec7317abf4f784143fa29', '00067e6586cacbc1f2aa4f3cbd4ba0a5b0974b5e78e001b561543196aa4ff58b', 5977, 'DB')",Start_time,2018-09-27 14:39:09.901479,End_time,2018-09-27 14:39:09.918432,Duration,0:00:00.016953
Task,"(111, '2018-09-27T18:39:20.510108', {'digest': '50E721E49C013F00C62CF59F2163542A9D8DF02464EFEB615D31051B0FDDC326'}, '0006e4f61242aa583ab02963a98e2cc35711af67cb45cf81843f727d18c5f7e9', '0001b076e15599ab2d6805d3f5832e0eb695f0f02bcec7317abf4f784143fa29', 3892, 'DB')",Start_time,2018-09-27 14:39:20.510108,End_time,2018-09-27 14:39:20.517088,Duration,0:00:00.006980
Task,"(112, '2018-09-27T18:39:31.038951', {'digest': '50E721E49C013F00C62CF59F2163542A9D8DF02464EFEB615D31051B0FDDC326'}, '000f4061f9f0ae9978a74c9414ff899ba174438a12033481e3d1de927d41ab00', '0006e4f61242aa583ab02963a98e2cc35711af67cb45cf81843f727d18c5f7e9', 15951, 'DB')",Start_time,2018-09-27 14:39:31.038951,End_time,2018-09-27 14:39:31.086822,Duration,0:00:00.047871
Task,"(113, '2018-09-27T18:39:41.611679', {'digest': '50E721E49C013F00C62CF59F2163542A9D8DF02464EFEB615D31051B0FDDC326'}, '0001311ffe7fd648cbc7c58b636c6147aa39a5def6e2ffb240a91a1a9bea9a40', '000f4061f9f0ae9978a74c9414ff899ba174438a12033481e3d1de927d41ab00', 456, 'DB')",Start_time,2018-09-27 14:39:41.611679,End_time,2018-09-27 14:39:41.613704,Duration,0:00:00.002025
Task,"(114, '2018-09-27T18:39:52.113592', {'digest': '50E721E49C013F00C62CF59F2163542A9D8DF02464EFEB615D31051B0FDDC326'}, '00019c06a7e0c8bdc7dbf5aa549ff20ef73b7e792c4abca4001b28a76ac524aa', '0001311ffe7fd648cbc7c58b636c6147aa39a5def6e2ffb240a91a1a9bea9a40', 3603, 'DB')",Start_time,2018-09-27 14:39:52.113592,End_time,2018-09-27 14:39:52.123562,Duration,0:00:00.009970
Task,"(115, '2018-09-27T18:40:02.620491', {'digest': '50E721E49C013F00C62CF59F2163542A9D8DF02464EFEB615D31051B0FDDC326'}, '00063d99a5df03d1ef30296b979e44b7a17e18ab92d22eaeb09568bb4c6d25d2', '00019c06a7e0c8bdc7dbf5aa549ff20ef73b7e792c4abca4001b28a76ac524aa', 6205, 'DB')",Start_time,2018-09-27 14:40:02.620491,End_time,2018-09-27 14:40:02.633455,Duration,0:00:00.012964
Task,"(116, '2018-09-27T18:40:13.161302', {'digest': '50E721E49C013F00C62CF59F2163542A9D8DF02464EFEB615D31051B0FDDC326'}, '0002a192c7f119c10d76e5e66f9d728ce6312f83b9cc345b6390fa27d78cc086', '00063d99a5df03d1ef30296b979e44b7a17e18ab92d22eaeb09568bb4c6d25d2', 51, 'DB')",Start_time,2018-09-27 14:40:13.161302,End_time,2018-09-27 14:40:13.161302,Duration,0:00:00
Task,"(117, '2018-09-27T18:40:23.732031', {'digest': '50E721E49C013F00C62CF59F2163542A9D8DF02464EFEB615D31051B0FDDC326'}, '000cf1ff8e2582bbc6edffce9910def021d01db2fc98fdbf114d3dfc70e69c83', '0002a192c7f119c10d76e5e66f9d728ce6312f83b9cc345b6390fa27d78cc086', 20287, 'DB')",Start_time,2018-09-27 14:40:23.732031,End_time,2018-09-27 14:40:23.794864,Duration,0:00:00.062833
Task,"(118, '2018-09-27T18:40:34.284810', {'digest': '50E721E49C013F00C62CF59F2163542A9D8DF02464EFEB615D31051B0FDDC326'}, '000bf2f718d279435d8373ddbed3d1f435230c106066f901864ea0e37edf9edd', '000cf1ff8e2582bbc6edffce9910def021d01db2fc98fdbf114d3dfc70e69c83', 10852, 'DB')",Start_time,2018-09-27 14:40:34.284810,End_time,2018-09-27 14:40:34.315762,Duration,0:00:00.030952
Task,"(119, '2018-09-27T18:40:34.322709', <LC.TB_data object at 0x0000016E06DEA9E8>, '000499b5b34deaccaa0361b8c5bc15c268125618b13964a901ee0cc4ff1953b5', '000bf2f718d279435d8373ddbed3d1f435230c106066f901864ea0e37edf9edd', 584, 'TB')",Start_time,2018-09-27 14:40:34.322709,End_time,2018-09-27 14:40:34.326698,Duration,0:00:00.003989
Task,"(120, '2018-09-27T18:41:05.459457', 'Relative Genesis Block', '000e3e3dbbe243a34ced71a1395e7dd3d140d8f52c7b7fa0467075e6fd509750', '000499b5b34deaccaa0361b8c5bc15c268125618b13964a901ee0cc4ff1953b5', 2821, 'RGB')",Start_time,2018-09-27 14:41:05.459457,End_time,2018-09-27 14:41:05.464442,Duration,0:00:00.004985
Task,"(121, '2018-09-27T18:41:05.470427', {'digest': '50E721E49C013F00C62CF59F2163542A9D8DF02464EFEB615D31051B0FDDC326'}, '0004536b37d1c14b1a6dea61955c256e99ccd6b1d6c530d26faa099a8dad071a', '000e3e3dbbe243a34ced71a1395e7dd3d140d8f52c7b7fa0467075e6fd509750', 5710, 'DB')",Start_time,2018-09-27 14:41:05.470427,End_time,2018-09-27 14:41:05.487383,Duration,0:00:00.016956
Task,"(122, '2018-09-27T18:41:16.006786', {'digest': '50E721E49C013F00C62CF59F2163542A9D8DF02464EFEB615D31051B0FDDC326'}, '0003697e6a9dc5954b93744e00577aa31919c5de8cc0e82e76dec0ed2735aee1', '0004536b37d1c14b1a6dea61955c256e99ccd6b1d6c530d26faa099a8dad071a', 6505, 'DB')",Start_time,2018-09-27 14:41:16.006786,End_time,2018-09-27 14:41:16.021726,Duration,0:00:00.014940
Task,"(123, '2018-09-27T18:41:26.617709', {'digest': '50E721E49C013F00C62CF59F2163542A9D8DF02464EFEB615D31051B0FDDC326'}, '000a451f32bdf93693e7fd89a78e0181d0707415d8349df956f3f29a6f264319', '0003697e6a9dc5954b93744e00577aa31919c5de8cc0e82e76dec0ed2735aee1', 1834, 'DB')",Start_time,2018-09-27 14:41:26.617709,End_time,2018-09-27 14:41:26.622696,Duration,0:00:00.004987
Task,"(124, '2018-09-27T18:41:37.127787', {'digest': '50E721E49C013F00C62CF59F2163542A9D8DF02464EFEB615D31051B0FDDC326'}, '000e20a05fa5aeaace96ac315262c0bcb74cd84ee84718eb1ac117aef7e81cd9', '000a451f32bdf93693e7fd89a78e0181d0707415d8349df956f3f29a6f264319', 1591, 'DB')",Start_time,2018-09-27 14:41:37.127787,End_time,2018-09-27 14:41:37.132772,Duration,0:00:00.004985
Task,"(125, '2018-09-27T18:41:47.626990', {'digest': '50E721E49C013F00C62CF59F2163542A9D8DF02464EFEB615D31051B0FDDC326'}, '0008519964741b1e0f9e4c9eeac03b12be08cb11ac1f6c77b27dd54ed48a6b9f', '000e20a05fa5aeaace96ac315262c0bcb74cd84ee84718eb1ac117aef7e81cd9', 5649, 'DB')",Start_time,2018-09-27 14:41:47.626990,End_time,2018-09-27 14:41:47.644941,Duration,0:00:00.017951
Task,"(126, '2018-09-27T18:41:58.145147', {'digest': '50E721E49C013F00C62CF59F2163542A9D8DF02464EFEB615D31051B0FDDC326'}, '00044505695b0dac66fc65494a3166ceb77c07aa98329e0dc34bc82b2146989c', '0008519964741b1e0f9e4c9eeac03b12be08cb11ac1f6c77b27dd54ed48a6b9f', 1281, 'DB')",Start_time,2018-09-27 14:41:58.145147,End_time,2018-09-27 14:41:58.148139,Duration,0:00:00.002992
Task,"(127, '2018-09-27T18:42:08.810624', {'digest': '50E721E49C013F00C62CF59F2163542A9D8DF02464EFEB615D31051B0FDDC326'}, '000239c1f941ea84f392bb66353fe3fcef1954484c2db19ea6fe3a2a236d0eb1', '00044505695b0dac66fc65494a3166ceb77c07aa98329e0dc34bc82b2146989c', 4228, 'DB')",Start_time,2018-09-27 14:42:08.810624,End_time,2018-09-27 14:42:08.819598,Duration,0:00:00.008974
Task,"(128, '2018-09-27T18:42:19.343455', {'digest': '50E721E49C013F00C62CF59F2163542A9D8DF02464EFEB615D31051B0FDDC326'}, '0005ae75a81a183c84f87e8276373600d72c54f2949bddd5bcf5f21aeb62960f', '000239c1f941ea84f392bb66353fe3fcef1954484c2db19ea6fe3a2a236d0eb1', 131, 'DB')",Start_time,2018-09-27 14:42:19.343455,End_time,2018-09-27 14:42:19.344486,Duration,0:00:00.001031
Task,"(129, '2018-09-27T18:42:29.833401', {'digest': '50E721E49C013F00C62CF59F2163542A9D8DF02464EFEB615D31051B0FDDC326'}, '000e43415e38fcd1d7ee0dc01cc0ff835fb9aaff50e59b9f75895c33d46c605a', '0005ae75a81a183c84f87e8276373600d72c54f2949bddd5bcf5f21aeb62960f', 6713, 'DB')",Start_time,2018-09-27 14:42:29.833401,End_time,2018-09-27 14:42:29.847362,Duration,0:00:00.013961
Task,"(130, '2018-09-27T18:42:40.347285', {'digest': '50E721E49C013F00C62CF59F2163542A9D8DF02464EFEB615D31051B0FDDC326'}, '0002523d1a955aaba1e0fcc22f347fb3394aa1e5d65141acdd21f538c93080d6', '000e43415e38fcd1d7ee0dc01cc0ff835fb9aaff50e59b9f75895c33d46c605a', 2070, 'DB')",Start_time,2018-09-27 14:42:40.347285,End_time,2018-09-27 14:42:40.351272,Duration,0:00:00.003987
Task,"(131, '2018-09-27T18:42:40.359253', <LC.TB_data object at 0x0000016E06E0A1D0>, '000c668571fbe0fdc6c160c289b678fe7c3a23f155efed220377da1c7bcb1151', '0002523d1a955aaba1e0fcc22f347fb3394aa1e5d65141acdd21f538c93080d6', 1788, 'TB')",Start_time,2018-09-27 14:42:40.359253,End_time,2018-09-27 14:42:40.365235,Duration,0:00:00.005982
Task,"(132, '2018-09-27T18:43:01.758026', 'Relative Genesis Block', '000c9b1332af83e717f2a210e241ef9a1e02c22c783da7bd0ef396583b140588', '000c668571fbe0fdc6c160c289b678fe7c3a23f155efed220377da1c7bcb1151', 54, 'RGB')",Start_time,2018-09-27 14:43:01.758026,End_time,2018-09-27 14:43:01.759055,Duration,0:00:00.001029
Task,"(133, '2018-09-27T18:43:01.764008', {'digest': '50E721E49C013F00C62CF59F2163542A9D8DF02464EFEB615D31051B0FDDC326'}, '00082bee0ab4d873433c7c8d0c505caf8288979eaf55196d0b364c59b77bec81', '000c9b1332af83e717f2a210e241ef9a1e02c22c783da7bd0ef396583b140588', 5052, 'DB')",Start_time,2018-09-27 14:43:01.764008,End_time,2018-09-27 14:43:01.773980,Duration,0:00:00.009972
Task,"(134, '2018-09-27T18:43:12.324766', {'digest': '50E721E49C013F00C62CF59F2163542A9D8DF02464EFEB615D31051B0FDDC326'}, '00092f2b8bee6e3a19abd0f242cf592a718dfe5b74f3fe7488b5f88ade4915e7', '00082bee0ab4d873433c7c8d0c505caf8288979eaf55196d0b364c59b77bec81', 1688, 'DB')",Start_time,2018-09-27 14:43:12.324766,End_time,2018-09-27 14:43:12.329755,Duration,0:00:00.004989
Task,"(135, '2018-09-27T18:43:22.825683', {'digest': '50E721E49C013F00C62CF59F2163542A9D8DF02464EFEB615D31051B0FDDC326'}, '000aeba5f8deb03d2433d315d4fb7a63e46a3edc7f64fd010ac46b3c11d0107f', '00092f2b8bee6e3a19abd0f242cf592a718dfe5b74f3fe7488b5f88ade4915e7', 2354, 'DB')",Start_time,2018-09-27 14:43:22.825683,End_time,2018-09-27 14:43:22.833662,Duration,0:00:00.007979
Task,"(136, '2018-09-27T18:43:33.328595', {'digest': '50E721E49C013F00C62CF59F2163542A9D8DF02464EFEB615D31051B0FDDC326'}, '000a972d152449ecf78ea08185f5bd84ebd3b5ad91750128c002118d04e9ce2c', '000aeba5f8deb03d2433d315d4fb7a63e46a3edc7f64fd010ac46b3c11d0107f', 9558, 'DB')",Start_time,2018-09-27 14:43:33.328595,End_time,2018-09-27 14:43:33.358513,Duration,0:00:00.029918
Task,"(137, '2018-09-27T18:43:44.027981', {'digest': '50E721E49C013F00C62CF59F2163542A9D8DF02464EFEB615D31051B0FDDC326'}, '000c299923670a0901846478ef04fb0c3b7f211eb083eb71b48ca81a5ec2802f', '000a972d152449ecf78ea08185f5bd84ebd3b5ad91750128c002118d04e9ce2c', 7612, 'DB')",Start_time,2018-09-27 14:43:44.027981,End_time,2018-09-27 14:43:44.054907,Duration,0:00:00.026926
Task,"(138, '2018-09-27T18:43:54.558818', {'digest': '50E721E49C013F00C62CF59F2163542A9D8DF02464EFEB615D31051B0FDDC326'}, '000792f2dbe17a33f743c8b0c0d3b4bb88b8ef57bb41226dc9ebfac66df144b8', '000c299923670a0901846478ef04fb0c3b7f211eb083eb71b48ca81a5ec2802f', 9133, 'DB')",Start_time,2018-09-27 14:43:54.558818,End_time,2018-09-27 14:43:54.586744,Duration,0:00:00.027926
Task,"(139, '2018-09-27T18:44:05.095881', {'digest': '50E721E49C013F00C62CF59F2163542A9D8DF02464EFEB615D31051B0FDDC326'}, '000c7c365b82f4ee34dd12cf4e99e2014391aceab4a882f43f3624182653b4e5', '000792f2dbe17a33f743c8b0c0d3b4bb88b8ef57bb41226dc9ebfac66df144b8', 1208, 'DB')",Start_time,2018-09-27 14:44:05.095881,End_time,2018-09-27 14:44:05.100866,Duration,0:00:00.004985
Task,"(140, '2018-09-27T18:44:15.691795', {'digest': '50E721E49C013F00C62CF59F2163542A9D8DF02464EFEB615D31051B0FDDC326'}, '000d9962a407bedd9797100a312c45729b5092deff64ddd5886b18115e355593', '000c7c365b82f4ee34dd12cf4e99e2014391aceab4a882f43f3624182653b4e5', 3491, 'DB')",Start_time,2018-09-27 14:44:15.691795,End_time,2018-09-27 14:44:15.703763,Duration,0:00:00.011968
Task,"(141, '2018-09-27T18:44:26.372234', {'digest': '50E721E49C013F00C62CF59F2163542A9D8DF02464EFEB615D31051B0FDDC326'}, '0008bbd88e3ec14dd2ad57be56e05c3fd23dba38cbd6243fcb80fcd9a8b24c8f', '000d9962a407bedd9797100a312c45729b5092deff64ddd5886b18115e355593', 14719, 'DB')",Start_time,2018-09-27 14:44:26.372234,End_time,2018-09-27 14:44:26.417113,Duration,0:00:00.044879
Task,"(142, '2018-09-27T18:44:36.897656', {'digest': '50E721E49C013F00C62CF59F2163542A9D8DF02464EFEB615D31051B0FDDC326'}, '000664b7f0cba03a39c8a60409a3b951f58d2259d277b5d83908c8c286f899bd', '0008bbd88e3ec14dd2ad57be56e05c3fd23dba38cbd6243fcb80fcd9a8b24c8f', 3989, 'DB')",Start_time,2018-09-27 14:44:36.897656,End_time,2018-09-27 14:44:36.909623,Duration,0:00:00.011967
Task,"(143, '2018-09-27T18:44:36.914612', <LC.TB_data object at 0x0000016E06CFDC88>, '00099fd9e93d614880b3c4c29789e6e8242f3280cfd26f4f79a0ae5d1930f8fe', '000664b7f0cba03a39c8a60409a3b951f58d2259d277b5d83908c8c286f899bd', 811, 'TB')",Start_time,2018-09-27 14:44:36.914612,End_time,2018-09-27 14:44:36.918599,Duration,0:00:00.003987
Task,"(144, '2018-09-27T18:44:58.214619', 'Relative Genesis Block', '000bde1d5585a70eee1206e7150980c639100360753b32ab4fb1929462aba6e3', '00099fd9e93d614880b3c4c29789e6e8242f3280cfd26f4f79a0ae5d1930f8fe', 953, 'RGB')",Start_time,2018-09-27 14:44:58.214619,End_time,2018-09-27 14:44:58.218606,Duration,0:00:00.003987
Task,"(145, '2018-09-27T18:44:58.223594', {'digest': '50E721E49C013F00C62CF59F2163542A9D8DF02464EFEB615D31051B0FDDC326'}, '00093baab8d8d472895344506e01f65cc3fb5452306fe20c304b17052be959c5', '000bde1d5585a70eee1206e7150980c639100360753b32ab4fb1929462aba6e3', 4052, 'DB')",Start_time,2018-09-27 14:44:58.223594,End_time,2018-09-27 14:44:58.241580,Duration,0:00:00.017986
Task,"(146, '2018-09-27T18:45:08.727863', {'digest': '50E721E49C013F00C62CF59F2163542A9D8DF02464EFEB615D31051B0FDDC326'}, '000e43c8a3cc0acd178329bfc2339980580242aa5702a0d61b4356c31bc0d5e9', '00093baab8d8d472895344506e01f65cc3fb5452306fe20c304b17052be959c5', 2916, 'DB')",Start_time,2018-09-27 14:45:08.727863,End_time,2018-09-27 14:45:08.738834,Duration,0:00:00.010971
Task,"(147, '2018-09-27T18:45:19.340481', {'digest': '50E721E49C013F00C62CF59F2163542A9D8DF02464EFEB615D31051B0FDDC326'}, '0001cf25393d7d440c1c6b9b5348aa895145d6310f8780fae65d4c3582e97491', '000e43c8a3cc0acd178329bfc2339980580242aa5702a0d61b4356c31bc0d5e9', 8654, 'DB')",Start_time,2018-09-27 14:45:19.340481,End_time,2018-09-27 14:45:19.367408,Duration,0:00:00.026927
Task,"(148, '2018-09-27T18:45:29.856157', {'digest': '50E721E49C013F00C62CF59F2163542A9D8DF02464EFEB615D31051B0FDDC326'}, '000c9848c8a8b9ba0e2f665cc55330eb2eea847d3a0eb5ca33a1d85c33d89afd', '0001cf25393d7d440c1c6b9b5348aa895145d6310f8780fae65d4c3582e97491', 540, 'DB')",Start_time,2018-09-27 14:45:29.856157,End_time,2018-09-27 14:45:29.858152,Duration,0:00:00.001995
Task,"(149, '2018-09-27T18:45:40.345057', {'digest': '50E721E49C013F00C62CF59F2163542A9D8DF02464EFEB615D31051B0FDDC326'}, '000300823df0227a4b01ed86eff533edfbffdbfefda50757dc726e0aa540cf77', '000c9848c8a8b9ba0e2f665cc55330eb2eea847d3a0eb5ca33a1d85c33d89afd', 5283, 'DB')",Start_time,2018-09-27 14:45:40.345057,End_time,2018-09-27 14:45:40.357023,Duration,0:00:00.011966
Task,"(150, '2018-09-27T18:45:50.847268', {'digest': '50E721E49C013F00C62CF59F2163542A9D8DF02464EFEB615D31051B0FDDC326'}, '0001974f46c76cc20d7add9d1178c047236e91692375075e6087a5e16e57bb00', '000300823df0227a4b01ed86eff533edfbffdbfefda50757dc726e0aa540cf77', 4028, 'DB')",Start_time,2018-09-27 14:45:50.847268,End_time,2018-09-27 14:45:50.861230,Duration,0:00:00.013962
Task,"(151, '2018-09-27T18:46:01.537189', {'digest': '50E721E49C013F00C62CF59F2163542A9D8DF02464EFEB615D31051B0FDDC326'}, '00026a3b63e5518487e4ae9639527608cce986f2b539216f84e547cff79997f8', '0001974f46c76cc20d7add9d1178c047236e91692375075e6087a5e16e57bb00', 191, 'DB')",Start_time,2018-09-27 14:46:01.537189,End_time,2018-09-27 14:46:01.537189,Duration,0:00:00
Task,"(152, '2018-09-27T18:46:12.072446', {'digest': '50E721E49C013F00C62CF59F2163542A9D8DF02464EFEB615D31051B0FDDC326'}, '00061f7aeb1450536aaf2a7a7a45f67484d8ce72c6337ba45a266f6ca144094a', '00026a3b63e5518487e4ae9639527608cce986f2b539216f84e547cff79997f8', 2671, 'DB')",Start_time,2018-09-27 14:46:12.072446,End_time,2018-09-27 14:46:12.080426,Duration,0:00:00.007980
Task,"(153, '2018-09-27T18:46:22.571391', {'digest': '50E721E49C013F00C62CF59F2163542A9D8DF02464EFEB615D31051B0FDDC326'}, '000b0f8b40db1fbfd9586fa6e7f6ea3eafdcc647e6f2310f56264e93d6d53abb', '00061f7aeb1450536aaf2a7a7a45f67484d8ce72c6337ba45a266f6ca144094a', 6607, 'DB')",Start_time,2018-09-27 14:46:22.571391,End_time,2018-09-27 14:46:22.592334,Duration,0:00:00.020943
Task,"(154, '2018-09-27T18:46:33.076300', {'digest': '50E721E49C013F00C62CF59F2163542A9D8DF02464EFEB615D31051B0FDDC326'}, '000ba15d5e0cf60fbcf7ebfe03d28f0406da7391fc157a8cdbf574bf4caec8f8', '000b0f8b40db1fbfd9586fa6e7f6ea3eafdcc647e6f2310f56264e93d6d53abb', 5938, 'DB')",Start_time,2018-09-27 14:46:33.076300,End_time,2018-09-27 14:46:33.092256,Duration,0:00:00.015956
Task,"(155, '2018-09-27T18:46:33.101263', <LC.TB_data object at 0x0000016E06D5F4A8>, '0000dd76dffcbd5f976d42ff94f3553acb12159d0eb36a9ac3a491c95ff08d46', '000ba15d5e0cf60fbcf7ebfe03d28f0406da7391fc157a8cdbf574bf4caec8f8', 1204, 'TB')",Start_time,2018-09-27 14:46:33.101263,End_time,2018-09-27 14:46:33.105220,Duration,0:00:00.003957
Task,"(156, '2018-09-27T18:46:54.569623', 'Relative Genesis Block', '0007bf484fe206728bc45d1ce46d066a6f435643861206f784c302d15a9dbdcd', '0000dd76dffcbd5f976d42ff94f3553acb12159d0eb36a9ac3a491c95ff08d46', 3455, 'RGB')",Start_time,2018-09-27 14:46:54.569623,End_time,2018-09-27 14:46:54.576604,Duration,0:00:00.006981
Task,"(157, '2018-09-27T18:46:54.586609', {'digest': '50E721E49C013F00C62CF59F2163542A9D8DF02464EFEB615D31051B0FDDC326'}, '000d60fd5ed5d39d56b7e8061f70ab6d7c194c0ef56cd9a887e20462b53faa79', '0007bf484fe206728bc45d1ce46d066a6f435643861206f784c302d15a9dbdcd', 2867, 'DB')",Start_time,2018-09-27 14:46:54.586609,End_time,2018-09-27 14:46:54.597546,Duration,0:00:00.010937
Task,"(158, '2018-09-27T18:47:05.089516', {'digest': '50E721E49C013F00C62CF59F2163542A9D8DF02464EFEB615D31051B0FDDC326'}, '000b55f6a72966426eda9894b1d3049932471cabcee7697320d4437751fbe499', '000d60fd5ed5d39d56b7e8061f70ab6d7c194c0ef56cd9a887e20462b53faa79', 6013, 'DB')",Start_time,2018-09-27 14:47:05.089516,End_time,2018-09-27 14:47:05.105445,Duration,0:00:00.015929
Task,"(159, '2018-09-27T18:47:15.611349', {'digest': '50E721E49C013F00C62CF59F2163542A9D8DF02464EFEB615D31051B0FDDC326'}, '0002a5af39d5ef3a76fa621d154b52b9a32d30951dc9e5369fe53ab21a2a7864', '000b55f6a72966426eda9894b1d3049932471cabcee7697320d4437751fbe499', 430, 'DB')",Start_time,2018-09-27 14:47:15.611349,End_time,2018-09-27 14:47:15.612346,Duration,0:00:00.000997
Task,"(160, '2018-09-27T18:47:26.111271', {'digest': '50E721E49C013F00C62CF59F2163542A9D8DF02464EFEB615D31051B0FDDC326'}, '0005c3bc26ba522433728c96e48804593c9c5ac928f5989689ed466603230b77', '0002a5af39d5ef3a76fa621d154b52b9a32d30951dc9e5369fe53ab21a2a7864', 2640, 'DB')",Start_time,2018-09-27 14:47:26.111271,End_time,2018-09-27 14:47:26.116255,Duration,0:00:00.004984
Task,"(161, '2018-09-27T18:47:36.620722', {'digest': '50E721E49C013F00C62CF59F2163542A9D8DF02464EFEB615D31051B0FDDC326'}, '0006e1d8484edf906704ba53b4a49da2b5e6bec883825af84b70da28a4c44658', '0005c3bc26ba522433728c96e48804593c9c5ac928f5989689ed466603230b77', 337, 'DB')",Start_time,2018-09-27 14:47:36.620722,End_time,2018-09-27 14:47:36.621719,Duration,0:00:00.000997
Task,"(162, '2018-09-27T18:47:47.124631', {'digest': '50E721E49C013F00C62CF59F2163542A9D8DF02464EFEB615D31051B0FDDC326'}, '000fc90d101c2e9821623a90ee8ee325c83261266a54fbfcdd100cf8fdea97fb', '0006e1d8484edf906704ba53b4a49da2b5e6bec883825af84b70da28a4c44658', 23262, 'DB')",Start_time,2018-09-27 14:47:47.124631,End_time,2018-09-27 14:47:47.186498,Duration,0:00:00.061867
Task,"(163, '2018-09-27T18:47:57.717391', {'digest': '50E721E49C013F00C62CF59F2163542A9D8DF02464EFEB615D31051B0FDDC326'}, '0004a55d4359db22f6a55bc695952049aaf10e58578d44e6e111ae93764110d0', '000fc90d101c2e9821623a90ee8ee325c83261266a54fbfcdd100cf8fdea97fb', 1655, 'DB')",Start_time,2018-09-27 14:47:57.717391,End_time,2018-09-27 14:47:57.721378,Duration,0:00:00.003987
Task,"(164, '2018-09-27T18:48:08.219553', {'digest': '50E721E49C013F00C62CF59F2163542A9D8DF02464EFEB615D31051B0FDDC326'}, '000fe21dfdb10f51bc0ce8b6bab2c1c53e07dbcda28ef5091e720b69dc8cb435', '0004a55d4359db22f6a55bc695952049aaf10e58578d44e6e111ae93764110d0', 3202, 'DB')",Start_time,2018-09-27 14:48:08.219553,End_time,2018-09-27 14:48:08.227530,Duration,0:00:00.007977
Task,"(165, '2018-09-27T18:48:18.754402', {'digest': '50E721E49C013F00C62CF59F2163542A9D8DF02464EFEB615D31051B0FDDC326'}, '000f267b96a8c92271b33a8fabcef9d7697111562017dcb85610ca289b4066d3', '000fe21dfdb10f51bc0ce8b6bab2c1c53e07dbcda28ef5091e720b69dc8cb435', 11742, 'DB')",Start_time,2018-09-27 14:48:18.754402,End_time,2018-09-27 14:48:18.782305,Duration,0:00:00.027903
Task,"(166, '2018-09-27T18:48:29.257897', {'digest': '50E721E49C013F00C62CF59F2163542A9D8DF02464EFEB615D31051B0FDDC326'}, '000b2d8a0b7a9f982cb9a1323dd2dd87e6de33aadb9d8ee5a6ac883757c17a8c', '000f267b96a8c92271b33a8fabcef9d7697111562017dcb85610ca289b4066d3', 849, 'DB')",Start_time,2018-09-27 14:48:29.257897,End_time,2018-09-27 14:48:29.261886,Duration,0:00:00.003989
Task,"(167, '2018-09-27T18:48:29.272857', <LC.TB_data object at 0x0000016E06D78438>, '000c25f1492be8ee0d4c62b0f942604586b66b5a342de438e12c5aac6e35f1e5', '000b2d8a0b7a9f982cb9a1323dd2dd87e6de33aadb9d8ee5a6ac883757c17a8c', 1989, 'TB')",Start_time,2018-09-27 14:48:29.272857,End_time,2018-09-27 14:48:29.277845,Duration,0:00:00.004988
Task,"(168, '2018-09-27T18:49:00.617754', 'Relative Genesis Block', '00086c6ad2b83495786a5fa57c67a9c831cf23ab92223d7105fddbeff26c3207', '000c25f1492be8ee0d4c62b0f942604586b66b5a342de438e12c5aac6e35f1e5', 936, 'RGB')",Start_time,2018-09-27 14:49:00.617754,End_time,2018-09-27 14:49:00.619748,Duration,0:00:00.001994
Task,"(169, '2018-09-27T18:49:00.626729', {'digest': '50E721E49C013F00C62CF59F2163542A9D8DF02464EFEB615D31051B0FDDC326'}, '0004408cf593f6b2ea95bb172e67ed29794315c1a0eea299ae5030a3e8cd821f', '00086c6ad2b83495786a5fa57c67a9c831cf23ab92223d7105fddbeff26c3207', 8285, 'DB')",Start_time,2018-09-27 14:49:00.626729,End_time,2018-09-27 14:49:00.647707,Duration,0:00:00.020978
Task,"(170, '2018-09-27T18:49:11.126650', {'digest': '50E721E49C013F00C62CF59F2163542A9D8DF02464EFEB615D31051B0FDDC326'}, '000a690fe80a4db8ca4d36a0213c5720e4cc730350acb557aa78d6ad8d4e2c5c', '0004408cf593f6b2ea95bb172e67ed29794315c1a0eea299ae5030a3e8cd821f', 3035, 'DB')",Start_time,2018-09-27 14:49:11.126650,End_time,2018-09-27 14:49:11.133661,Duration,0:00:00.007011
Task,"(171, '2018-09-27T18:49:21.808306', {'digest': '50E721E49C013F00C62CF59F2163542A9D8DF02464EFEB615D31051B0FDDC326'}, '00020665be186ef26baf08c5be21bb366ab29750afc8ac8c6cb19b775e552ad0', '000a690fe80a4db8ca4d36a0213c5720e4cc730350acb557aa78d6ad8d4e2c5c', 7508, 'DB')",Start_time,2018-09-27 14:49:21.808306,End_time,2018-09-27 14:49:21.827255,Duration,0:00:00.018949
Task,"(172, '2018-09-27T18:49:32.367580', {'digest': '50E721E49C013F00C62CF59F2163542A9D8DF02464EFEB615D31051B0FDDC326'}, '0004a0e7ddd0bd672c381d9a28757d432fb9d1776f40b04acdca4ed3c6b94efe', '00020665be186ef26baf08c5be21bb366ab29750afc8ac8c6cb19b775e552ad0', 5414, 'DB')",Start_time,2018-09-27 14:49:32.367580,End_time,2018-09-27 14:49:32.386561,Duration,0:00:00.018981
Task,"(173, '2018-09-27T18:49:42.916369', {'digest': '50E721E49C013F00C62CF59F2163542A9D8DF02464EFEB615D31051B0FDDC326'}, '000d41624aab678e69eca6e3b3e138e0e043359171160f653cff2f13a7ed3874', '0004a0e7ddd0bd672c381d9a28757d432fb9d1776f40b04acdca4ed3c6b94efe', 5059, 'DB')",Start_time,2018-09-27 14:49:42.916369,End_time,2018-09-27 14:49:42.927338,Duration,0:00:00.010969
Task,"(174, '2018-09-27T18:49:53.449761', {'digest': '50E721E49C013F00C62CF59F2163542A9D8DF02464EFEB615D31051B0FDDC326'}, '00022fb8915f2e1d75c20f35feecff8cac7e6d7b81cfa8df48a83603697454c4', '000d41624aab678e69eca6e3b3e138e0e043359171160f653cff2f13a7ed3874', 116, 'DB')",Start_time,2018-09-27 14:49:53.449761,End_time,2018-09-27 14:49:53.449761,Duration,0:00:00
Task,"(175, '2018-09-27T18:50:04.078808', {'digest': '50E721E49C013F00C62CF59F2163542A9D8DF02464EFEB615D31051B0FDDC326'}, '00033de61ae454b9d235de65c2a73c187b3399833b13d0edd84812ce1d10e52b', '00022fb8915f2e1d75c20f35feecff8cac7e6d7b81cfa8df48a83603697454c4', 11076, 'DB')",Start_time,2018-09-27 14:50:04.078808,End_time,2018-09-27 14:50:04.130669,Duration,0:00:00.051861
Task,"(176, '2018-09-27T18:50:14.668487', {'digest': '50E721E49C013F00C62CF59F2163542A9D8DF02464EFEB615D31051B0FDDC326'}, '000a1b7ee66962b9296c0f157e02c8ffc2f020dfcf94afb0c23d89bca028a86d', '00033de61ae454b9d235de65c2a73c187b3399833b13d0edd84812ce1d10e52b', 2467, 'DB')",Start_time,2018-09-27 14:50:14.668487,End_time,2018-09-27 14:50:14.675505,Duration,0:00:00.007018
Task,"(177, '2018-09-27T18:50:25.186881', {'digest': '50E721E49C013F00C62CF59F2163542A9D8DF02464EFEB615D31051B0FDDC326'}, '000cb1a3fdfee24d38b2aebcae025d15f689f14ec40b29a240d4b1b5ed9a25a1', '000a1b7ee66962b9296c0f157e02c8ffc2f020dfcf94afb0c23d89bca028a86d', 4685, 'DB')",Start_time,2018-09-27 14:50:25.186881,End_time,2018-09-27 14:50:25.201873,Duration,0:00:00.014992
Task,"(178, '2018-09-27T18:50:35.700114', {'digest': '50E721E49C013F00C62CF59F2163542A9D8DF02464EFEB615D31051B0FDDC326'}, '0008bbfee0918da8c1a45fec5acf6a8bea816fe1bfe986d2b640a2fdb174240c', '000cb1a3fdfee24d38b2aebcae025d15f689f14ec40b29a240d4b1b5ed9a25a1', 3546, 'DB')",Start_time,2018-09-27 14:50:35.700114,End_time,2018-09-27 14:50:35.709090,Duration,0:00:00.008976
Task,"(179, '2018-09-27T18:50:35.716071', <LC.TB_data object at 0x0000016E06DA7358>, '000d93d38e1e5f750500ff0bdefcfe06255270af39dcb8d4abf58f9af1179ece', '0008bbfee0918da8c1a45fec5acf6a8bea816fe1bfe986d2b640a2fdb174240c', 2520, 'TB')",Start_time,2018-09-27 14:50:35.716071,End_time,2018-09-27 14:50:35.721058,Duration,0:00:00.004987
Task,"(180, '2018-09-27T18:51:06.937494', 'Relative Genesis Block', '000ad467bdb1b20caf687caedb3876dbf85092f074fa24c4917f47259a2a8208', '000d93d38e1e5f750500ff0bdefcfe06255270af39dcb8d4abf58f9af1179ece', 580, 'RGB')",Start_time,2018-09-27 14:51:06.937494,End_time,2018-09-27 14:51:06.941481,Duration,0:00:00.003987
Task,"(181, '2018-09-27T18:51:06.948462', {'digest': '50E721E49C013F00C62CF59F2163542A9D8DF02464EFEB615D31051B0FDDC326'}, '000133917962a0ac513f4a2361e25aa3e0eadb2a9cd9125a13d5e2f273b21615', '000ad467bdb1b20caf687caedb3876dbf85092f074fa24c4917f47259a2a8208', 2063, 'DB')",Start_time,2018-09-27 14:51:06.948462,End_time,2018-09-27 14:51:06.957471,Duration,0:00:00.009009
Task,"(182, '2018-09-27T18:51:17.502408', {'digest': '50E721E49C013F00C62CF59F2163542A9D8DF02464EFEB615D31051B0FDDC326'}, '000db2030a2e1369c5cdbf77b399986123cc0db6d94cc1beba3892763dd52857', '000133917962a0ac513f4a2361e25aa3e0eadb2a9cd9125a13d5e2f273b21615', 209, 'DB')",Start_time,2018-09-27 14:51:17.502408,End_time,2018-09-27 14:51:17.503405,Duration,0:00:00.000997
Task,"(183, '2018-09-27T18:51:28.034282', {'digest': '50E721E49C013F00C62CF59F2163542A9D8DF02464EFEB615D31051B0FDDC326'}, '0008b726353c8f6b378940f8007fe652968cb774ad1b55dead146c31970113b2', '000db2030a2e1369c5cdbf77b399986123cc0db6d94cc1beba3892763dd52857', 5100, 'DB')",Start_time,2018-09-27 14:51:28.034282,End_time,2018-09-27 14:51:28.046250,Duration,0:00:00.011968
Task,"(184, '2018-09-27T18:51:38.535712', {'digest': '50E721E49C013F00C62CF59F2163542A9D8DF02464EFEB615D31051B0FDDC326'}, '000db108f3a04e54b8b879108395d50828142af6f3826804e8b33f8d3fcb139a', '0008b726353c8f6b378940f8007fe652968cb774ad1b55dead146c31970113b2', 1987, 'DB')",Start_time,2018-09-27 14:51:38.535712,End_time,2018-09-27 14:51:38.541696,Duration,0:00:00.005984
Task,"(185, '2018-09-27T18:51:49.056855', {'digest': '50E721E49C013F00C62CF59F2163542A9D8DF02464EFEB615D31051B0FDDC326'}, '0001077fc73cc1dc9238bd99c6f6b1b27386192fdd5daaf60b4c2819e3f93af1', '000db108f3a04e54b8b879108395d50828142af6f3826804e8b33f8d3fcb139a', 6249, 'DB')",Start_time,2018-09-27 14:51:49.056855,End_time,2018-09-27 14:51:49.076801,Duration,0:00:00.019946
Task,"(186, '2018-09-27T18:51:59.565274', {'digest': '50E721E49C013F00C62CF59F2163542A9D8DF02464EFEB615D31051B0FDDC326'}, '000dcc976958ea80cff51f041786f520ca8f6805e3f79eb176e58c607cd30851', '0001077fc73cc1dc9238bd99c6f6b1b27386192fdd5daaf60b4c2819e3f93af1', 5086, 'DB')",Start_time,2018-09-27 14:51:59.565274,End_time,2018-09-27 14:51:59.579236,Duration,0:00:00.013962
Task,"(187, '2018-09-27T18:52:10.146976', {'digest': '50E721E49C013F00C62CF59F2163542A9D8DF02464EFEB615D31051B0FDDC326'}, '000e9e59935f3c6b2a8fb2ba4e9fff0c18dbe9b27d77b3d9f17412aaab1c81e5', '000dcc976958ea80cff51f041786f520ca8f6805e3f79eb176e58c607cd30851', 1647, 'DB')",Start_time,2018-09-27 14:52:10.146976,End_time,2018-09-27 14:52:10.152992,Duration,0:00:00.006016
Task,"(188, '2018-09-27T18:52:20.699229', {'digest': '50E721E49C013F00C62CF59F2163542A9D8DF02464EFEB615D31051B0FDDC326'}, '0003318c8fb308e20d99f8b7531c80113c2f30c2338d3a8f546f6efc98303762', '000e9e59935f3c6b2a8fb2ba4e9fff0c18dbe9b27d77b3d9f17412aaab1c81e5', 3985, 'DB')",Start_time,2018-09-27 14:52:20.699229,End_time,2018-09-27 14:52:20.712177,Duration,0:00:00.012948
Task,"(189, '2018-09-27T18:52:31.212365', {'digest': '50E721E49C013F00C62CF59F2163542A9D8DF02464EFEB615D31051B0FDDC326'}, '0004b876844b746cb4af473837e3d19bd1230c9efd04c4105d9637d93d26b8dc', '0003318c8fb308e20d99f8b7531c80113c2f30c2338d3a8f546f6efc98303762', 1191, 'DB')",Start_time,2018-09-27 14:52:31.212365,End_time,2018-09-27 14:52:31.217360,Duration,0:00:00.004995
Task,"(190, '2018-09-27T18:52:41.730702', {'digest': '50E721E49C013F00C62CF59F2163542A9D8DF02464EFEB615D31051B0FDDC326'}, '0004a0ce5910b6c4849034e082cd8ab60b184aba780b8a5af53805fa3bf53582', '0004b876844b746cb4af473837e3d19bd1230c9efd04c4105d9637d93d26b8dc', 450, 'DB')",Start_time,2018-09-27 14:52:41.730702,End_time,2018-09-27 14:52:41.731701,Duration,0:00:00.000999
Task,"(191, '2018-09-27T18:52:41.737683', <LC.TB_data object at 0x0000016E06DE65C0>, '0002f93f8a5c1f5c4ea1672082272e21e67883e0b71a150d8c5fc107ce0fcb9f', '0004a0ce5910b6c4849034e082cd8ab60b184aba780b8a5af53805fa3bf53582', 1886, 'TB')",Start_time,2018-09-27 14:52:41.737683,End_time,2018-09-27 14:52:41.742669,Duration,0:00:00.004986
Task,"(192, '2018-09-27T18:53:33.045725', 'Relative Genesis Block', '00047ac46ff84b6fb18c6c23cadbd723851f97f1c04bd8299e6ba0011764ca31', '0002f93f8a5c1f5c4ea1672082272e21e67883e0b71a150d8c5fc107ce0fcb9f', 291, 'RGB')",Start_time,2018-09-27 14:53:33.045725,End_time,2018-09-27 14:53:33.045725,Duration,0:00:00
Task,"(193, '2018-09-27T18:53:33.051707', {'digest': '50E721E49C013F00C62CF59F2163542A9D8DF02464EFEB615D31051B0FDDC326'}, '000385f2e2574936677deaf6e6bb64872fff68f42ae5291554f84e44203295d5', '00047ac46ff84b6fb18c6c23cadbd723851f97f1c04bd8299e6ba0011764ca31', 5860, 'DB')",Start_time,2018-09-27 14:53:33.051707,End_time,2018-09-27 14:53:33.071655,Duration,0:00:00.019948
Task,"(194, '2018-09-27T18:53:43.570095', {'digest': '50E721E49C013F00C62CF59F2163542A9D8DF02464EFEB615D31051B0FDDC326'}, '00023ba7f6a898eb6264f0dbf9fb0aa6597b26293a62b58e39e21bc937049280', '000385f2e2574936677deaf6e6bb64872fff68f42ae5291554f84e44203295d5', 5017, 'DB')",Start_time,2018-09-27 14:53:43.570095,End_time,2018-09-27 14:53:43.592035,Duration,0:00:00.021940
Task,"(195, '2018-09-27T18:53:54.239561', {'digest': '50E721E49C013F00C62CF59F2163542A9D8DF02464EFEB615D31051B0FDDC326'}, '000450796708c737e794f54d349c36ae1eb09a40cfd2526058b4a416976c8d23', '00023ba7f6a898eb6264f0dbf9fb0aa6597b26293a62b58e39e21bc937049280', 4517, 'DB')",Start_time,2018-09-27 14:53:54.239561,End_time,2018-09-27 14:53:54.252525,Duration,0:00:00.012964
Task,"(196, '2018-09-27T18:54:04.784608', {'digest': '50E721E49C013F00C62CF59F2163542A9D8DF02464EFEB615D31051B0FDDC326'}, '000a2e8051f3557456215d186c56b86c842b27093254a2a21fe84a73bc5786a0', '000450796708c737e794f54d349c36ae1eb09a40cfd2526058b4a416976c8d23', 6111, 'DB')",Start_time,2018-09-27 14:54:04.783610,End_time,2018-09-27 14:54:04.796573,Duration,0:00:00.012963
Task,"(197, '2018-09-27T18:54:15.316442', {'digest': '50E721E49C013F00C62CF59F2163542A9D8DF02464EFEB615D31051B0FDDC326'}, '00009559796cb7ab0541aaa569811f178dbecff1c28a6b35dba35429c870839e', '000a2e8051f3557456215d186c56b86c842b27093254a2a21fe84a73bc5786a0', 1389, 'DB')",Start_time,2018-09-27 14:54:15.315444,End_time,2018-09-27 14:54:15.321427,Duration,0:00:00.005983
Task,"(198, '2018-09-27T18:54:25.831320', {'digest': '50E721E49C013F00C62CF59F2163542A9D8DF02464EFEB615D31051B0FDDC326'}, '0006d31bf26b2c9259bcc23f224a11445d587c2af4fc0bca93a473996011a513', '00009559796cb7ab0541aaa569811f178dbecff1c28a6b35dba35429c870839e', 1464, 'DB')",Start_time,2018-09-27 14:54:25.831320,End_time,2018-09-27 14:54:25.835342,Duration,0:00:00.004022
Task,"(199, '2018-09-27T18:54:36.505774', {'digest': '50E721E49C013F00C62CF59F2163542A9D8DF02464EFEB615D31051B0FDDC326'}, '000948c6e62f76595a240276a7966faf578d4530d6657e4ae36a6f566a0d9a43', '0006d31bf26b2c9259bcc23f224a11445d587c2af4fc0bca93a473996011a513', 7818, 'DB')",Start_time,2018-09-27 14:54:36.505774,End_time,2018-09-27 14:54:36.525753,Duration,0:00:00.019979
Task,"(200, '2018-09-27T18:54:47.028206', {'digest': '50E721E49C013F00C62CF59F2163542A9D8DF02464EFEB615D31051B0FDDC326'}, '00090c7530713d1bda63d7bcd2a7df1967e387b0c8ac16a7ae32edd0a4f85c32', '000948c6e62f76595a240276a7966faf578d4530d6657e4ae36a6f566a0d9a43', 82, 'DB')",Start_time,2018-09-27 14:54:47.028206,End_time,2018-09-27 14:54:47.029203,Duration,0:00:00.000997
Task,"(201, '2018-09-27T18:54:57.528379', {'digest': '50E721E49C013F00C62CF59F2163542A9D8DF02464EFEB615D31051B0FDDC326'}, '0008d72d1023241e213fb68fe013547d32ca5e926c33576bcf72432d43489b4a', '00090c7530713d1bda63d7bcd2a7df1967e387b0c8ac16a7ae32edd0a4f85c32', 6065, 'DB')",Start_time,2018-09-27 14:54:57.528379,End_time,2018-09-27 14:54:57.551311,Duration,0:00:00.022932
Task,"(202, '2018-09-27T18:55:08.026811', {'digest': '50E721E49C013F00C62CF59F2163542A9D8DF02464EFEB615D31051B0FDDC326'}, '00018993841bb8a98acfa5314daeede7175967b00e4678cde5c7b9f7b6551f8f', '0008d72d1023241e213fb68fe013547d32ca5e926c33576bcf72432d43489b4a', 584, 'DB')",Start_time,2018-09-27 14:55:08.026811,End_time,2018-09-27 14:55:08.029803,Duration,0:00:00.002992
Task,"(203, '2018-09-27T18:55:08.036784', <LC.TB_data object at 0x0000016E06DA7908>, '000d5d6e8c07442c77a84bde431ff6a815aeae0e66fdcaebb394e88b96e2acb0', '00018993841bb8a98acfa5314daeede7175967b00e4678cde5c7b9f7b6551f8f', 1316, 'TB')",Start_time,2018-09-27 14:55:08.036784,End_time,2018-09-27 14:55:08.039775,Duration,0:00:00.002991
Task,"(204, '2018-09-27T18:55:39.284022', 'Relative Genesis Block', '000262b3167f4ee5fe73362db7b5003022b46a0c5c6b77d669fd1e7598c8c9b2', '000d5d6e8c07442c77a84bde431ff6a815aeae0e66fdcaebb394e88b96e2acb0', 1389, 'RGB')",Start_time,2018-09-27 14:55:39.284022,End_time,2018-09-27 14:55:39.289008,Duration,0:00:00.004986
Task,"(205, '2018-09-27T18:55:39.306958', {'digest': '50E721E49C013F00C62CF59F2163542A9D8DF02464EFEB615D31051B0FDDC326'}, '0006d06c6ef617e72371887dffdf1ec318903c05b6a7be2d78a600e17db636d7', '000262b3167f4ee5fe73362db7b5003022b46a0c5c6b77d669fd1e7598c8c9b2', 914, 'DB')",Start_time,2018-09-27 14:55:39.306958,End_time,2018-09-27 14:55:39.308954,Duration,0:00:00.001996
Task,"(206, '2018-09-27T18:55:49.815856', {'digest': '50E721E49C013F00C62CF59F2163542A9D8DF02464EFEB615D31051B0FDDC326'}, '000b6eb7b3720221cb675e6196842534c2a40bebdf2c0fa9e53f7c2d07bc9359', '0006d06c6ef617e72371887dffdf1ec318903c05b6a7be2d78a600e17db636d7', 8632, 'DB')",Start_time,2018-09-27 14:55:49.815856,End_time,2018-09-27 14:55:49.834803,Duration,0:00:00.018947
Task,"(207, '2018-09-27T18:56:00.309790', {'digest': '50E721E49C013F00C62CF59F2163542A9D8DF02464EFEB615D31051B0FDDC326'}, '0000c037421bf1ec843fda2e44d5f727555efee9d58c1192cd3a8189d2b002cf', '000b6eb7b3720221cb675e6196842534c2a40bebdf2c0fa9e53f7c2d07bc9359', 1219, 'DB')",Start_time,2018-09-27 14:56:00.309790,End_time,2018-09-27 14:56:00.311785,Duration,0:00:00.001995
Task,"(208, '2018-09-27T18:56:10.800039', {'digest': '50E721E49C013F00C62CF59F2163542A9D8DF02464EFEB615D31051B0FDDC326'}, '000f0c6f6ef5e7ef2f4e6e3fdd0ddb82fac8f0a4f44204074475a200c7aeff86', '0000c037421bf1ec843fda2e44d5f727555efee9d58c1192cd3a8189d2b002cf', 4460, 'DB')",Start_time,2018-09-27 14:56:10.800039,End_time,2018-09-27 14:56:10.817990,Duration,0:00:00.017951
Task,"(209, '2018-09-27T18:56:21.404901', {'digest': '50E721E49C013F00C62CF59F2163542A9D8DF02464EFEB615D31051B0FDDC326'}, '0005b2c21b028c5274f9ccd1b2daa2f78c2582bbfb6b505b519aee07aacc6309', '000f0c6f6ef5e7ef2f4e6e3fdd0ddb82fac8f0a4f44204074475a200c7aeff86', 3083, 'DB')",Start_time,2018-09-27 14:56:21.404901,End_time,2018-09-27 14:56:21.410881,Duration,0:00:00.005980
Task,"(210, '2018-09-27T18:56:31.927258', {'digest': '50E721E49C013F00C62CF59F2163542A9D8DF02464EFEB615D31051B0FDDC326'}, '00048b9a3e9e657a68ed05ef91ef58906062d9af174eb7854c8ec952084ad86e', '0005b2c21b028c5274f9ccd1b2daa2f78c2582bbfb6b505b519aee07aacc6309', 473, 'DB')",Start_time,2018-09-27 14:56:31.927258,End_time,2018-09-27 14:56:31.927258,Duration,0:00:00
Task,"(211, '2018-09-27T18:56:42.427431', {'digest': '50E721E49C013F00C62CF59F2163542A9D8DF02464EFEB615D31051B0FDDC326'}, '000bfe2cf44c449e5f25a54bc6dff367893b65f233ff5774c166ed5057ea694c', '00048b9a3e9e657a68ed05ef91ef58906062d9af174eb7854c8ec952084ad86e', 5442, 'DB')",Start_time,2018-09-27 14:56:42.427431,End_time,2018-09-27 14:56:42.439398,Duration,0:00:00.011967
Task,"(212, '2018-09-27T18:56:52.927813', {'digest': '50E721E49C013F00C62CF59F2163542A9D8DF02464EFEB615D31051B0FDDC326'}, '00004f8b5e2f8abdcd4c60f30c0dc130936a866f833dd781a02120403a58d1dc', '000bfe2cf44c449e5f25a54bc6dff367893b65f233ff5774c166ed5057ea694c', 2761, 'DB')",Start_time,2018-09-27 14:56:52.927813,End_time,2018-09-27 14:56:52.937818,Duration,0:00:00.010005
Task,"(213, '2018-09-27T18:57:03.594019', {'digest': '50E721E49C013F00C62CF59F2163542A9D8DF02464EFEB615D31051B0FDDC326'}, '000751d1777813deb2cb9837efdcbbd6babc5620c10f53b1774cd33d763b9d7c', '00004f8b5e2f8abdcd4c60f30c0dc130936a866f833dd781a02120403a58d1dc', 1059, 'DB')",Start_time,2018-09-27 14:57:03.594019,End_time,2018-09-27 14:57:03.598007,Duration,0:00:00.003988
Task,"(214, '2018-09-27T18:57:14.124856', {'digest': '50E721E49C013F00C62CF59F2163542A9D8DF02464EFEB615D31051B0FDDC326'}, '00051c131433d7a9c13cd1dc86371b7eec2848a69ba4ce24f5d512244f474b89', '000751d1777813deb2cb9837efdcbbd6babc5620c10f53b1774cd33d763b9d7c', 8787, 'DB')",Start_time,2018-09-27 14:57:14.124856,End_time,2018-09-27 14:57:14.147792,Duration,0:00:00.022936
Task,"(215, '2018-09-27T18:57:14.155774', <LC.TB_data object at 0x0000016E06DC7780>, '0009c03855ea0cb1734c037d731ae3d9fa96a60d90cc5041f5aeb8f23840f60a', '00051c131433d7a9c13cd1dc86371b7eec2848a69ba4ce24f5d512244f474b89', 3745, 'TB')",Start_time,2018-09-27 14:57:14.155774,End_time,2018-09-27 14:57:14.162784,Duration,0:00:00.007010
Task,"(216, '2018-09-27T18:57:35.357735', 'Relative Genesis Block', '000c553022d9f2668297bc6ff64a5b23e7b387f7dec3771ddf5904b290154d75', '0009c03855ea0cb1734c037d731ae3d9fa96a60d90cc5041f5aeb8f23840f60a', 511, 'RGB')",Start_time,2018-09-27 14:57:35.357735,End_time,2018-09-27 14:57:35.358726,Duration,0:00:00.000991
Task,"(217, '2018-09-27T18:57:35.363713', {'digest': '50E721E49C013F00C62CF59F2163542A9D8DF02464EFEB615D31051B0FDDC326'}, '00042f7df7ea5cd84551d7233d1d31b567f6adc7b78470cf6e5ec3fe26dc3eea', '000c553022d9f2668297bc6ff64a5b23e7b387f7dec3771ddf5904b290154d75', 1898, 'DB')",Start_time,2018-09-27 14:57:35.363713,End_time,2018-09-27 14:57:35.368700,Duration,0:00:00.004987
Task,"(218, '2018-09-27T18:57:45.877023', {'digest': '50E721E49C013F00C62CF59F2163542A9D8DF02464EFEB615D31051B0FDDC326'}, '0002a66e2357cb2d14bc356ab1fa5e054fabfbc05c40065a1b919c66b261617b', '00042f7df7ea5cd84551d7233d1d31b567f6adc7b78470cf6e5ec3fe26dc3eea', 1551, 'DB')",Start_time,2018-09-27 14:57:45.877023,End_time,2018-09-27 14:57:45.883006,Duration,0:00:00.005983
Task,"(219, '2018-09-27T18:57:56.443506', {'digest': '50E721E49C013F00C62CF59F2163542A9D8DF02464EFEB615D31051B0FDDC326'}, '00002a2b9b4a4195c9b1eaaa4616e6bb4cc862231bcc45f4bb1f5f56175de924', '0002a66e2357cb2d14bc356ab1fa5e054fabfbc05c40065a1b919c66b261617b', 2561, 'DB')",Start_time,2018-09-27 14:57:56.443506,End_time,2018-09-27 14:57:56.452481,Duration,0:00:00.008975
Task,"(220, '2018-09-27T18:58:06.962584', {'digest': '50E721E49C013F00C62CF59F2163542A9D8DF02464EFEB615D31051B0FDDC326'}, '00034479ac173ea3990c56c325df9267cc77883cf1cee5b75235cf452548d5fc', '00002a2b9b4a4195c9b1eaaa4616e6bb4cc862231bcc45f4bb1f5f56175de924', 17213, 'DB')",Start_time,2018-09-27 14:58:06.962584,End_time,2018-09-27 14:58:07.017437,Duration,0:00:00.054853
Task,"(221, '2018-09-27T18:58:17.553262', {'digest': '50E721E49C013F00C62CF59F2163542A9D8DF02464EFEB615D31051B0FDDC326'}, '00095189d3e69b40839e0c73dc0c3b9443389c888a4f95e32f73218e8adc00ab', '00034479ac173ea3990c56c325df9267cc77883cf1cee5b75235cf452548d5fc', 912, 'DB')",Start_time,2018-09-27 14:58:17.553262,End_time,2018-09-27 14:58:17.562269,Duration,0:00:00.009007
Task,"(222, '2018-09-27T18:58:28.060199', {'digest': '50E721E49C013F00C62CF59F2163542A9D8DF02464EFEB615D31051B0FDDC326'}, '000a7f26f79b5c0770a50c9d683a5e83517bb3c648c716e140bdb4f9067a751e', '00095189d3e69b40839e0c73dc0c3b9443389c888a4f95e32f73218e8adc00ab', 545, 'DB')",Start_time,2018-09-27 14:58:28.060199,End_time,2018-09-27 14:58:28.061195,Duration,0:00:00.000996
Task,"(223, '2018-09-27T18:58:38.593459', {'digest': '50E721E49C013F00C62CF59F2163542A9D8DF02464EFEB615D31051B0FDDC326'}, '000bdfa30264bf34497cd899da875e938283cecfdcb62920b53397b57e317a1f', '000a7f26f79b5c0770a50c9d683a5e83517bb3c648c716e140bdb4f9067a751e', 1395, 'DB')",Start_time,2018-09-27 14:58:38.593459,End_time,2018-09-27 14:58:38.598445,Duration,0:00:00.004986
Task,"(224, '2018-09-27T18:58:49.101364', {'digest': '50E721E49C013F00C62CF59F2163542A9D8DF02464EFEB615D31051B0FDDC326'}, '00039b06d9d53716d7671ea754ae0a410f708d9d919313a150163bba272b2b96', '000bdfa30264bf34497cd899da875e938283cecfdcb62920b53397b57e317a1f', 1345, 'DB')",Start_time,2018-09-27 14:58:49.101364,End_time,2018-09-27 14:58:49.104347,Duration,0:00:00.002983
Task,"(225, '2018-09-27T18:58:59.592323', {'digest': '50E721E49C013F00C62CF59F2163542A9D8DF02464EFEB615D31051B0FDDC326'}, '0001377803fb1737d988c32bfa46a0a4c5304922772fca0f7116bd31a1f565df', '00039b06d9d53716d7671ea754ae0a410f708d9d919313a150163bba272b2b96', 274, 'DB')",Start_time,2018-09-27 14:58:59.592323,End_time,2018-09-27 14:58:59.592323,Duration,0:00:00
Task,"(226, '2018-09-27T18:59:10.089981', {'digest': '50E721E49C013F00C62CF59F2163542A9D8DF02464EFEB615D31051B0FDDC326'}, '000c139026ff771b6e2b7e8cabc60e58e91b9f45abd89216c6cbfa8047ea2a02', '0001377803fb1737d988c32bfa46a0a4c5304922772fca0f7116bd31a1f565df', 246, 'DB')",Start_time,2018-09-27 14:59:10.089981,End_time,2018-09-27 14:59:10.089981,Duration,0:00:00
Task,"(227, '2018-09-27T18:59:10.095964', <LC.TB_data object at 0x0000016E06DF5AC8>, '000a93d7f39e535a27a051d1fd82ad78b11e07f5275e56f437f9cac21ded1a98', '000c139026ff771b6e2b7e8cabc60e58e91b9f45abd89216c6cbfa8047ea2a02', 2314, 'TB')",Start_time,2018-09-27 14:59:10.095964,End_time,2018-09-27 14:59:10.102945,Duration,0:00:00.006981
Task,"(228, '2018-09-27T18:59:31.323464', 'Relative Genesis Block', '0003fd9ef332757134cb7ce519c67c80be13ebf9126410528799a708d7c9eb6f', '000a93d7f39e535a27a051d1fd82ad78b11e07f5275e56f437f9cac21ded1a98', 7840, 'RGB')",Start_time,2018-09-27 14:59:31.323464,End_time,2018-09-27 14:59:31.352386,Duration,0:00:00.028922
Task,"(229, '2018-09-27T18:59:31.363358', {'digest': '50E721E49C013F00C62CF59F2163542A9D8DF02464EFEB615D31051B0FDDC326'}, '00017d335a00ae296aed2f0733e3b034eacde5938b14a440793ad07002bd943e', '0003fd9ef332757134cb7ce519c67c80be13ebf9126410528799a708d7c9eb6f', 1011, 'DB')",Start_time,2018-09-27 14:59:31.363358,End_time,2018-09-27 14:59:31.368349,Duration,0:00:00.004991
Task,"(230, '2018-09-27T18:59:41.873476', {'digest': '50E721E49C013F00C62CF59F2163542A9D8DF02464EFEB615D31051B0FDDC326'}, '0003cdcc00629201b06f1c8aa60b88b85f3f9ff907b17910e629bab3486b3789', '00017d335a00ae296aed2f0733e3b034eacde5938b14a440793ad07002bd943e', 9158, 'DB')",Start_time,2018-09-27 14:59:41.873476,End_time,2018-09-27 14:59:41.900370,Duration,0:00:00.026894
Task,"(231, '2018-09-27T18:59:52.458152', {'digest': '50E721E49C013F00C62CF59F2163542A9D8DF02464EFEB615D31051B0FDDC326'}, '000896ddb314cfa303de2f2af677a3330a7412753b746cbd9189ac867767c0d0', '0003cdcc00629201b06f1c8aa60b88b85f3f9ff907b17910e629bab3486b3789', 5739, 'DB')",Start_time,2018-09-27 14:59:52.458152,End_time,2018-09-27 14:59:52.471148,Duration,0:00:00.012996
Task,"(232, '2018-09-27T19:00:02.956628', {'digest': '50E721E49C013F00C62CF59F2163542A9D8DF02464EFEB615D31051B0FDDC326'}, '00072e85394688a8c6211295822c4e00ae9f45a63925424c54320640329daec8', '000896ddb314cfa303de2f2af677a3330a7412753b746cbd9189ac867767c0d0', 6191, 'DB')",Start_time,2018-09-27 15:00:02.956628,End_time,2018-09-27 15:00:02.969594,Duration,0:00:00.012966
Task,"(233, '2018-09-27T19:00:13.488757', {'digest': '50E721E49C013F00C62CF59F2163542A9D8DF02464EFEB615D31051B0FDDC326'}, '00000180c15c2a146249733e067baf7b2a2149a4280e69111b79fa16cc055f57', '00072e85394688a8c6211295822c4e00ae9f45a63925424c54320640329daec8', 2255, 'DB')",Start_time,2018-09-27 15:00:13.488757,End_time,2018-09-27 15:00:13.495739,Duration,0:00:00.006982
Task,"(234, '2018-09-27T19:00:23.989678', {'digest': '50E721E49C013F00C62CF59F2163542A9D8DF02464EFEB615D31051B0FDDC326'}, '000748f54895f44ff4295284e4494a2437abefb060f8281b0752bba57f1d5935', '00000180c15c2a146249733e067baf7b2a2149a4280e69111b79fa16cc055f57', 2321, 'DB')",Start_time,2018-09-27 15:00:23.989678,End_time,2018-09-27 15:00:23.996655,Duration,0:00:00.006977
Task,"(235, '2018-09-27T19:00:34.691055', {'digest': '50E721E49C013F00C62CF59F2163542A9D8DF02464EFEB615D31051B0FDDC326'}, '0000eb826747e02c3f9302b41f93bbca1210af0123f5a536e70d1587799c0ec9', '000748f54895f44ff4295284e4494a2437abefb060f8281b0752bba57f1d5935', 2068, 'DB')",Start_time,2018-09-27 15:00:34.691055,End_time,2018-09-27 15:00:34.700031,Duration,0:00:00.008976
Task,"(236, '2018-09-27T19:00:45.207931', {'digest': '50E721E49C013F00C62CF59F2163542A9D8DF02464EFEB615D31051B0FDDC326'}, '00004598c4a6e8f184b6a534b87a08f38822f764b1d5bb9b276a81a943febe9b', '0000eb826747e02c3f9302b41f93bbca1210af0123f5a536e70d1587799c0ec9', 4732, 'DB')",Start_time,2018-09-27 15:00:45.207931,End_time,2018-09-27 15:00:45.223888,Duration,0:00:00.015957
Task,"(237, '2018-09-27T19:00:55.713834', {'digest': '50E721E49C013F00C62CF59F2163542A9D8DF02464EFEB615D31051B0FDDC326'}, '000260860828c955c8078919406520375f4521aabfcedf24e990aa39940253c7', '00004598c4a6e8f184b6a534b87a08f38822f764b1d5bb9b276a81a943febe9b', 4967, 'DB')",Start_time,2018-09-27 15:00:55.713834,End_time,2018-09-27 15:00:55.728793,Duration,0:00:00.014959
Task,"(238, '2018-09-27T19:01:06.223726', {'digest': '50E721E49C013F00C62CF59F2163542A9D8DF02464EFEB615D31051B0FDDC326'}, '0002fab1a7ff36f95b06bcbad373c60a7bc49f45f7f6cc85c137df21e93c6893', '000260860828c955c8078919406520375f4521aabfcedf24e990aa39940253c7', 1188, 'DB')",Start_time,2018-09-27 15:01:06.223726,End_time,2018-09-27 15:01:06.228717,Duration,0:00:00.004991
Task,"(239, '2018-09-27T19:01:06.242706', <LC.TB_data object at 0x0000016E06D53080>, '000c9c3b7f84711236f1ac38ae8f11f390eccc672a62c10d98524d741a627fd1', '0002fab1a7ff36f95b06bcbad373c60a7bc49f45f7f6cc85c137df21e93c6893', 6523, 'TB')",Start_time,2018-09-27 15:01:06.242706,End_time,2018-09-27 15:01:06.260663,Duration,0:00:00.017957
