Task,"(0, '2018-09-24T13:39:53.008378', 'Absolute Genesis Block', '0000d41e44d999fd50566631a9ad045a90806b799d7a3e28901c573e628ae90d', '0000000000000000000000000000000000000000000000000000000000000000', 1008, 'AGB')",Start_time,2018-09-24 09:39:53.008378,End_time,2018-09-24 09:39:53.012365,Duration,0:00:00.003987
Task,"(1, '2018-09-24T13:39:53.021341', {'digest': '50E721E49C013F00C62CF59F2163542A9D8DF02464EFEB615D31051B0FDDC326'}, '0004d8e187c844370847c585c1d460f49c2f6c4a963a5bb47a2e32787a12d85f', '0000d41e44d999fd50566631a9ad045a90806b799d7a3e28901c573e628ae90d', 2292, 'DB')",Start_time,2018-09-24 09:39:53.021341,End_time,2018-09-24 09:39:53.031315,Duration,0:00:00.009974
Task,"(2, '2018-09-24T13:39:53.661640', {'digest': '50E721E49C013F00C62CF59F2163542A9D8DF02464EFEB615D31051B0FDDC326'}, '00060d1d3747ee9314b258bda100c68ddf8154e72ba7f285b20089f06e107b04', '0004d8e187c844370847c585c1d460f49c2f6c4a963a5bb47a2e32787a12d85f', 11964, 'DB')",Start_time,2018-09-24 09:39:53.661640,End_time,2018-09-24 09:39:53.699527,Duration,0:00:00.037887
Task,"(3, '2018-09-24T13:39:54.387688', {'digest': '50E721E49C013F00C62CF59F2163542A9D8DF02464EFEB615D31051B0FDDC326'}, '0003730687cc1e8ebe6b6733dfaaf64842b69150b652d10b3161ec76dbec1aad', '00060d1d3747ee9314b258bda100c68ddf8154e72ba7f285b20089f06e107b04', 4379, 'DB')",Start_time,2018-09-24 09:39:54.387688,End_time,2018-09-24 09:39:54.402647,Duration,0:00:00.014959
Task,"(4, '2018-09-24T13:39:54.992073', {'digest': '50E721E49C013F00C62CF59F2163542A9D8DF02464EFEB615D31051B0FDDC326'}, '00079064d5a22b7058c53dc9ceb441bb620f4396eac5e5516e1944638a24798d', '0003730687cc1e8ebe6b6733dfaaf64842b69150b652d10b3161ec76dbec1aad', 1798, 'DB')",Start_time,2018-09-24 09:39:54.992073,End_time,2018-09-24 09:39:54.996060,Duration,0:00:00.003987
Task,"(5, '2018-09-24T13:39:55.548616', {'digest': '50E721E49C013F00C62CF59F2163542A9D8DF02464EFEB615D31051B0FDDC326'}, '000413c04a6dfe921d0672cdf2a95c62b719a77c54e6bd7a7c4b58393bd86147', '00079064d5a22b7058c53dc9ceb441bb620f4396eac5e5516e1944638a24798d', 1553, 'DB')",Start_time,2018-09-24 09:39:55.548616,End_time,2018-09-24 09:39:55.554602,Duration,0:00:00.005986
Task,"(6, '2018-09-24T13:39:56.057224', {'digest': '50E721E49C013F00C62CF59F2163542A9D8DF02464EFEB615D31051B0FDDC326'}, '000d0d7f7742339361b4b14b78447f9ab619a449c57125aa30ef895fb93ef13f', '000413c04a6dfe921d0672cdf2a95c62b719a77c54e6bd7a7c4b58393bd86147', 874, 'DB')",Start_time,2018-09-24 09:39:56.057224,End_time,2018-09-24 09:39:56.059220,Duration,0:00:00.001996
Task,"(7, '2018-09-24T13:39:56.568890', {'digest': '50E721E49C013F00C62CF59F2163542A9D8DF02464EFEB615D31051B0FDDC326'}, '000e3149456a3f5ab245d286c1f642a2276c1f3c01963d3fb3cac135fe8b5864', '000d0d7f7742339361b4b14b78447f9ab619a449c57125aa30ef895fb93ef13f', 2396, 'DB')",Start_time,2018-09-24 09:39:56.568890,End_time,2018-09-24 09:39:56.574873,Duration,0:00:00.005983
Task,"(8, '2018-09-24T13:39:57.060541', {'digest': '50E721E49C013F00C62CF59F2163542A9D8DF02464EFEB615D31051B0FDDC326'}, '000f353129857416c3f297d4875f566c402e0d8c9c2a6efb8c85b18b681dadca', '000e3149456a3f5ab245d286c1f642a2276c1f3c01963d3fb3cac135fe8b5864', 6360, 'DB')",Start_time,2018-09-24 09:39:57.060541,End_time,2018-09-24 09:39:57.072509,Duration,0:00:00.011968
Task,"(9, '2018-09-24T13:39:57.550266', {'digest': '50E721E49C013F00C62CF59F2163542A9D8DF02464EFEB615D31051B0FDDC326'}, '000a2fcddf776201ba8c8ec8107233fa50d2704e9cb4cb561d69981a561a11dc', '000f353129857416c3f297d4875f566c402e0d8c9c2a6efb8c85b18b681dadca', 2128, 'DB')",Start_time,2018-09-24 09:39:57.550266,End_time,2018-09-24 09:39:57.558211,Duration,0:00:00.007945
Task,"(10, '2018-09-24T13:39:58.252355', {'digest': '50E721E49C013F00C62CF59F2163542A9D8DF02464EFEB615D31051B0FDDC326'}, '0003816d5ef4c40a25fb7cd5d29183b6e66fd7a9de985e34090641447d0f1b7a', '000a2fcddf776201ba8c8ec8107233fa50d2704e9cb4cb561d69981a561a11dc', 1061, 'DB')",Start_time,2018-09-24 09:39:58.252355,End_time,2018-09-24 09:39:58.255348,Duration,0:00:00.002993
Task,"(11, '2018-09-24T13:39:58.262328', <LC.TB_data object at 0x000001F30FA36320>, '000b4deef204e77f92505986f9d689ca40b479525dfded996b3d990d48a321b1', '0003816d5ef4c40a25fb7cd5d29183b6e66fd7a9de985e34090641447d0f1b7a', 5122, 'TB')",Start_time,2018-09-24 09:39:58.262328,End_time,2018-09-24 09:39:58.279284,Duration,0:00:00.016956
Task,"(12, '2018-09-24T13:40:51.182382', 'Relative Genesis Block', '0004e161a0f97c9ea8a695170aca6fffc2a0559d23c04789f8733f36d22f809f', '000b4deef204e77f92505986f9d689ca40b479525dfded996b3d990d48a321b1', 3445, 'RGB')",Start_time,2018-09-24 09:40:51.182382,End_time,2018-09-24 09:40:51.193351,Duration,0:00:00.010969
Task,"(13, '2018-09-24T13:40:51.199336', {'digest': '50E721E49C013F00C62CF59F2163542A9D8DF02464EFEB615D31051B0FDDC326'}, '000def8ca81e8c485f056af2986564fb6536bc4f222104fc8dd67936a7c49dc4', '0004e161a0f97c9ea8a695170aca6fffc2a0559d23c04789f8733f36d22f809f', 2748, 'DB')",Start_time,2018-09-24 09:40:51.199336,End_time,2018-09-24 09:40:51.204324,Duration,0:00:00.004988
Task,"(14, '2018-09-24T13:40:51.697005', {'digest': '50E721E49C013F00C62CF59F2163542A9D8DF02464EFEB615D31051B0FDDC326'}, '000cf2d63c24c4f7ff6ad67175d0e1d0ac11308486395737aa42cb70b6068b3e', '000def8ca81e8c485f056af2986564fb6536bc4f222104fc8dd67936a7c49dc4', 5311, 'DB')",Start_time,2018-09-24 09:40:51.697005,End_time,2018-09-24 09:40:51.708973,Duration,0:00:00.011968
Task,"(15, '2018-09-24T13:40:52.384169', {'digest': '50E721E49C013F00C62CF59F2163542A9D8DF02464EFEB615D31051B0FDDC326'}, '000a604b7492de51fd0d2ae1de6eec66a94378dcf93d42ad3560505219ce459f', '000cf2d63c24c4f7ff6ad67175d0e1d0ac11308486395737aa42cb70b6068b3e', 1865, 'DB')",Start_time,2018-09-24 09:40:52.384169,End_time,2018-09-24 09:40:52.393145,Duration,0:00:00.008976
Task,"(16, '2018-09-24T13:40:52.931705', {'digest': '50E721E49C013F00C62CF59F2163542A9D8DF02464EFEB615D31051B0FDDC326'}, '00098062e65266f343ccb149df472e5d0768daa08733e705deaa96d6994615aa', '000a604b7492de51fd0d2ae1de6eec66a94378dcf93d42ad3560505219ce459f', 460, 'DB')",Start_time,2018-09-24 09:40:52.931705,End_time,2018-09-24 09:40:52.933698,Duration,0:00:00.001993
Task,"(17, '2018-09-24T13:40:53.437353', {'digest': '50E721E49C013F00C62CF59F2163542A9D8DF02464EFEB615D31051B0FDDC326'}, '0001cd20d2c33259b719282ecc481460175d9b59cc7685a19fb471874a797df0', '00098062e65266f343ccb149df472e5d0768daa08733e705deaa96d6994615aa', 4276, 'DB')",Start_time,2018-09-24 09:40:53.437353,End_time,2018-09-24 09:40:53.459295,Duration,0:00:00.021942
Task,"(18, '2018-09-24T13:40:53.952976', {'digest': '50E721E49C013F00C62CF59F2163542A9D8DF02464EFEB615D31051B0FDDC326'}, '00044b836d5cd60b5f9d2cd409b5ff35ad038f285ba56dc7f000aed984866650', '0001cd20d2c33259b719282ecc481460175d9b59cc7685a19fb471874a797df0', 821, 'DB')",Start_time,2018-09-24 09:40:53.952976,End_time,2018-09-24 09:40:53.955965,Duration,0:00:00.002989
Task,"(19, '2018-09-24T13:40:54.439680', {'digest': '50E721E49C013F00C62CF59F2163542A9D8DF02464EFEB615D31051B0FDDC326'}, '000c91f6cdb0b24759fe32a8a6e94f32bc169eed78416778cbb2e8c243b3643c', '00044b836d5cd60b5f9d2cd409b5ff35ad038f285ba56dc7f000aed984866650', 687, 'DB')",Start_time,2018-09-24 09:40:54.439680,End_time,2018-09-24 09:40:54.442681,Duration,0:00:00.003001
Task,"(20, '2018-09-24T13:40:54.941332', {'digest': '50E721E49C013F00C62CF59F2163542A9D8DF02464EFEB615D31051B0FDDC326'}, '000dc42d1fac168aa5a0cccf3f2ba874d9c4a10c254409f6259396c1c067439b', '000c91f6cdb0b24759fe32a8a6e94f32bc169eed78416778cbb2e8c243b3643c', 1365, 'DB')",Start_time,2018-09-24 09:40:54.941332,End_time,2018-09-24 09:40:54.944324,Duration,0:00:00.002992
Task,"(21, '2018-09-24T13:40:55.434014', {'digest': '50E721E49C013F00C62CF59F2163542A9D8DF02464EFEB615D31051B0FDDC326'}, '00086afbdceb7689a2afb01f5a55c3ff725627f8c40a180dee86246be3bbad94', '000dc42d1fac168aa5a0cccf3f2ba874d9c4a10c254409f6259396c1c067439b', 7722, 'DB')",Start_time,2018-09-24 09:40:55.434014,End_time,2018-09-24 09:40:55.454957,Duration,0:00:00.020943
Task,"(22, '2018-09-24T13:40:56.136137', {'digest': '50E721E49C013F00C62CF59F2163542A9D8DF02464EFEB615D31051B0FDDC326'}, '000a5ff3cccd20dc7611ac2783819d65491071bedbe9fd52a5e85f801e786920', '00086afbdceb7689a2afb01f5a55c3ff725627f8c40a180dee86246be3bbad94', 5540, 'DB')",Start_time,2018-09-24 09:40:56.136137,End_time,2018-09-24 09:40:56.159075,Duration,0:00:00.022938
Task,"(23, '2018-09-24T13:40:56.166056', <LC.TB_data object at 0x000001F30FAF8048>, '0003cf78a44c0681bf21b579239eb331266e7a550abf1b9e4974664f3aceb23f', '000a5ff3cccd20dc7611ac2783819d65491071bedbe9fd52a5e85f801e786920', 106, 'TB')",Start_time,2018-09-24 09:40:56.166056,End_time,2018-09-24 09:40:56.166056,Duration,0:00:00
Task,"(24, '2018-09-24T13:41:07.302452', 'Relative Genesis Block', '00056866623f05211e824a14ede3b267d0e7e7e1dad66d6cc08706daf591f190', '0003cf78a44c0681bf21b579239eb331266e7a550abf1b9e4974664f3aceb23f', 1987, 'RGB')",Start_time,2018-09-24 09:41:07.302452,End_time,2018-09-24 09:41:07.306441,Duration,0:00:00.003989
Task,"(25, '2018-09-24T13:41:07.312465', {'digest': '50E721E49C013F00C62CF59F2163542A9D8DF02464EFEB615D31051B0FDDC326'}, '0003eff5178abff65b54d0345bfc98ec5343942bbf60bc76fc5580f12507663e', '00056866623f05211e824a14ede3b267d0e7e7e1dad66d6cc08706daf591f190', 9607, 'DB')",Start_time,2018-09-24 09:41:07.312465,End_time,2018-09-24 09:41:07.339354,Duration,0:00:00.026889
Task,"(26, '2018-09-24T13:41:07.825055', {'digest': '50E721E49C013F00C62CF59F2163542A9D8DF02464EFEB615D31051B0FDDC326'}, '00069e4512421c4ff3e7fe03c317761de0ee0b800e1e39a1910049154e81588d', '0003eff5178abff65b54d0345bfc98ec5343942bbf60bc76fc5580f12507663e', 4048, 'DB')",Start_time,2018-09-24 09:41:07.825055,End_time,2018-09-24 09:41:07.837022,Duration,0:00:00.011967
Task,"(27, '2018-09-24T13:41:08.526183', {'digest': '50E721E49C013F00C62CF59F2163542A9D8DF02464EFEB615D31051B0FDDC326'}, '000a2bb2f0fe8513da887fd12814172de92fb5c45408246ad462b41d394b0ca1', '00069e4512421c4ff3e7fe03c317761de0ee0b800e1e39a1910049154e81588d', 370, 'DB')",Start_time,2018-09-24 09:41:08.526183,End_time,2018-09-24 09:41:08.528174,Duration,0:00:00.001991
Task,"(28, '2018-09-24T13:41:09.053772', {'digest': '50E721E49C013F00C62CF59F2163542A9D8DF02464EFEB615D31051B0FDDC326'}, '000d3b4d8ea4c84888f0da8c36171f36e89cb09b4071a2c6a6512a5a8419d003', '000a2bb2f0fe8513da887fd12814172de92fb5c45408246ad462b41d394b0ca1', 6098, 'DB')",Start_time,2018-09-24 09:41:09.053772,End_time,2018-09-24 09:41:09.066734,Duration,0:00:00.012962
Task,"(29, '2018-09-24T13:41:09.549445', {'digest': '50E721E49C013F00C62CF59F2163542A9D8DF02464EFEB615D31051B0FDDC326'}, '000a4cbf014d37db5235f01cfb53cbf3eb18289c6b2ba25e3228f2f0a461b32c', '000d3b4d8ea4c84888f0da8c36171f36e89cb09b4071a2c6a6512a5a8419d003', 899, 'DB')",Start_time,2018-09-24 09:41:09.549445,End_time,2018-09-24 09:41:09.552469,Duration,0:00:00.003024
Task,"(30, '2018-09-24T13:41:10.149839', {'digest': '50E721E49C013F00C62CF59F2163542A9D8DF02464EFEB615D31051B0FDDC326'}, '000e1227be2e464eba84c7de4de70d7f6048844a875a112743a7722933f836ee', '000a4cbf014d37db5235f01cfb53cbf3eb18289c6b2ba25e3228f2f0a461b32c', 4592, 'DB')",Start_time,2018-09-24 09:41:10.149839,End_time,2018-09-24 09:41:10.162804,Duration,0:00:00.012965
Task,"(31, '2018-09-24T13:41:10.648540', {'digest': '50E721E49C013F00C62CF59F2163542A9D8DF02464EFEB615D31051B0FDDC326'}, '0000a5f2a7d6004549c1f5eee4d4bf77824898a86df4ce10107d0a2d2503aaf1', '000e1227be2e464eba84c7de4de70d7f6048844a875a112743a7722933f836ee', 6413, 'DB')",Start_time,2018-09-24 09:41:10.648540,End_time,2018-09-24 09:41:10.666489,Duration,0:00:00.017949
Task,"(32, '2018-09-24T13:41:11.136205', {'digest': '50E721E49C013F00C62CF59F2163542A9D8DF02464EFEB615D31051B0FDDC326'}, '000d92d02cfa817f466f55810e7773984957c376260f6bd293f4d83771bd608a', '0000a5f2a7d6004549c1f5eee4d4bf77824898a86df4ce10107d0a2d2503aaf1', 661, 'DB')",Start_time,2018-09-24 09:41:11.136205,End_time,2018-09-24 09:41:11.137199,Duration,0:00:00.000994
Task,"(33, '2018-09-24T13:41:11.631878', {'digest': '50E721E49C013F00C62CF59F2163542A9D8DF02464EFEB615D31051B0FDDC326'}, '000d3ccaaf414924c61c1698011279396ba111d7f0783f9887863c29150d3059', '000d92d02cfa817f466f55810e7773984957c376260f6bd293f4d83771bd608a', 2300, 'DB')",Start_time,2018-09-24 09:41:11.631878,End_time,2018-09-24 09:41:11.636864,Duration,0:00:00.004986
Task,"(34, '2018-09-24T13:41:12.117579', {'digest': '50E721E49C013F00C62CF59F2163542A9D8DF02464EFEB615D31051B0FDDC326'}, '000a1cc9683b8f24dc24bcd32612a5b5b539f27aa4d7399a2d2d8ec992e79960', '000d3ccaaf414924c61c1698011279396ba111d7f0783f9887863c29150d3059', 12639, 'DB')",Start_time,2018-09-24 09:41:12.117579,End_time,2018-09-24 09:41:12.151521,Duration,0:00:00.033942
Task,"(35, '2018-09-24T13:41:12.157471', <LC.TB_data object at 0x000001F30FB13DD8>, '00052dd3366b3bdf41f3f1040c32b54f1672d78ee50c88511d2e6b28cd4bea47', '000a1cc9683b8f24dc24bcd32612a5b5b539f27aa4d7399a2d2d8ec992e79960', 4028, 'TB')",Start_time,2018-09-24 09:41:12.157471,End_time,2018-09-24 09:41:12.167444,Duration,0:00:00.009973
Task,"(36, '2018-09-24T13:41:23.981383', 'Relative Genesis Block', '00018d4fe2ec896ca1d4e889bf3b9c528ff1376fce5eb7b026b229a16dedc852', '00052dd3366b3bdf41f3f1040c32b54f1672d78ee50c88511d2e6b28cd4bea47', 2623, 'RGB')",Start_time,2018-09-24 09:41:23.981383,End_time,2018-09-24 09:41:23.992341,Duration,0:00:00.010958
Task,"(37, '2018-09-24T13:41:23.998359', {'digest': '50E721E49C013F00C62CF59F2163542A9D8DF02464EFEB615D31051B0FDDC326'}, '00053840ae1779aadae1105908d15f5bc9e93d0500c823dc605770a631fbb2df', '00018d4fe2ec896ca1d4e889bf3b9c528ff1376fce5eb7b026b229a16dedc852', 2018, 'DB')",Start_time,2018-09-24 09:41:23.998359,End_time,2018-09-24 09:41:24.007335,Duration,0:00:00.008976
Task,"(38, '2018-09-24T13:41:24.502976', {'digest': '50E721E49C013F00C62CF59F2163542A9D8DF02464EFEB615D31051B0FDDC326'}, '000c284db9a68810f321caa16401b88248818752bc86a07e851e02737d86099b', '00053840ae1779aadae1105908d15f5bc9e93d0500c823dc605770a631fbb2df', 1637, 'DB')",Start_time,2018-09-24 09:41:24.502976,End_time,2018-09-24 09:41:24.507998,Duration,0:00:00.005022
Task,"(39, '2018-09-24T13:41:25.184157', {'digest': '50E721E49C013F00C62CF59F2163542A9D8DF02464EFEB615D31051B0FDDC326'}, '000b331239deff2a037563e9c520e6efc973e77ef70834fcfea5b815981c500e', '000c284db9a68810f321caa16401b88248818752bc86a07e851e02737d86099b', 11177, 'DB')",Start_time,2018-09-24 09:41:25.184157,End_time,2018-09-24 09:41:25.222088,Duration,0:00:00.037931
Task,"(40, '2018-09-24T13:41:25.730695', {'digest': '50E721E49C013F00C62CF59F2163542A9D8DF02464EFEB615D31051B0FDDC326'}, '0008b05c648ce5db4774449f521debbe777ece0da0aeb02d49c5072265658a5c', '000b331239deff2a037563e9c520e6efc973e77ef70834fcfea5b815981c500e', 4029, 'DB')",Start_time,2018-09-24 09:41:25.730695,End_time,2018-09-24 09:41:25.751638,Duration,0:00:00.020943
Task,"(41, '2018-09-24T13:41:26.231357', {'digest': '50E721E49C013F00C62CF59F2163542A9D8DF02464EFEB615D31051B0FDDC326'}, '000df409679a1f5398c687f72f549ca46b85cfce3c18039061e64e3333db48a1', '0008b05c648ce5db4774449f521debbe777ece0da0aeb02d49c5072265658a5c', 8248, 'DB')",Start_time,2018-09-24 09:41:26.231357,End_time,2018-09-24 09:41:26.259280,Duration,0:00:00.027923
Task,"(42, '2018-09-24T13:41:26.963399', {'digest': '50E721E49C013F00C62CF59F2163542A9D8DF02464EFEB615D31051B0FDDC326'}, '000db35146f12c1ded32c4533a1e6779a01d467df5a7caf310f277b27bb4c049', '000df409679a1f5398c687f72f549ca46b85cfce3c18039061e64e3333db48a1', 479, 'DB')",Start_time,2018-09-24 09:41:26.963399,End_time,2018-09-24 09:41:26.966390,Duration,0:00:00.002991
Task,"(43, '2018-09-24T13:41:27.452093', {'digest': '50E721E49C013F00C62CF59F2163542A9D8DF02464EFEB615D31051B0FDDC326'}, '000a97553656cab47b506b1fde87c0d644c8470c8eb983d03ba341a6763c6d4a', '000db35146f12c1ded32c4533a1e6779a01d467df5a7caf310f277b27bb4c049', 1345, 'DB')",Start_time,2018-09-24 09:41:27.452093,End_time,2018-09-24 09:41:27.455084,Duration,0:00:00.002991
Task,"(44, '2018-09-24T13:41:27.947768', {'digest': '50E721E49C013F00C62CF59F2163542A9D8DF02464EFEB615D31051B0FDDC326'}, '000a3470b4007fe832dcc70b67d733a95a584350234e587ad304e25fe1458d78', '000a97553656cab47b506b1fde87c0d644c8470c8eb983d03ba341a6763c6d4a', 1230, 'DB')",Start_time,2018-09-24 09:41:27.947768,End_time,2018-09-24 09:41:27.949762,Duration,0:00:00.001994
Task,"(45, '2018-09-24T13:41:28.465384', {'digest': '50E721E49C013F00C62CF59F2163542A9D8DF02464EFEB615D31051B0FDDC326'}, '0007404123b161a1c8a87c27a40248bb9b29aaf98279fc03e99696353bd14397', '000a3470b4007fe832dcc70b67d733a95a584350234e587ad304e25fe1458d78', 4, 'DB')",Start_time,2018-09-24 09:41:28.465384,End_time,2018-09-24 09:41:28.465384,Duration,0:00:00
Task,"(46, '2018-09-24T13:41:28.995965', {'digest': '50E721E49C013F00C62CF59F2163542A9D8DF02464EFEB615D31051B0FDDC326'}, '0005cd224d4bf97d0c30bd458ea809b6f92ceab29ef7c8a3232726da95f27a81', '0007404123b161a1c8a87c27a40248bb9b29aaf98279fc03e99696353bd14397', 10362, 'DB')",Start_time,2018-09-24 09:41:28.995965,End_time,2018-09-24 09:41:29.027924,Duration,0:00:00.031959
Task,"(47, '2018-09-24T13:41:29.032868', <LC.TB_data object at 0x000001F30FB3B390>, '000d39f1124b6463ccd182756db33ef15c35794ff3ca7a0fddad81c4dfc31f32', '0005cd224d4bf97d0c30bd458ea809b6f92ceab29ef7c8a3232726da95f27a81', 2329, 'TB')",Start_time,2018-09-24 09:41:29.032868,End_time,2018-09-24 09:41:29.037851,Duration,0:00:00.004983
Task,"(48, '2018-09-24T13:41:40.185769', 'Relative Genesis Block', '000aa57ad5974e80b27e6157d38bfd7b7f8135ff2741fa522d416a3fdd047440', '000d39f1124b6463ccd182756db33ef15c35794ff3ca7a0fddad81c4dfc31f32', 696, 'RGB')",Start_time,2018-09-24 09:41:40.185769,End_time,2018-09-24 09:41:40.188761,Duration,0:00:00.002992
Task,"(49, '2018-09-24T13:41:40.194745', {'digest': '50E721E49C013F00C62CF59F2163542A9D8DF02464EFEB615D31051B0FDDC326'}, '000ce0ba53650e62ade602be80839cee8e04daec9ac1f31295cf31bd9abbe241', '000aa57ad5974e80b27e6157d38bfd7b7f8135ff2741fa522d416a3fdd047440', 5495, 'DB')",Start_time,2018-09-24 09:41:40.194745,End_time,2018-09-24 09:41:40.209703,Duration,0:00:00.014958
Task,"(50, '2018-09-24T13:41:40.868973', {'digest': '50E721E49C013F00C62CF59F2163542A9D8DF02464EFEB615D31051B0FDDC326'}, '000b388d9a9627a22709bc98da0876638aa33e1c944414e35ffa4ee23cef63fa', '000ce0ba53650e62ade602be80839cee8e04daec9ac1f31295cf31bd9abbe241', 961, 'DB')",Start_time,2018-09-24 09:41:40.868973,End_time,2018-09-24 09:41:40.870935,Duration,0:00:00.001962
Task,"(51, '2018-09-24T13:41:41.393545', {'digest': '50E721E49C013F00C62CF59F2163542A9D8DF02464EFEB615D31051B0FDDC326'}, '0002b1c29378de545c461ca23c2b6794d86cbd487a285347ce418492aa0b8eec', '000b388d9a9627a22709bc98da0876638aa33e1c944414e35ffa4ee23cef63fa', 4976, 'DB')",Start_time,2018-09-24 09:41:41.393545,End_time,2018-09-24 09:41:41.402514,Duration,0:00:00.008969
Task,"(52, '2018-09-24T13:41:41.892206', {'digest': '50E721E49C013F00C62CF59F2163542A9D8DF02464EFEB615D31051B0FDDC326'}, '000dc91baad0828e0a61112285c388ce591278412e15dc9745d051cad99aecc7', '0002b1c29378de545c461ca23c2b6794d86cbd487a285347ce418492aa0b8eec', 222, 'DB')",Start_time,2018-09-24 09:41:41.892206,End_time,2018-09-24 09:41:41.893203,Duration,0:00:00.000997
Task,"(53, '2018-09-24T13:41:42.581363', {'digest': '50E721E49C013F00C62CF59F2163542A9D8DF02464EFEB615D31051B0FDDC326'}, '0006ee56408453962ffff530e57af01880c9e5b302c029e98d988d8cdce67e30', '000dc91baad0828e0a61112285c388ce591278412e15dc9745d051cad99aecc7', 1981, 'DB')",Start_time,2018-09-24 09:41:42.581363,End_time,2018-09-24 09:41:42.585351,Duration,0:00:00.003988
Task,"(54, '2018-09-24T13:41:43.117933', {'digest': '50E721E49C013F00C62CF59F2163542A9D8DF02464EFEB615D31051B0FDDC326'}, '000e49b0349781786f6ebd835488003ca4c43b3a811469544991931a0c64c17d', '0006ee56408453962ffff530e57af01880c9e5b302c029e98d988d8cdce67e30', 5287, 'DB')",Start_time,2018-09-24 09:41:43.117933,End_time,2018-09-24 09:41:43.142861,Duration,0:00:00.024928
Task,"(55, '2018-09-24T13:41:43.617593', {'digest': '50E721E49C013F00C62CF59F2163542A9D8DF02464EFEB615D31051B0FDDC326'}, '000b6625a7f443212a01939abb2c022f4390afe277a66006ea21b64a8c0567e1', '000e49b0349781786f6ebd835488003ca4c43b3a811469544991931a0c64c17d', 29, 'DB')",Start_time,2018-09-24 09:41:43.617593,End_time,2018-09-24 09:41:43.618589,Duration,0:00:00.000996
Task,"(56, '2018-09-24T13:41:44.140197', {'digest': '50E721E49C013F00C62CF59F2163542A9D8DF02464EFEB615D31051B0FDDC326'}, '000443d2b49f396fec6ca9ad296d1f2fa023f01560c655b073e0d2fa443b9ea1', '000b6625a7f443212a01939abb2c022f4390afe277a66006ea21b64a8c0567e1', 2943, 'DB')",Start_time,2018-09-24 09:41:44.140197,End_time,2018-09-24 09:41:44.161138,Duration,0:00:00.020941
Task,"(57, '2018-09-24T13:41:44.640858', {'digest': '50E721E49C013F00C62CF59F2163542A9D8DF02464EFEB615D31051B0FDDC326'}, '00041579e564083d39e92fe157bf632ffd87fce80cbefc8d3ce0b7399232d4cf', '000443d2b49f396fec6ca9ad296d1f2fa023f01560c655b073e0d2fa443b9ea1', 846, 'DB')",Start_time,2018-09-24 09:41:44.640858,End_time,2018-09-24 09:41:44.644846,Duration,0:00:00.003988
Task,"(58, '2018-09-24T13:41:45.133541', {'digest': '50E721E49C013F00C62CF59F2163542A9D8DF02464EFEB615D31051B0FDDC326'}, '000fde130aeb1f9bbd8df2a93f70b64b16755f86f77f7de6b74111dd7193bf7c', '00041579e564083d39e92fe157bf632ffd87fce80cbefc8d3ce0b7399232d4cf', 9559, 'DB')",Start_time,2018-09-24 09:41:45.133541,End_time,2018-09-24 09:41:45.156486,Duration,0:00:00.022945
Task,"(59, '2018-09-24T13:41:45.163462', <LC.TB_data object at 0x000001F30FB6B3C8>, '000d674fe86b2c1bf12c3f37e03514a84d24bee162426b3f8775ff3f35ba90f3', '000fde130aeb1f9bbd8df2a93f70b64b16755f86f77f7de6b74111dd7193bf7c', 2912, 'TB')",Start_time,2018-09-24 09:41:45.163462,End_time,2018-09-24 09:41:45.170474,Duration,0:00:00.007012
Task,"(60, '2018-09-24T13:41:56.338143', 'Relative Genesis Block', '0004e1cd4406abb5d48ced834766c11a29797f8aa5e559df37cb9af44d33df6f', '000d674fe86b2c1bf12c3f37e03514a84d24bee162426b3f8775ff3f35ba90f3', 1558, 'RGB')",Start_time,2018-09-24 09:41:56.338143,End_time,2018-09-24 09:41:56.343129,Duration,0:00:00.004986
Task,"(61, '2018-09-24T13:41:56.349114', {'digest': '50E721E49C013F00C62CF59F2163542A9D8DF02464EFEB615D31051B0FDDC326'}, '0007c6c4a36c6b363481ab2c26e6d49ca88aee529efe6c5ed9a0edb229009d19', '0004e1cd4406abb5d48ced834766c11a29797f8aa5e559df37cb9af44d33df6f', 891, 'DB')",Start_time,2018-09-24 09:41:56.349114,End_time,2018-09-24 09:41:56.352105,Duration,0:00:00.002991
Task,"(62, '2018-09-24T13:41:56.837840', {'digest': '50E721E49C013F00C62CF59F2163542A9D8DF02464EFEB615D31051B0FDDC326'}, '00060b0b216703440a990e9bc5851e9506e93cd7e24bfbbb806444243cd3d2fa', '0007c6c4a36c6b363481ab2c26e6d49ca88aee529efe6c5ed9a0edb229009d19', 7403, 'DB')",Start_time,2018-09-24 09:41:56.837840,End_time,2018-09-24 09:41:56.856757,Duration,0:00:00.018917
Task,"(63, '2018-09-24T13:41:57.328496', {'digest': '50E721E49C013F00C62CF59F2163542A9D8DF02464EFEB615D31051B0FDDC326'}, '0006644a71bec17d025a9541b6686f6b6dd7925667467b8f50e9e1740a9bed53', '00060b0b216703440a990e9bc5851e9506e93cd7e24bfbbb806444243cd3d2fa', 2499, 'DB')",Start_time,2018-09-24 09:41:57.328496,End_time,2018-09-24 09:41:57.335477,Duration,0:00:00.006981
Task,"(64, '2018-09-24T13:41:57.819185', {'digest': '50E721E49C013F00C62CF59F2163542A9D8DF02464EFEB615D31051B0FDDC326'}, '000925c08e192c114895c696370e0114a5dfd456a79b3258d2a23612f350f78a', '0006644a71bec17d025a9541b6686f6b6dd7925667467b8f50e9e1740a9bed53', 385, 'DB')",Start_time,2018-09-24 09:41:57.819185,End_time,2018-09-24 09:41:57.821178,Duration,0:00:00.001993
Task,"(65, '2018-09-24T13:41:58.306880', {'digest': '50E721E49C013F00C62CF59F2163542A9D8DF02464EFEB615D31051B0FDDC326'}, '000b55c5e2719be5d3dff7a531de5d2bf64af0f5f7429acadbf0b2ecaa8c73b5', '000925c08e192c114895c696370e0114a5dfd456a79b3258d2a23612f350f78a', 1539, 'DB')",Start_time,2018-09-24 09:41:58.306880,End_time,2018-09-24 09:41:58.312865,Duration,0:00:00.005985
Task,"(66, '2018-09-24T13:41:58.801559', {'digest': '50E721E49C013F00C62CF59F2163542A9D8DF02464EFEB615D31051B0FDDC326'}, '000ec829f1c83111371355bd23d13be0a00c95bc514f84c4547d235c7849b394', '000b55c5e2719be5d3dff7a531de5d2bf64af0f5f7429acadbf0b2ecaa8c73b5', 5751, 'DB')",Start_time,2018-09-24 09:41:58.801559,End_time,2018-09-24 09:41:58.823501,Duration,0:00:00.021942
Task,"(67, '2018-09-24T13:41:59.294241', {'digest': '50E721E49C013F00C62CF59F2163542A9D8DF02464EFEB615D31051B0FDDC326'}, '000cd918e715fdb4eee4dcb2961ece0c37990a4f6652a64bae9d0a28bba4d682', '000ec829f1c83111371355bd23d13be0a00c95bc514f84c4547d235c7849b394', 4880, 'DB')",Start_time,2018-09-24 09:41:59.294241,End_time,2018-09-24 09:41:59.316181,Duration,0:00:00.021940
Task,"(68, '2018-09-24T13:41:59.983400', {'digest': '50E721E49C013F00C62CF59F2163542A9D8DF02464EFEB615D31051B0FDDC326'}, '000aae38127c037347ecc7ae3eab983f9ebfc409574ba168282edc3930c1b6fe', '000cd918e715fdb4eee4dcb2961ece0c37990a4f6652a64bae9d0a28bba4d682', 397, 'DB')",Start_time,2018-09-24 09:41:59.983400,End_time,2018-09-24 09:41:59.984397,Duration,0:00:00.000997
Task,"(69, '2018-09-24T13:42:00.516971', {'digest': '50E721E49C013F00C62CF59F2163542A9D8DF02464EFEB615D31051B0FDDC326'}, '00076a1873bcdadc686016d4f60ac5bff0e16cbf80ab135c2d419760cd2d7a9e', '000aae38127c037347ecc7ae3eab983f9ebfc409574ba168282edc3930c1b6fe', 570, 'DB')",Start_time,2018-09-24 09:42:00.516971,End_time,2018-09-24 09:42:00.517969,Duration,0:00:00.000998
Task,"(70, '2018-09-24T13:42:01.024615', {'digest': '50E721E49C013F00C62CF59F2163542A9D8DF02464EFEB615D31051B0FDDC326'}, '0000ac6e4259da7b39646f29a12884e18fd245bafc105499a2faa16a148caf2c', '00076a1873bcdadc686016d4f60ac5bff0e16cbf80ab135c2d419760cd2d7a9e', 870, 'DB')",Start_time,2018-09-24 09:42:01.024615,End_time,2018-09-24 09:42:01.026609,Duration,0:00:00.001994
Task,"(71, '2018-09-24T13:42:01.033589', <LC.TB_data object at 0x000001F30FB21048>, '00079cd9b3e37cf758b8727b1f8b893e8c30f2f94e54f34376c73b47345ecfcd', '0000ac6e4259da7b39646f29a12884e18fd245bafc105499a2faa16a148caf2c', 13709, 'TB')",Start_time,2018-09-24 09:42:01.033589,End_time,2018-09-24 09:42:01.072485,Duration,0:00:00.038896
Task,"(72, '2018-09-24T13:42:22.825000', 'Relative Genesis Block', '000bb93adcb577b6be6376a684e3c1248b6aea2896dc22c1722f6eac05e2eee5', '00079cd9b3e37cf758b8727b1f8b893e8c30f2f94e54f34376c73b47345ecfcd', 1336, 'RGB')",Start_time,2018-09-24 09:42:22.825000,End_time,2018-09-24 09:42:22.827992,Duration,0:00:00.002992
Task,"(73, '2018-09-24T13:42:22.833974', {'digest': '50E721E49C013F00C62CF59F2163542A9D8DF02464EFEB615D31051B0FDDC326'}, '000aaacecb76679d0cfaba300f2b2163e52c4f45a43eebbb24bca106bdd97f05', '000bb93adcb577b6be6376a684e3c1248b6aea2896dc22c1722f6eac05e2eee5', 727, 'DB')",Start_time,2018-09-24 09:42:22.833974,End_time,2018-09-24 09:42:22.836967,Duration,0:00:00.002993
Task,"(74, '2018-09-24T13:42:23.379526', {'digest': '50E721E49C013F00C62CF59F2163542A9D8DF02464EFEB615D31051B0FDDC326'}, '000b032a86b1eacbb1e935e81d6158a59fc69e17adbd4a415158b23c49cd7795', '000aaacecb76679d0cfaba300f2b2163e52c4f45a43eebbb24bca106bdd97f05', 781, 'DB')",Start_time,2018-09-24 09:42:23.379526,End_time,2018-09-24 09:42:23.381512,Duration,0:00:00.001986
Task,"(75, '2018-09-24T13:42:24.056740', {'digest': '50E721E49C013F00C62CF59F2163542A9D8DF02464EFEB615D31051B0FDDC326'}, '0002e8f5cdae82198cbef7d3bac94031c96dadfbd8dcc7f5e6204feb3e6b157d', '000b032a86b1eacbb1e935e81d6158a59fc69e17adbd4a415158b23c49cd7795', 2342, 'DB')",Start_time,2018-09-24 09:42:24.056740,End_time,2018-09-24 09:42:24.066679,Duration,0:00:00.009939
Task,"(76, '2018-09-24T13:42:24.553378', {'digest': '50E721E49C013F00C62CF59F2163542A9D8DF02464EFEB615D31051B0FDDC326'}, '000d7b33940023bf6f42e1c1631632966616ce2b3d0d568b6ae9989cc54f1180', '0002e8f5cdae82198cbef7d3bac94031c96dadfbd8dcc7f5e6204feb3e6b157d', 5181, 'DB')",Start_time,2018-09-24 09:42:24.553378,End_time,2018-09-24 09:42:24.564350,Duration,0:00:00.010972
Task,"(77, '2018-09-24T13:42:25.042104', {'digest': '50E721E49C013F00C62CF59F2163542A9D8DF02464EFEB615D31051B0FDDC326'}, '000148e0e9eeecfe5cda60cc3dc4ed973b9660157ef9f82a9ed3f7ed86cb8d1a', '000d7b33940023bf6f42e1c1631632966616ce2b3d0d568b6ae9989cc54f1180', 412, 'DB')",Start_time,2018-09-24 09:42:25.042104,End_time,2018-09-24 09:42:25.044101,Duration,0:00:00.001997
Task,"(78, '2018-09-24T13:42:25.534755', {'digest': '50E721E49C013F00C62CF59F2163542A9D8DF02464EFEB615D31051B0FDDC326'}, '00042ced234b6110c2dab4197e32917407bc2cc3dbc73e08ba9d9ce03e257af7', '000148e0e9eeecfe5cda60cc3dc4ed973b9660157ef9f82a9ed3f7ed86cb8d1a', 7549, 'DB')",Start_time,2018-09-24 09:42:25.534755,End_time,2018-09-24 09:42:25.559687,Duration,0:00:00.024932
Task,"(79, '2018-09-24T13:42:26.033425', {'digest': '50E721E49C013F00C62CF59F2163542A9D8DF02464EFEB615D31051B0FDDC326'}, '000102485757d38232ed9f78a752a3835afc5a4fc6a986cf833a863496c975d7', '00042ced234b6110c2dab4197e32917407bc2cc3dbc73e08ba9d9ce03e257af7', 5355, 'DB')",Start_time,2018-09-24 09:42:26.033425,End_time,2018-09-24 09:42:26.064340,Duration,0:00:00.030915
Task,"(80, '2018-09-24T13:42:26.534085', {'digest': '50E721E49C013F00C62CF59F2163542A9D8DF02464EFEB615D31051B0FDDC326'}, '000c1ec845735dc584fcfaa01a87893a38c6c8d8e46a20e3f0737dead3d0bf23', '000102485757d38232ed9f78a752a3835afc5a4fc6a986cf833a863496c975d7', 1129, 'DB')",Start_time,2018-09-24 09:42:26.534085,End_time,2018-09-24 09:42:26.536078,Duration,0:00:00.001993
Task,"(81, '2018-09-24T13:42:27.029759', {'digest': '50E721E49C013F00C62CF59F2163542A9D8DF02464EFEB615D31051B0FDDC326'}, '000f45929193112c05f8e0a3e58c11f5e63c8b805c03bbbedfc43c090def29d1', '000c1ec845735dc584fcfaa01a87893a38c6c8d8e46a20e3f0737dead3d0bf23', 12004, 'DB')",Start_time,2018-09-24 09:42:27.029759,End_time,2018-09-24 09:42:27.064665,Duration,0:00:00.034906
Task,"(82, '2018-09-24T13:42:27.735870', {'digest': '50E721E49C013F00C62CF59F2163542A9D8DF02464EFEB615D31051B0FDDC326'}, '00000a4feb5e1438e168543cecdb9766b50d7d27b14d19d7d54cf2492f629bba', '000f45929193112c05f8e0a3e58c11f5e63c8b805c03bbbedfc43c090def29d1', 5297, 'DB')",Start_time,2018-09-24 09:42:27.735870,End_time,2018-09-24 09:42:27.750830,Duration,0:00:00.014960
Task,"(83, '2018-09-24T13:42:27.756813', <LC.TB_data object at 0x000001F30FB132B0>, '000ff472f9ec7f3ec97ad7b393d3cee56ff157d2d32fc0eddd69f939d49a4f7b', '00000a4feb5e1438e168543cecdb9766b50d7d27b14d19d7d54cf2492f629bba', 9618, 'TB')",Start_time,2018-09-24 09:42:27.756813,End_time,2018-09-24 09:42:27.779752,Duration,0:00:00.022939
Task,"(84, '2018-09-24T13:43:09.200214', 'Relative Genesis Block', '0000bd995723e16ad6e0cc947c10f5959662bcdd0c0f1e2fa1f97bb8eadf4936', '000ff472f9ec7f3ec97ad7b393d3cee56ff157d2d32fc0eddd69f939d49a4f7b', 12335, 'RGB')",Start_time,2018-09-24 09:43:09.200214,End_time,2018-09-24 09:43:09.235121,Duration,0:00:00.034907
Task,"(85, '2018-09-24T13:43:09.241105', {'digest': '50E721E49C013F00C62CF59F2163542A9D8DF02464EFEB615D31051B0FDDC326'}, '000c3a5462e022e83ceb66ee4ec9f5d48b5b5795669793c8bb856af74809bc37', '0000bd995723e16ad6e0cc947c10f5959662bcdd0c0f1e2fa1f97bb8eadf4936', 359, 'DB')",Start_time,2018-09-24 09:43:09.241105,End_time,2018-09-24 09:43:09.242135,Duration,0:00:00.001030
Task,"(86, '2018-09-24T13:43:09.766700', {'digest': '50E721E49C013F00C62CF59F2163542A9D8DF02464EFEB615D31051B0FDDC326'}, '00046a8cc2f1e1847a5a60d0ebd74b8b16dcfd01ebdfa439b8b1f77be1e5dec4', '000c3a5462e022e83ceb66ee4ec9f5d48b5b5795669793c8bb856af74809bc37', 70, 'DB')",Start_time,2018-09-24 09:43:09.766700,End_time,2018-09-24 09:43:09.766700,Duration,0:00:00
Task,"(87, '2018-09-24T13:43:10.465831', {'digest': '50E721E49C013F00C62CF59F2163542A9D8DF02464EFEB615D31051B0FDDC326'}, '000133baf8935f97140acebbe82a41f2697a3968838cf07f0878cb1a3208dc4d', '00046a8cc2f1e1847a5a60d0ebd74b8b16dcfd01ebdfa439b8b1f77be1e5dec4', 5207, 'DB')",Start_time,2018-09-24 09:43:10.465831,End_time,2018-09-24 09:43:10.482784,Duration,0:00:00.016953
Task,"(88, '2018-09-24T13:43:10.978461', {'digest': '50E721E49C013F00C62CF59F2163542A9D8DF02464EFEB615D31051B0FDDC326'}, '000f6fe9403bb1f37c905d3456a12eb7f45fd843a6e96d14cbac0cfd74b7b130', '000133baf8935f97140acebbe82a41f2697a3968838cf07f0878cb1a3208dc4d', 6065, 'DB')",Start_time,2018-09-24 09:43:10.978461,End_time,2018-09-24 09:43:10.996412,Duration,0:00:00.017951
Task,"(89, '2018-09-24T13:43:11.485105', {'digest': '50E721E49C013F00C62CF59F2163542A9D8DF02464EFEB615D31051B0FDDC326'}, '000b44447b067f9f60361ad14d911cb8fe02c9862a52b8589cef81b8ce350c02', '000f6fe9403bb1f37c905d3456a12eb7f45fd843a6e96d14cbac0cfd74b7b130', 739, 'DB')",Start_time,2018-09-24 09:43:11.485105,End_time,2018-09-24 09:43:11.489094,Duration,0:00:00.003989
Task,"(90, '2018-09-24T13:43:11.982775', {'digest': '50E721E49C013F00C62CF59F2163542A9D8DF02464EFEB615D31051B0FDDC326'}, '0003496006927748f85ef36db71796ec7aef8c8698f87753e8acc0a890c6bbfe', '000b44447b067f9f60361ad14d911cb8fe02c9862a52b8589cef81b8ce350c02', 1979, 'DB')",Start_time,2018-09-24 09:43:11.982775,End_time,2018-09-24 09:43:11.989755,Duration,0:00:00.006980
Task,"(91, '2018-09-24T13:43:12.478449', {'digest': '50E721E49C013F00C62CF59F2163542A9D8DF02464EFEB615D31051B0FDDC326'}, '0001f6678ccc07dacc814b0f15e566ff8c09657830045bb166d3ef5b79c96f63', '0003496006927748f85ef36db71796ec7aef8c8698f87753e8acc0a890c6bbfe', 8728, 'DB')",Start_time,2018-09-24 09:43:12.478449,End_time,2018-09-24 09:43:12.504379,Duration,0:00:00.025930
Task,"(92, '2018-09-24T13:43:12.981105', {'digest': '50E721E49C013F00C62CF59F2163542A9D8DF02464EFEB615D31051B0FDDC326'}, '00017ebdda9ddd47649aac7bfa2793a71211b665a4c83af8776bb4f9e266755f', '0001f6678ccc07dacc814b0f15e566ff8c09657830045bb166d3ef5b79c96f63', 1886, 'DB')",Start_time,2018-09-24 09:43:12.981105,End_time,2018-09-24 09:43:12.989085,Duration,0:00:00.007980
Task,"(93, '2018-09-24T13:43:13.546593', {'digest': '50E721E49C013F00C62CF59F2163542A9D8DF02464EFEB615D31051B0FDDC326'}, '000cc2d96643d2ccbab2ee0996d9d6c141602583cfc0ffc9b884300accb6358d', '00017ebdda9ddd47649aac7bfa2793a71211b665a4c83af8776bb4f9e266755f', 1532, 'DB')",Start_time,2018-09-24 09:43:13.546593,End_time,2018-09-24 09:43:13.558560,Duration,0:00:00.011967
Task,"(94, '2018-09-24T13:43:14.095128', {'digest': '50E721E49C013F00C62CF59F2163542A9D8DF02464EFEB615D31051B0FDDC326'}, '0003bd3d032b476cd22874cf91add0a61d936545a81590ff4ae953c426743909', '000cc2d96643d2ccbab2ee0996d9d6c141602583cfc0ffc9b884300accb6358d', 3879, 'DB')",Start_time,2018-09-24 09:43:14.095128,End_time,2018-09-24 09:43:14.103105,Duration,0:00:00.007977
Task,"(95, '2018-09-24T13:43:14.123053', <LC.TB_data object at 0x000001F30FAE8F60>, '000a559c4a91eb62d053898f69339ce3b1292dedd388a4cec6fa0987fa73b770', '0003bd3d032b476cd22874cf91add0a61d936545a81590ff4ae953c426743909', 7488, 'TB')",Start_time,2018-09-24 09:43:14.123053,End_time,2018-09-24 09:43:14.139009,Duration,0:00:00.015956
Task,"(96, '2018-09-24T13:43:25.681401', 'Relative Genesis Block', '0003b2ada3397aa774b6648ce387dc6440b69ec59b2ea0c14f98b46adfc68248', '000a559c4a91eb62d053898f69339ce3b1292dedd388a4cec6fa0987fa73b770', 1020, 'RGB')",Start_time,2018-09-24 09:43:25.681401,End_time,2018-09-24 09:43:25.683397,Duration,0:00:00.001996
Task,"(97, '2018-09-24T13:43:25.688392', {'digest': '50E721E49C013F00C62CF59F2163542A9D8DF02464EFEB615D31051B0FDDC326'}, '000fc9c9fa34493c04a4636c60f706e98d497618ec6a62f1f61595b15904fe9a', '0003b2ada3397aa774b6648ce387dc6440b69ec59b2ea0c14f98b46adfc68248', 6360, 'DB')",Start_time,2018-09-24 09:43:25.688392,End_time,2018-09-24 09:43:25.701349,Duration,0:00:00.012957
Task,"(98, '2018-09-24T13:43:26.182063', {'digest': '50E721E49C013F00C62CF59F2163542A9D8DF02464EFEB615D31051B0FDDC326'}, '00054b9ae6504eea1ae9c027b7b33ad9cc626b24adf38f4e51b7dbc8dc5dd042', '000fc9c9fa34493c04a4636c60f706e98d497618ec6a62f1f61595b15904fe9a', 401, 'DB')",Start_time,2018-09-24 09:43:26.182063,End_time,2018-09-24 09:43:26.184057,Duration,0:00:00.001994
Task,"(99, '2018-09-24T13:43:26.796421', {'digest': '50E721E49C013F00C62CF59F2163542A9D8DF02464EFEB615D31051B0FDDC326'}, '00008d4f4cfd84d920b144bf802c795965e4399d3dc5ec40cde5374cd1949587', '00054b9ae6504eea1ae9c027b7b33ad9cc626b24adf38f4e51b7dbc8dc5dd042', 3001, 'DB')",Start_time,2018-09-24 09:43:26.796421,End_time,2018-09-24 09:43:26.809385,Duration,0:00:00.012964
Task,"(100, '2018-09-24T13:43:27.346948', {'digest': '50E721E49C013F00C62CF59F2163542A9D8DF02464EFEB615D31051B0FDDC326'}, '00000c2cc3f00ee0f329ec79d00a0e4e1e4af4e5fe3a7aa45c8f6df37d3c0b95', '00008d4f4cfd84d920b144bf802c795965e4399d3dc5ec40cde5374cd1949587', 704, 'DB')",Start_time,2018-09-24 09:43:27.346948,End_time,2018-09-24 09:43:27.347945,Duration,0:00:00.000997
Task,"(101, '2018-09-24T13:43:27.845617', {'digest': '50E721E49C013F00C62CF59F2163542A9D8DF02464EFEB615D31051B0FDDC326'}, '0005cd282ebf2c31d19eb315d19aa6a6432dd31b277ed29230b8711c3e62c964', '00000c2cc3f00ee0f329ec79d00a0e4e1e4af4e5fe3a7aa45c8f6df37d3c0b95', 627, 'DB')",Start_time,2018-09-24 09:43:27.845617,End_time,2018-09-24 09:43:27.846614,Duration,0:00:00.000997
Task,"(102, '2018-09-24T13:43:28.538762', {'digest': '50E721E49C013F00C62CF59F2163542A9D8DF02464EFEB615D31051B0FDDC326'}, '000ecf6543db31b4456c69fe629bd4009987eea36f2ab801de0cb24b1e5096ec', '0005cd282ebf2c31d19eb315d19aa6a6432dd31b277ed29230b8711c3e62c964', 907, 'DB')",Start_time,2018-09-24 09:43:28.538762,End_time,2018-09-24 09:43:28.544748,Duration,0:00:00.005986
Task,"(103, '2018-09-24T13:43:29.079338', {'digest': '50E721E49C013F00C62CF59F2163542A9D8DF02464EFEB615D31051B0FDDC326'}, '0003c1a0385a257c0b91882c8ed825e14d8b787fe3413761379c35421bf18e55', '000ecf6543db31b4456c69fe629bd4009987eea36f2ab801de0cb24b1e5096ec', 279, 'DB')",Start_time,2018-09-24 09:43:29.079338,End_time,2018-09-24 09:43:29.080346,Duration,0:00:00.001008
Task,"(104, '2018-09-24T13:43:29.585964', {'digest': '50E721E49C013F00C62CF59F2163542A9D8DF02464EFEB615D31051B0FDDC326'}, '000ec45f9279ffb8674a0890f157dbc62522b555965d91cefcb83ad868394efc', '0003c1a0385a257c0b91882c8ed825e14d8b787fe3413761379c35421bf18e55', 536, 'DB')",Start_time,2018-09-24 09:43:29.585964,End_time,2018-09-24 09:43:29.587958,Duration,0:00:00.001994
Task,"(105, '2018-09-24T13:43:30.283101', {'digest': '50E721E49C013F00C62CF59F2163542A9D8DF02464EFEB615D31051B0FDDC326'}, '0009b708538cd25ccd9df5989c4c007da32354be51eb78ff9f617447fe77956d', '000ec45f9279ffb8674a0890f157dbc62522b555965d91cefcb83ad868394efc', 8254, 'DB')",Start_time,2018-09-24 09:43:30.283101,End_time,2018-09-24 09:43:30.313018,Duration,0:00:00.029917
Task,"(106, '2018-09-24T13:43:30.806700', {'digest': '50E721E49C013F00C62CF59F2163542A9D8DF02464EFEB615D31051B0FDDC326'}, '0003546d8dc53ada35ee7408f365890ab8a80215dd9f2ef75e59ad5c107094b7', '0009b708538cd25ccd9df5989c4c007da32354be51eb78ff9f617447fe77956d', 10950, 'DB')",Start_time,2018-09-24 09:43:30.806700,End_time,2018-09-24 09:43:30.831633,Duration,0:00:00.024933
Task,"(107, '2018-09-24T13:43:30.839611', <LC.TB_data object at 0x000001F30FB3BBA8>, '000402eb62e8e8729e5203d6f810883eabc2ca623e6d817e88e8e0642c33a9c1', '0003546d8dc53ada35ee7408f365890ab8a80215dd9f2ef75e59ad5c107094b7', 1759, 'TB')",Start_time,2018-09-24 09:43:30.839611,End_time,2018-09-24 09:43:30.843600,Duration,0:00:00.003989
Task,"(108, '2018-09-24T13:44:22.635188', 'Relative Genesis Block', '000512444086a6c24d70adfd6cb91d9f18d28f8640bf506bc882971d3eb432cf', '000402eb62e8e8729e5203d6f810883eabc2ca623e6d817e88e8e0642c33a9c1', 79, 'RGB')",Start_time,2018-09-24 09:44:22.635188,End_time,2018-09-24 09:44:22.635188,Duration,0:00:00
Task,"(109, '2018-09-24T13:44:22.641170', {'digest': '50E721E49C013F00C62CF59F2163542A9D8DF02464EFEB615D31051B0FDDC326'}, '000411f46a5a3e4a84fd5b91b2578cb4982b0a02fcaadc063a8b82aee77e07ce', '000512444086a6c24d70adfd6cb91d9f18d28f8640bf506bc882971d3eb432cf', 4912, 'DB')",Start_time,2018-09-24 09:44:22.641170,End_time,2018-09-24 09:44:22.654135,Duration,0:00:00.012965
Task,"(110, '2018-09-24T13:44:23.234584', {'digest': '50E721E49C013F00C62CF59F2163542A9D8DF02464EFEB615D31051B0FDDC326'}, '00089291c6a5140d62238dd2d4c176134fd0735c7e5451a3ca96231218456ad9', '000411f46a5a3e4a84fd5b91b2578cb4982b0a02fcaadc063a8b82aee77e07ce', 9832, 'DB')",Start_time,2018-09-24 09:44:23.234584,End_time,2018-09-24 09:44:23.268530,Duration,0:00:00.033946
Task,"(111, '2018-09-24T13:44:23.962638', {'digest': '50E721E49C013F00C62CF59F2163542A9D8DF02464EFEB615D31051B0FDDC326'}, '000e2585d3eb8e0761360b4601e5911bd7c0bb8c58427a784ba14c2aea4b0661', '00089291c6a5140d62238dd2d4c176134fd0735c7e5451a3ca96231218456ad9', 533, 'DB')",Start_time,2018-09-24 09:44:23.962638,End_time,2018-09-24 09:44:23.965661,Duration,0:00:00.003023
Task,"(112, '2018-09-24T13:44:24.496211', {'digest': '50E721E49C013F00C62CF59F2163542A9D8DF02464EFEB615D31051B0FDDC326'}, '00009332484fbb407bc3c0a97fc7a2aa976e92f8c7504952957fe30cde12576a', '000e2585d3eb8e0761360b4601e5911bd7c0bb8c58427a784ba14c2aea4b0661', 374, 'DB')",Start_time,2018-09-24 09:44:24.496211,End_time,2018-09-24 09:44:24.498208,Duration,0:00:00.001997
Task,"(113, '2018-09-24T13:44:24.998868', {'digest': '50E721E49C013F00C62CF59F2163542A9D8DF02464EFEB615D31051B0FDDC326'}, '0001926c275af43fbee362cf02a8cc164026a5454f24b45b40aee4cf2466c029', '00009332484fbb407bc3c0a97fc7a2aa976e92f8c7504952957fe30cde12576a', 1027, 'DB')",Start_time,2018-09-24 09:44:24.998868,End_time,2018-09-24 09:44:25.004891,Duration,0:00:00.006023
Task,"(114, '2018-09-24T13:44:25.811695', {'digest': '50E721E49C013F00C62CF59F2163542A9D8DF02464EFEB615D31051B0FDDC326'}, '000a8afd62fe02957062901da61683683e659688a9f8b327cc1017efd86e9161', '0001926c275af43fbee362cf02a8cc164026a5454f24b45b40aee4cf2466c029', 3533, 'DB')",Start_time,2018-09-24 09:44:25.811695,End_time,2018-09-24 09:44:25.822663,Duration,0:00:00.010968
Task,"(115, '2018-09-24T13:44:26.497860', {'digest': '50E721E49C013F00C62CF59F2163542A9D8DF02464EFEB615D31051B0FDDC326'}, '0006239c98f9eb661f914d007be56a6b45257a5ca09c475fc0d2c2cc350bb823', '000a8afd62fe02957062901da61683683e659688a9f8b327cc1017efd86e9161', 13064, 'DB')",Start_time,2018-09-24 09:44:26.497860,End_time,2018-09-24 09:44:26.558697,Duration,0:00:00.060837
Task,"(116, '2018-09-24T13:44:27.239875', {'digest': '50E721E49C013F00C62CF59F2163542A9D8DF02464EFEB615D31051B0FDDC326'}, '000c15995fa95937e37c9cf3fde477b0311b5fd44590b596589c1f65ea570be2', '0006239c98f9eb661f914d007be56a6b45257a5ca09c475fc0d2c2cc350bb823', 24302, 'DB')",Start_time,2018-09-24 09:44:27.239875,End_time,2018-09-24 09:44:27.318664,Duration,0:00:00.078789
Task,"(117, '2018-09-24T13:44:28.035750', {'digest': '50E721E49C013F00C62CF59F2163542A9D8DF02464EFEB615D31051B0FDDC326'}, '000069fcf0f8ae9a78cd80d86f53e5943e5595a3d05a2cfb94d233bd9950efda', '000c15995fa95937e37c9cf3fde477b0311b5fd44590b596589c1f65ea570be2', 3983, 'DB')",Start_time,2018-09-24 09:44:28.035750,End_time,2018-09-24 09:44:28.045719,Duration,0:00:00.009969
Task,"(118, '2018-09-24T13:44:28.532421', {'digest': '50E721E49C013F00C62CF59F2163542A9D8DF02464EFEB615D31051B0FDDC326'}, '00030956858f007ac4d3a60ae0612b31248de211f075c45a1f14424507037451', '000069fcf0f8ae9a78cd80d86f53e5943e5595a3d05a2cfb94d233bd9950efda', 7487, 'DB')",Start_time,2018-09-24 09:44:28.532421,End_time,2018-09-24 09:44:28.556356,Duration,0:00:00.023935
Task,"(119, '2018-09-24T13:44:28.563337', <LC.TB_data object at 0x000001F30FB45E48>, '000b8eabdf4f800b0fb031ff408f777cc5a3aaa8cc726208d5b76897ca3d10eb', '00030956858f007ac4d3a60ae0612b31248de211f075c45a1f14424507037451', 3105, 'TB')",Start_time,2018-09-24 09:44:28.563337,End_time,2018-09-24 09:44:28.572313,Duration,0:00:00.008976
Task,"(120, '2018-09-24T13:44:49.877757', 'Relative Genesis Block', '0005b3621b97633efebd9c7ef85d63c08939bddb6f28149e6f224a92e444d286', '000b8eabdf4f800b0fb031ff408f777cc5a3aaa8cc726208d5b76897ca3d10eb', 1558, 'RGB')",Start_time,2018-09-24 09:44:49.877757,End_time,2018-09-24 09:44:49.883740,Duration,0:00:00.005983
Task,"(121, '2018-09-24T13:44:49.890765', {'digest': '50E721E49C013F00C62CF59F2163542A9D8DF02464EFEB615D31051B0FDDC326'}, '000db797cb0722d94ba466ff9e5e26d32d4b473f2cabb21976d660df7b7b0af4', '0005b3621b97633efebd9c7ef85d63c08939bddb6f28149e6f224a92e444d286', 39, 'DB')",Start_time,2018-09-24 09:44:49.890765,End_time,2018-09-24 09:44:49.890765,Duration,0:00:00
Task,"(122, '2018-09-24T13:44:50.384402', {'digest': '50E721E49C013F00C62CF59F2163542A9D8DF02464EFEB615D31051B0FDDC326'}, '0002ee5d95e1e654a3cc24153c018c3ca64ca6bacf5af9f5855f8aa664744c49', '000db797cb0722d94ba466ff9e5e26d32d4b473f2cabb21976d660df7b7b0af4', 3653, 'DB')",Start_time,2018-09-24 09:44:50.384402,End_time,2018-09-24 09:44:50.401356,Duration,0:00:00.016954
Task,"(123, '2018-09-24T13:44:50.987789', {'digest': '50E721E49C013F00C62CF59F2163542A9D8DF02464EFEB615D31051B0FDDC326'}, '000c695945c62be3a7fea0d971309029f71757ce43cbfcf64dbacc7a453dab27', '0002ee5d95e1e654a3cc24153c018c3ca64ca6bacf5af9f5855f8aa664744c49', 2831, 'DB')",Start_time,2018-09-24 09:44:50.987789,End_time,2018-09-24 09:44:50.998759,Duration,0:00:00.010970
Task,"(124, '2018-09-24T13:44:51.687919', {'digest': '50E721E49C013F00C62CF59F2163542A9D8DF02464EFEB615D31051B0FDDC326'}, '0005fe7c3fcad81f12cb3f69a35417fa197da1378b9320709741bad1a25aca65', '000c695945c62be3a7fea0d971309029f71757ce43cbfcf64dbacc7a453dab27', 542, 'DB')",Start_time,2018-09-24 09:44:51.687919,End_time,2018-09-24 09:44:51.688915,Duration,0:00:00.000996
Task,"(125, '2018-09-24T13:44:52.194563', {'digest': '50E721E49C013F00C62CF59F2163542A9D8DF02464EFEB615D31051B0FDDC326'}, '000af35775c17609b574bba2611d87572e5ffc1e2af87d98e94a0d0e84ddc978', '0005fe7c3fcad81f12cb3f69a35417fa197da1378b9320709741bad1a25aca65', 1086, 'DB')",Start_time,2018-09-24 09:44:52.194563,End_time,2018-09-24 09:44:52.197554,Duration,0:00:00.002991
Task,"(126, '2018-09-24T13:44:52.687246', {'digest': '50E721E49C013F00C62CF59F2163542A9D8DF02464EFEB615D31051B0FDDC326'}, '000f67bc542d0e167c5437ad9014337587e3aa356be6a0cd3aa84303ca12e294', '000af35775c17609b574bba2611d87572e5ffc1e2af87d98e94a0d0e84ddc978', 1949, 'DB')",Start_time,2018-09-24 09:44:52.687246,End_time,2018-09-24 09:44:52.692231,Duration,0:00:00.004985
Task,"(127, '2018-09-24T13:44:53.399343', {'digest': '50E721E49C013F00C62CF59F2163542A9D8DF02464EFEB615D31051B0FDDC326'}, '000fb09d71e742963e5c290bfe73262c64c0412334dc9f6cee681ff1b1ae1f1a', '000f67bc542d0e167c5437ad9014337587e3aa356be6a0cd3aa84303ca12e294', 395, 'DB')",Start_time,2018-09-24 09:44:53.399343,End_time,2018-09-24 09:44:53.400339,Duration,0:00:00.000996
Task,"(128, '2018-09-24T13:44:53.926939', {'digest': '50E721E49C013F00C62CF59F2163542A9D8DF02464EFEB615D31051B0FDDC326'}, '0008b195372b9a464ea6cc735128c9fc6f80fa37778209598dda984ace13bbf3', '000fb09d71e742963e5c290bfe73262c64c0412334dc9f6cee681ff1b1ae1f1a', 1872, 'DB')",Start_time,2018-09-24 09:44:53.926939,End_time,2018-09-24 09:44:53.932947,Duration,0:00:00.006008
Task,"(129, '2018-09-24T13:44:54.419614', {'digest': '50E721E49C013F00C62CF59F2163542A9D8DF02464EFEB615D31051B0FDDC326'}, '0009ca8d59988b18102e31a9d8a31719f23ab52112be3f8b69df240011f983b5', '0008b195372b9a464ea6cc735128c9fc6f80fa37778209598dda984ace13bbf3', 131, 'DB')",Start_time,2018-09-24 09:44:54.419614,End_time,2018-09-24 09:44:54.420610,Duration,0:00:00.000996
Task,"(130, '2018-09-24T13:44:55.148664', {'digest': '50E721E49C013F00C62CF59F2163542A9D8DF02464EFEB615D31051B0FDDC326'}, '00022ac547cea5d7c01fbc010a1fdfaeac7ecd3ca3451e04a2b62e3957fcc3b2', '0009ca8d59988b18102e31a9d8a31719f23ab52112be3f8b69df240011f983b5', 2759, 'DB')",Start_time,2018-09-24 09:44:55.148664,End_time,2018-09-24 09:44:55.157673,Duration,0:00:00.009009
Task,"(131, '2018-09-24T13:44:55.162626', <LC.TB_data object at 0x000001F30FB45C50>, '00090af88a88ec05d21aa0fe629675e28e78f9c7220d235cd88e63c073ef03f7', '00022ac547cea5d7c01fbc010a1fdfaeac7ecd3ca3451e04a2b62e3957fcc3b2', 7188, 'TB')",Start_time,2018-09-24 09:44:55.162626,End_time,2018-09-24 09:44:55.185566,Duration,0:00:00.022940
Task,"(132, '2018-09-24T13:45:26.829737', 'Relative Genesis Block', '0004e0c68ae9eb389f58ce3649e3ec726e4116271552c2d2d0836495df14cc3f', '00090af88a88ec05d21aa0fe629675e28e78f9c7220d235cd88e63c073ef03f7', 12538, 'RGB')",Start_time,2018-09-24 09:45:26.829737,End_time,2018-09-24 09:45:26.860653,Duration,0:00:00.030916
Task,"(133, '2018-09-24T13:45:26.866659', {'digest': '50E721E49C013F00C62CF59F2163542A9D8DF02464EFEB615D31051B0FDDC326'}, '0008f0c6273121040bbb70cb6bd39de9d0dc3f59957d55473f7912e10a83a46b', '0004e0c68ae9eb389f58ce3649e3ec726e4116271552c2d2d0836495df14cc3f', 2355, 'DB')",Start_time,2018-09-24 09:45:26.866659,End_time,2018-09-24 09:45:26.873620,Duration,0:00:00.006961
Task,"(134, '2018-09-24T13:45:27.361316', {'digest': '50E721E49C013F00C62CF59F2163542A9D8DF02464EFEB615D31051B0FDDC326'}, '00080c132b2bbad6908dab93f13ce1156195b16d12086e5fe132d67035cfcd1f', '0008f0c6273121040bbb70cb6bd39de9d0dc3f59957d55473f7912e10a83a46b', 3475, 'DB')",Start_time,2018-09-24 09:45:27.361316,End_time,2018-09-24 09:45:27.371292,Duration,0:00:00.009976
Task,"(135, '2018-09-24T13:45:28.059449', {'digest': '50E721E49C013F00C62CF59F2163542A9D8DF02464EFEB615D31051B0FDDC326'}, '000bb6e8d217dd1f7913ed50952f4c9d86545d9568b88bc37f2f5230cfb0c654', '00080c132b2bbad6908dab93f13ce1156195b16d12086e5fe132d67035cfcd1f', 24527, 'DB')",Start_time,2018-09-24 09:45:28.059449,End_time,2018-09-24 09:45:28.126270,Duration,0:00:00.066821
Task,"(136, '2018-09-24T13:45:28.618954', {'digest': '50E721E49C013F00C62CF59F2163542A9D8DF02464EFEB615D31051B0FDDC326'}, '00026abd17df043c8aa9bba287497e00eef14239b54ce52c85852cf4ef870712', '000bb6e8d217dd1f7913ed50952f4c9d86545d9568b88bc37f2f5230cfb0c654', 1224, 'DB')",Start_time,2018-09-24 09:45:28.618954,End_time,2018-09-24 09:45:28.621944,Duration,0:00:00.002990
Task,"(137, '2018-09-24T13:45:29.133577', {'digest': '50E721E49C013F00C62CF59F2163542A9D8DF02464EFEB615D31051B0FDDC326'}, '000961a9d15c720dbd95f989a2bf5d25331d014942198b61368ccfce63b8124d', '00026abd17df043c8aa9bba287497e00eef14239b54ce52c85852cf4ef870712', 175, 'DB')",Start_time,2018-09-24 09:45:29.133577,End_time,2018-09-24 09:45:29.134573,Duration,0:00:00.000996
Task,"(138, '2018-09-24T13:45:29.845673', {'digest': '50E721E49C013F00C62CF59F2163542A9D8DF02464EFEB615D31051B0FDDC326'}, '00037d253ee4e28499e590794fff6197c03bff03200a0afde005bd86959deda9', '000961a9d15c720dbd95f989a2bf5d25331d014942198b61368ccfce63b8124d', 171, 'DB')",Start_time,2018-09-24 09:45:29.845673,End_time,2018-09-24 09:45:29.846670,Duration,0:00:00.000997
Task,"(139, '2018-09-24T13:45:30.346334', {'digest': '50E721E49C013F00C62CF59F2163542A9D8DF02464EFEB615D31051B0FDDC326'}, '00098097db7f76bac41af338c87d37d992909a1549cd17359288980a83e1d9d5', '00037d253ee4e28499e590794fff6197c03bff03200a0afde005bd86959deda9', 5441, 'DB')",Start_time,2018-09-24 09:45:30.346334,End_time,2018-09-24 09:45:30.365284,Duration,0:00:00.018950
Task,"(140, '2018-09-24T13:45:30.852979', {'digest': '50E721E49C013F00C62CF59F2163542A9D8DF02464EFEB615D31051B0FDDC326'}, '0005329288990cda7c25c33d4f2b74044497188841832fead1665c98f5a039c5', '00098097db7f76bac41af338c87d37d992909a1549cd17359288980a83e1d9d5', 4855, 'DB')",Start_time,2018-09-24 09:45:30.852979,End_time,2018-09-24 09:45:30.865977,Duration,0:00:00.012998
Task,"(141, '2018-09-24T13:45:31.561086', {'digest': '50E721E49C013F00C62CF59F2163542A9D8DF02464EFEB615D31051B0FDDC326'}, '0005cd3896787d85e2e2f265668f2e2e37fdd553b5641bd200d934d9fd4cde53', '0005329288990cda7c25c33d4f2b74044497188841832fead1665c98f5a039c5', 2533, 'DB')",Start_time,2018-09-24 09:45:31.561086,End_time,2018-09-24 09:45:31.568067,Duration,0:00:00.006981
Task,"(142, '2018-09-24T13:45:32.093662', {'digest': '50E721E49C013F00C62CF59F2163542A9D8DF02464EFEB615D31051B0FDDC326'}, '000ca4c2feefcb947f6275056afb2563ba7523d7ffe100ee83cd851223a7faac', '0005cd3896787d85e2e2f265668f2e2e37fdd553b5641bd200d934d9fd4cde53', 2107, 'DB')",Start_time,2018-09-24 09:45:32.093662,End_time,2018-09-24 09:45:32.098652,Duration,0:00:00.004990
Task,"(143, '2018-09-24T13:45:32.109619', <LC.TB_data object at 0x000001F30FB1C8D0>, '000929462e1e7270176dadf0f8121c10f0ff6d8ab932551ef8730cbd167af653', '000ca4c2feefcb947f6275056afb2563ba7523d7ffe100ee83cd851223a7faac', 223, 'TB')",Start_time,2018-09-24 09:45:32.109619,End_time,2018-09-24 09:45:32.110616,Duration,0:00:00.000997
Task,"(144, '2018-09-24T13:45:43.479615', 'Relative Genesis Block', '000ea708085ab0742dc6a40d99151e4357e9693fd954a59734dc0e9c11d7fcf0', '000929462e1e7270176dadf0f8121c10f0ff6d8ab932551ef8730cbd167af653', 4318, 'RGB')",Start_time,2018-09-24 09:45:43.479615,End_time,2018-09-24 09:45:43.490585,Duration,0:00:00.010970
Task,"(145, '2018-09-24T13:45:43.495573', {'digest': '50E721E49C013F00C62CF59F2163542A9D8DF02464EFEB615D31051B0FDDC326'}, '0002e3866f0e4f834a2fcff83cb8c7ca53e77aa51376304454288a55b8027558', '000ea708085ab0742dc6a40d99151e4357e9693fd954a59734dc0e9c11d7fcf0', 5141, 'DB')",Start_time,2018-09-24 09:45:43.495573,End_time,2018-09-24 09:45:43.512526,Duration,0:00:00.016953
Task,"(146, '2018-09-24T13:45:44.005219', {'digest': '50E721E49C013F00C62CF59F2163542A9D8DF02464EFEB615D31051B0FDDC326'}, '0006813d8020b5e5f0701dc861139f5282cf6597617f1e1051be6e494aeae7b6', '0002e3866f0e4f834a2fcff83cb8c7ca53e77aa51376304454288a55b8027558', 1968, 'DB')",Start_time,2018-09-24 09:45:44.005219,End_time,2018-09-24 09:45:44.013187,Duration,0:00:00.007968
Task,"(147, '2018-09-24T13:45:44.710323', {'digest': '50E721E49C013F00C62CF59F2163542A9D8DF02464EFEB615D31051B0FDDC326'}, '000a889d7c5677e048d1d27f6fbcebea9f4744438b2978f7a12eedfc5372b2cd', '0006813d8020b5e5f0701dc861139f5282cf6597617f1e1051be6e494aeae7b6', 815, 'DB')",Start_time,2018-09-24 09:45:44.710323,End_time,2018-09-24 09:45:44.714312,Duration,0:00:00.003989
Task,"(148, '2018-09-24T13:45:45.228938', {'digest': '50E721E49C013F00C62CF59F2163542A9D8DF02464EFEB615D31051B0FDDC326'}, '00082004c7fc5425e3b4071d751230066d94bb16e56f4936c62fe03ca9f3ae2d', '000a889d7c5677e048d1d27f6fbcebea9f4744438b2978f7a12eedfc5372b2cd', 1771, 'DB')",Start_time,2018-09-24 09:45:45.228938,End_time,2018-09-24 09:45:45.237948,Duration,0:00:00.009010
Task,"(149, '2018-09-24T13:45:45.728601', {'digest': '50E721E49C013F00C62CF59F2163542A9D8DF02464EFEB615D31051B0FDDC326'}, '000ebf8d5ad43cf20748185507d35340c5937832fa70498870e0d8159e604d7d', '00082004c7fc5425e3b4071d751230066d94bb16e56f4936c62fe03ca9f3ae2d', 10369, 'DB')",Start_time,2018-09-24 09:45:45.728601,End_time,2018-09-24 09:45:45.765502,Duration,0:00:00.036901
Task,"(150, '2018-09-24T13:45:46.445933', {'digest': '50E721E49C013F00C62CF59F2163542A9D8DF02464EFEB615D31051B0FDDC326'}, '0004f224c9eaced25725990333bc1806ebadaf8f70a220f3963ce82c9288b256', '000ebf8d5ad43cf20748185507d35340c5937832fa70498870e0d8159e604d7d', 4381, 'DB')",Start_time,2018-09-24 09:45:46.445933,End_time,2018-09-24 09:45:46.458896,Duration,0:00:00.012963
Task,"(151, '2018-09-24T13:45:47.076248', {'digest': '50E721E49C013F00C62CF59F2163542A9D8DF02464EFEB615D31051B0FDDC326'}, '0008a7f6cdbf5891a202fad7842765f441fb15678e4ee0f8f4b3e56ebefea847', '0004f224c9eaced25725990333bc1806ebadaf8f70a220f3963ce82c9288b256', 8524, 'DB')",Start_time,2018-09-24 09:45:47.076248,End_time,2018-09-24 09:45:47.098187,Duration,0:00:00.021939
Task,"(152, '2018-09-24T13:45:47.565939', {'digest': '50E721E49C013F00C62CF59F2163542A9D8DF02464EFEB615D31051B0FDDC326'}, '000ae9ffe3275270f948533dafa822a3a092b79815dc91ae9a29872e24d1e891', '0008a7f6cdbf5891a202fad7842765f441fb15678e4ee0f8f4b3e56ebefea847', 2877, 'DB')",Start_time,2018-09-24 09:45:47.565939,End_time,2018-09-24 09:45:47.572919,Duration,0:00:00.006980
Task,"(153, '2018-09-24T13:45:48.045656', {'digest': '50E721E49C013F00C62CF59F2163542A9D8DF02464EFEB615D31051B0FDDC326'}, '0005783552c24913c69095526631504e06916a68df7d2959d3765890d46134df', '000ae9ffe3275270f948533dafa822a3a092b79815dc91ae9a29872e24d1e891', 7755, 'DB')",Start_time,2018-09-24 09:45:48.045656,End_time,2018-09-24 09:45:48.064603,Duration,0:00:00.018947
Task,"(154, '2018-09-24T13:45:48.535346', {'digest': '50E721E49C013F00C62CF59F2163542A9D8DF02464EFEB615D31051B0FDDC326'}, '000af9444a137c213eeefe8b9d7f27b2be0e8fbd945878a946c9119a96900d6e', '0005783552c24913c69095526631504e06916a68df7d2959d3765890d46134df', 9749, 'DB')",Start_time,2018-09-24 09:45:48.535346,End_time,2018-09-24 09:45:48.564267,Duration,0:00:00.028921
Task,"(155, '2018-09-24T13:45:48.570252', <LC.TB_data object at 0x000001F30FB4CF98>, '000fb669d787e45d945e112ac97266ce8fa5d1c11e4528b6ff4bec8f6231f2d0', '000af9444a137c213eeefe8b9d7f27b2be0e8fbd945878a946c9119a96900d6e', 1747, 'TB')",Start_time,2018-09-24 09:45:48.570252,End_time,2018-09-24 09:45:48.573243,Duration,0:00:00.002991
Task,"(156, '2018-09-24T13:46:00.243505', 'Relative Genesis Block', '000bc6dbc05f1ef4648c35177af8ce487a7f4ad49f16193af9419a5f9d8632b2', '000fb669d787e45d945e112ac97266ce8fa5d1c11e4528b6ff4bec8f6231f2d0', 663, 'RGB')",Start_time,2018-09-24 09:46:00.243505,End_time,2018-09-24 09:46:00.245498,Duration,0:00:00.001993
Task,"(157, '2018-09-24T13:46:00.250485', {'digest': '50E721E49C013F00C62CF59F2163542A9D8DF02464EFEB615D31051B0FDDC326'}, '00058f36b942e1e9cf039d9a4d7f49bf5acfcdc5bebca9fbdd53e635c466d25d', '000bc6dbc05f1ef4648c35177af8ce487a7f4ad49f16193af9419a5f9d8632b2', 5157, 'DB')",Start_time,2018-09-24 09:46:00.250485,End_time,2018-09-24 09:46:00.269434,Duration,0:00:00.018949
Task,"(158, '2018-09-24T13:46:00.758128', {'digest': '50E721E49C013F00C62CF59F2163542A9D8DF02464EFEB615D31051B0FDDC326'}, '0008453a14f21340d9faf54d4516e36b6e915401a693140042ab17ab2eece782', '00058f36b942e1e9cf039d9a4d7f49bf5acfcdc5bebca9fbdd53e635c466d25d', 1904, 'DB')",Start_time,2018-09-24 09:46:00.758128,End_time,2018-09-24 09:46:00.766105,Duration,0:00:00.007977
Task,"(159, '2018-09-24T13:46:01.315637', {'digest': '50E721E49C013F00C62CF59F2163542A9D8DF02464EFEB615D31051B0FDDC326'}, '000ace6fc845cd91bfc86269b0b0135c809d58f623257b1613313a29712d60d4', '0008453a14f21340d9faf54d4516e36b6e915401a693140042ab17ab2eece782', 3964, 'DB')",Start_time,2018-09-24 09:46:01.315637,End_time,2018-09-24 09:46:01.330598,Duration,0:00:00.014961
Task,"(160, '2018-09-24T13:46:01.821318', {'digest': '50E721E49C013F00C62CF59F2163542A9D8DF02464EFEB615D31051B0FDDC326'}, '0007c3582079e277bea3636424aef5f7fc5c3b92f4ce1840985792709a050b3c', '000ace6fc845cd91bfc86269b0b0135c809d58f623257b1613313a29712d60d4', 6975, 'DB')",Start_time,2018-09-24 09:46:01.821318,End_time,2018-09-24 09:46:01.838239,Duration,0:00:00.016921
Task,"(161, '2018-09-24T13:46:02.319952', {'digest': '50E721E49C013F00C62CF59F2163542A9D8DF02464EFEB615D31051B0FDDC326'}, '00003c32c02aa23d7ff957e3444ee4e33b9987253575131bf737307d063cf526', '0007c3582079e277bea3636424aef5f7fc5c3b92f4ce1840985792709a050b3c', 4645, 'DB')",Start_time,2018-09-24 09:46:02.319952,End_time,2018-09-24 09:46:02.336906,Duration,0:00:00.016954
Task,"(162, '2018-09-24T13:46:02.819616', {'digest': '50E721E49C013F00C62CF59F2163542A9D8DF02464EFEB615D31051B0FDDC326'}, '0005ca3c795089cb65ca135e2ae69a641dfea2580812348fcecdd004941a79bd', '00003c32c02aa23d7ff957e3444ee4e33b9987253575131bf737307d063cf526', 260, 'DB')",Start_time,2018-09-24 09:46:02.819616,End_time,2018-09-24 09:46:02.820613,Duration,0:00:00.000997
Task,"(163, '2018-09-24T13:46:03.317287', {'digest': '50E721E49C013F00C62CF59F2163542A9D8DF02464EFEB615D31051B0FDDC326'}, '000219a593cc4d9d296522c4bc3b6edf5635e58c280a035a407f943aea4f47a5', '0005ca3c795089cb65ca135e2ae69a641dfea2580812348fcecdd004941a79bd', 4631, 'DB')",Start_time,2018-09-24 09:46:03.317287,End_time,2018-09-24 09:46:03.332244,Duration,0:00:00.014957
Task,"(164, '2018-09-24T13:46:03.808971', {'digest': '50E721E49C013F00C62CF59F2163542A9D8DF02464EFEB615D31051B0FDDC326'}, '0003a8f9c854ab2082aee4062b15d2c64fa46675dd1f6e99931448bdc617438d', '000219a593cc4d9d296522c4bc3b6edf5635e58c280a035a407f943aea4f47a5', 7918, 'DB')",Start_time,2018-09-24 09:46:03.808971,End_time,2018-09-24 09:46:03.832906,Duration,0:00:00.023935
Task,"(165, '2018-09-24T13:46:04.494141', {'digest': '50E721E49C013F00C62CF59F2163542A9D8DF02464EFEB615D31051B0FDDC326'}, '0000d27597870fe2b84f9849ec7963333fde41d411301a3a12acaef3b5492cc5', '0003a8f9c854ab2082aee4062b15d2c64fa46675dd1f6e99931448bdc617438d', 8384, 'DB')",Start_time,2018-09-24 09:46:04.494141,End_time,2018-09-24 09:46:04.525057,Duration,0:00:00.030916
Task,"(166, '2018-09-24T13:46:05.027713', {'digest': '50E721E49C013F00C62CF59F2163542A9D8DF02464EFEB615D31051B0FDDC326'}, '000662598f5f95306aedaab17b3a410eaee0f09ad6e40b91c7edb208082a4933', '0000d27597870fe2b84f9849ec7963333fde41d411301a3a12acaef3b5492cc5', 2186, 'DB')",Start_time,2018-09-24 09:46:05.027713,End_time,2018-09-24 09:46:05.033695,Duration,0:00:00.005982
Task,"(167, '2018-09-24T13:46:05.040687', <LC.TB_data object at 0x000001F30FBA67F0>, '000b9538c97c8452f0a2d7f5168bda75515a39ade95b71ec3020ece5322e8f41', '000662598f5f95306aedaab17b3a410eaee0f09ad6e40b91c7edb208082a4933', 726, 'TB')",Start_time,2018-09-24 09:46:05.040687,End_time,2018-09-24 09:46:05.041676,Duration,0:00:00.000989
Task,"(168, '2018-09-24T13:46:26.291282', 'Relative Genesis Block', '000977d6059d35fc507bf27df5b497f94af413c5fbdb3dbd979a256ceee9c960', '000b9538c97c8452f0a2d7f5168bda75515a39ade95b71ec3020ece5322e8f41', 985, 'RGB')",Start_time,2018-09-24 09:46:26.291282,End_time,2018-09-24 09:46:26.295270,Duration,0:00:00.003988
Task,"(169, '2018-09-24T13:46:26.300258', {'digest': '50E721E49C013F00C62CF59F2163542A9D8DF02464EFEB615D31051B0FDDC326'}, '0007bebb5d13c4d32acc64c7037008df185a7f54db311478bdecb95a2402014f', '000977d6059d35fc507bf27df5b497f94af413c5fbdb3dbd979a256ceee9c960', 3281, 'DB')",Start_time,2018-09-24 09:46:26.300258,End_time,2018-09-24 09:46:26.309233,Duration,0:00:00.008975
Task,"(170, '2018-09-24T13:46:26.791943', {'digest': '50E721E49C013F00C62CF59F2163542A9D8DF02464EFEB615D31051B0FDDC326'}, '000380fe59877a63c42b9a6d2442d16f7f5827848bc64b34365be66879a8b781', '0007bebb5d13c4d32acc64c7037008df185a7f54db311478bdecb95a2402014f', 1940, 'DB')",Start_time,2018-09-24 09:46:26.791943,End_time,2018-09-24 09:46:26.795933,Duration,0:00:00.003990
Task,"(171, '2018-09-24T13:46:27.483095', {'digest': '50E721E49C013F00C62CF59F2163542A9D8DF02464EFEB615D31051B0FDDC326'}, '0003bbfad720defc25c22cd12d2969910a0037170a52ef8d91e1029fb944ab54', '000380fe59877a63c42b9a6d2442d16f7f5827848bc64b34365be66879a8b781', 2758, 'DB')",Start_time,2018-09-24 09:46:27.483095,End_time,2018-09-24 09:46:27.492070,Duration,0:00:00.008975
Task,"(172, '2018-09-24T13:46:27.993731', {'digest': '50E721E49C013F00C62CF59F2163542A9D8DF02464EFEB615D31051B0FDDC326'}, '00066e86fb8c4a75f4172e44642c658a3a4b178c8626b7f514268591006e8980', '0003bbfad720defc25c22cd12d2969910a0037170a52ef8d91e1029fb944ab54', 2703, 'DB')",Start_time,2018-09-24 09:46:27.993731,End_time,2018-09-24 09:46:28.000710,Duration,0:00:00.006979
Task,"(173, '2018-09-24T13:46:28.494391', {'digest': '50E721E49C013F00C62CF59F2163542A9D8DF02464EFEB615D31051B0FDDC326'}, '000dbf165dc552ad0078fd3270f5a85b5650e96a8ef69138af9bfd0571cd91dd', '00066e86fb8c4a75f4172e44642c658a3a4b178c8626b7f514268591006e8980', 5840, 'DB')",Start_time,2018-09-24 09:46:28.494391,End_time,2018-09-24 09:46:28.518326,Duration,0:00:00.023935
Task,"(174, '2018-09-24T13:46:29.210477', {'digest': '50E721E49C013F00C62CF59F2163542A9D8DF02464EFEB615D31051B0FDDC326'}, '00049892c7992ab179a5a41c8df1e397e2bafdc5b9d4bc19f69acbd7e7532687', '000dbf165dc552ad0078fd3270f5a85b5650e96a8ef69138af9bfd0571cd91dd', 3095, 'DB')",Start_time,2018-09-24 09:46:29.210477,End_time,2018-09-24 09:46:29.224439,Duration,0:00:00.013962
Task,"(175, '2018-09-24T13:46:29.728095', {'digest': '50E721E49C013F00C62CF59F2163542A9D8DF02464EFEB615D31051B0FDDC326'}, '000fa2c0c9f35c4d60ffdac815ae18acd52f43d30f8f7be937b9f923f280f7ca', '00049892c7992ab179a5a41c8df1e397e2bafdc5b9d4bc19f69acbd7e7532687', 5529, 'DB')",Start_time,2018-09-24 09:46:29.728095,End_time,2018-09-24 09:46:29.746044,Duration,0:00:00.017949
Task,"(176, '2018-09-24T13:46:30.215789', {'digest': '50E721E49C013F00C62CF59F2163542A9D8DF02464EFEB615D31051B0FDDC326'}, '0009bd0d88c8ce7265c6fa6a5fdbfc1ddd9283481e61dc573d6d66d084b954cf', '000fa2c0c9f35c4d60ffdac815ae18acd52f43d30f8f7be937b9f923f280f7ca', 976, 'DB')",Start_time,2018-09-24 09:46:30.215789,End_time,2018-09-24 09:46:30.218781,Duration,0:00:00.002992
Task,"(177, '2018-09-24T13:46:30.891983', {'digest': '50E721E49C013F00C62CF59F2163542A9D8DF02464EFEB615D31051B0FDDC326'}, '000520436a5807dac98b17eee042c9494608d3b4394f8362418f5ae7fe088240', '0009bd0d88c8ce7265c6fa6a5fdbfc1ddd9283481e61dc573d6d66d084b954cf', 10404, 'DB')",Start_time,2018-09-24 09:46:30.891983,End_time,2018-09-24 09:46:30.919906,Duration,0:00:00.027923
Task,"(178, '2018-09-24T13:46:31.398627', {'digest': '50E721E49C013F00C62CF59F2163542A9D8DF02464EFEB615D31051B0FDDC326'}, '0003937fdc19e69710d0b75094d874408be25f6a729024bf6e7fe2127e904a8a', '000520436a5807dac98b17eee042c9494608d3b4394f8362418f5ae7fe088240', 7226, 'DB')",Start_time,2018-09-24 09:46:31.398627,End_time,2018-09-24 09:46:31.430540,Duration,0:00:00.031913
Task,"(179, '2018-09-24T13:46:31.437523', <LC.TB_data object at 0x000001F30FBBAFD0>, '000b54597e9d4abb76176ed2ca3af0481398cf0e859f3c5b27ffdb5f6a08995d', '0003937fdc19e69710d0b75094d874408be25f6a729024bf6e7fe2127e904a8a', 2259, 'TB')",Start_time,2018-09-24 09:46:31.437523,End_time,2018-09-24 09:46:31.441511,Duration,0:00:00.003988
Task,"(180, '2018-09-24T13:46:53.178588', 'Relative Genesis Block', '000cb77f93d25601cf70165f4e30cc5db463dbc81df3be8985ecbfb66b6abfb4', '000b54597e9d4abb76176ed2ca3af0481398cf0e859f3c5b27ffdb5f6a08995d', 3972, 'RGB')",Start_time,2018-09-24 09:46:53.178588,End_time,2018-09-24 09:46:53.187564,Duration,0:00:00.008976
Task,"(181, '2018-09-24T13:46:53.193549', {'digest': '50E721E49C013F00C62CF59F2163542A9D8DF02464EFEB615D31051B0FDDC326'}, '000034656388bd13cf48e7b4ad3da6f38e2ceea887f67e74c8c41505abc80fc4', '000cb77f93d25601cf70165f4e30cc5db463dbc81df3be8985ecbfb66b6abfb4', 3497, 'DB')",Start_time,2018-09-24 09:46:53.193549,End_time,2018-09-24 09:46:53.199532,Duration,0:00:00.005983
Task,"(182, '2018-09-24T13:46:53.682241', {'digest': '50E721E49C013F00C62CF59F2163542A9D8DF02464EFEB615D31051B0FDDC326'}, '0001c6762a35c26ce56a11573c8ba4f68317513d1fdaedb2e684b69fcb1433fd', '000034656388bd13cf48e7b4ad3da6f38e2ceea887f67e74c8c41505abc80fc4', 816, 'DB')",Start_time,2018-09-24 09:46:53.682241,End_time,2018-09-24 09:46:53.686231,Duration,0:00:00.003990
Task,"(183, '2018-09-24T13:46:54.383401', {'digest': '50E721E49C013F00C62CF59F2163542A9D8DF02464EFEB615D31051B0FDDC326'}, '00052ddc022bd437ff4f5bd0e5f86c3d4c3113c3a92b306619a0e19b1986e6ce', '0001c6762a35c26ce56a11573c8ba4f68317513d1fdaedb2e684b69fcb1433fd', 350, 'DB')",Start_time,2018-09-24 09:46:54.383401,End_time,2018-09-24 09:46:54.384364,Duration,0:00:00.000963
Task,"(184, '2018-09-24T13:46:54.908962', {'digest': '50E721E49C013F00C62CF59F2163542A9D8DF02464EFEB615D31051B0FDDC326'}, '00033dc7e4fd8406cc2235df5bb036a56dc2060b9ddf2282b7d83141a238e0d2', '00052ddc022bd437ff4f5bd0e5f86c3d4c3113c3a92b306619a0e19b1986e6ce', 1758, 'DB')",Start_time,2018-09-24 09:46:54.908962,End_time,2018-09-24 09:46:54.913949,Duration,0:00:00.004987
Task,"(185, '2018-09-24T13:46:55.408626', {'digest': '50E721E49C013F00C62CF59F2163542A9D8DF02464EFEB615D31051B0FDDC326'}, '000907b2653fb040f1e7840b952a0a2a6f397503d440340ad67d2fb4e342bd12', '00033dc7e4fd8406cc2235df5bb036a56dc2060b9ddf2282b7d83141a238e0d2', 6240, 'DB')",Start_time,2018-09-24 09:46:55.408626,End_time,2018-09-24 09:46:55.426578,Duration,0:00:00.017952
Task,"(186, '2018-09-24T13:46:55.909320', {'digest': '50E721E49C013F00C62CF59F2163542A9D8DF02464EFEB615D31051B0FDDC326'}, '000e756d96250751c2d0d4af265d9eb8ead0c6e947820c421b529a76d6cb5460', '000907b2653fb040f1e7840b952a0a2a6f397503d440340ad67d2fb4e342bd12', 2737, 'DB')",Start_time,2018-09-24 09:46:55.909320,End_time,2018-09-24 09:46:55.915270,Duration,0:00:00.005950
Task,"(187, '2018-09-24T13:46:56.408951', {'digest': '50E721E49C013F00C62CF59F2163542A9D8DF02464EFEB615D31051B0FDDC326'}, '000ef0c24e5668f37589646fe5f7010202488e8c4ea4c5125e805a317c8d3cfa', '000e756d96250751c2d0d4af265d9eb8ead0c6e947820c421b529a76d6cb5460', 803, 'DB')",Start_time,2018-09-24 09:46:56.408951,End_time,2018-09-24 09:46:56.411942,Duration,0:00:00.002991
Task,"(188, '2018-09-24T13:46:56.909613', {'digest': '50E721E49C013F00C62CF59F2163542A9D8DF02464EFEB615D31051B0FDDC326'}, '000ae7d64e18992e88bdbc9b3a19e1852ad51a1ecbb3601ab5402320e1bd159f', '000ef0c24e5668f37589646fe5f7010202488e8c4ea4c5125e805a317c8d3cfa', 5367, 'DB')",Start_time,2018-09-24 09:46:56.909613,End_time,2018-09-24 09:46:56.923574,Duration,0:00:00.013961
Task,"(189, '2018-09-24T13:46:57.399337', {'digest': '50E721E49C013F00C62CF59F2163542A9D8DF02464EFEB615D31051B0FDDC326'}, '0002c385e50caf4c9bec8d0e5cc6e5f3dbcda3a009cc684d44295c0ba03dc13e', '000ae7d64e18992e88bdbc9b3a19e1852ad51a1ecbb3601ab5402320e1bd159f', 1513, 'DB')",Start_time,2018-09-24 09:46:57.399337,End_time,2018-09-24 09:46:57.403292,Duration,0:00:00.003955
Task,"(190, '2018-09-24T13:46:58.102424', {'digest': '50E721E49C013F00C62CF59F2163542A9D8DF02464EFEB615D31051B0FDDC326'}, '000ad1fba62116c76f0a37be1f6717d412f8d621a4fed373035548a46a02c33b', '0002c385e50caf4c9bec8d0e5cc6e5f3dbcda3a009cc684d44295c0ba03dc13e', 1534, 'DB')",Start_time,2018-09-24 09:46:58.102424,End_time,2018-09-24 09:46:58.106412,Duration,0:00:00.003988
Task,"(191, '2018-09-24T13:46:58.114390', <LC.TB_data object at 0x000001F30FBDDDA0>, '0001815eb63f6dfb8c4996df4114f26959390953d7ef9cab35e19eaa2c92f3d2', '000ad1fba62116c76f0a37be1f6717d412f8d621a4fed373035548a46a02c33b', 7512, 'TB')",Start_time,2018-09-24 09:46:58.114390,End_time,2018-09-24 09:46:58.136332,Duration,0:00:00.021942
Task,"(192, '2018-09-24T13:47:19.576382', 'Relative Genesis Block', '000e84063d0ffd6154ace412cc0466c0e0835c9dca05daa17ce22e94357b516a', '0001815eb63f6dfb8c4996df4114f26959390953d7ef9cab35e19eaa2c92f3d2', 2563, 'RGB')",Start_time,2018-09-24 09:47:19.576382,End_time,2018-09-24 09:47:19.585357,Duration,0:00:00.008975
Task,"(193, '2018-09-24T13:47:19.591340', {'digest': '50E721E49C013F00C62CF59F2163542A9D8DF02464EFEB615D31051B0FDDC326'}, '0009e07e1b6c6f9bb82c76f740044bb8d6a9b1d8cf0401fb0364c44182354ebd', '000e84063d0ffd6154ace412cc0466c0e0835c9dca05daa17ce22e94357b516a', 2895, 'DB')",Start_time,2018-09-24 09:47:19.591340,End_time,2018-09-24 09:47:19.603340,Duration,0:00:00.012000
Task,"(194, '2018-09-24T13:47:20.085022', {'digest': '50E721E49C013F00C62CF59F2163542A9D8DF02464EFEB615D31051B0FDDC326'}, '000b4b84c339748435b6c14d933f0e4ea6ea937cf89ab91b04489387a42a203f', '0009e07e1b6c6f9bb82c76f740044bb8d6a9b1d8cf0401fb0364c44182354ebd', 764, 'DB')",Start_time,2018-09-24 09:47:20.085022,End_time,2018-09-24 09:47:20.087016,Duration,0:00:00.001994
Task,"(195, '2018-09-24T13:47:20.780163', {'digest': '50E721E49C013F00C62CF59F2163542A9D8DF02464EFEB615D31051B0FDDC326'}, '0005ef12b43ba60ae82a36664c612c4605ea82156a04d0f4c07ef560fd3cc3a7', '000b4b84c339748435b6c14d933f0e4ea6ea937cf89ab91b04489387a42a203f', 4899, 'DB')",Start_time,2018-09-24 09:47:20.780163,End_time,2018-09-24 09:47:20.793128,Duration,0:00:00.012965
Task,"(196, '2018-09-24T13:47:21.297781', {'digest': '50E721E49C013F00C62CF59F2163542A9D8DF02464EFEB615D31051B0FDDC326'}, '0002390523d6c508fad001d325a643b80282a6a048071f80635c0dd934ccfc2f', '0005ef12b43ba60ae82a36664c612c4605ea82156a04d0f4c07ef560fd3cc3a7', 4054, 'DB')",Start_time,2018-09-24 09:47:21.297781,End_time,2018-09-24 09:47:21.311774,Duration,0:00:00.013993
Task,"(197, '2018-09-24T13:47:21.793453', {'digest': '50E721E49C013F00C62CF59F2163542A9D8DF02464EFEB615D31051B0FDDC326'}, '000a1400ad89df15d4e96e32ab3085dc2305082ad2d522e6e255e99d3d108faa', '0002390523d6c508fad001d325a643b80282a6a048071f80635c0dd934ccfc2f', 7016, 'DB')",Start_time,2018-09-24 09:47:21.793453,End_time,2018-09-24 09:47:21.809410,Duration,0:00:00.015957
Task,"(198, '2018-09-24T13:47:22.501562', {'digest': '50E721E49C013F00C62CF59F2163542A9D8DF02464EFEB615D31051B0FDDC326'}, '0004588df8074b182a855f048e9e9534d8418445c7c554de75c9ada1aed49799', '000a1400ad89df15d4e96e32ab3085dc2305082ad2d522e6e255e99d3d108faa', 5588, 'DB')",Start_time,2018-09-24 09:47:22.501562,End_time,2018-09-24 09:47:22.516520,Duration,0:00:00.014958
Task,"(199, '2018-09-24T13:47:23.053088', {'digest': '50E721E49C013F00C62CF59F2163542A9D8DF02464EFEB615D31051B0FDDC326'}, '000d396410883015f7bfd5064841798708e3e04fb0eb8847f06f44d0a2be2bf3', '0004588df8074b182a855f048e9e9534d8418445c7c554de75c9ada1aed49799', 178, 'DB')",Start_time,2018-09-24 09:47:23.053088,End_time,2018-09-24 09:47:23.053088,Duration,0:00:00
Task,"(200, '2018-09-24T13:47:23.746233', {'digest': '50E721E49C013F00C62CF59F2163542A9D8DF02464EFEB615D31051B0FDDC326'}, '000033aff7528c9b29610a15582edc14da2582e1a85edfc65b94ce96f640a129', '000d396410883015f7bfd5064841798708e3e04fb0eb8847f06f44d0a2be2bf3', 2309, 'DB')",Start_time,2018-09-24 09:47:23.746233,End_time,2018-09-24 09:47:23.755209,Duration,0:00:00.008976
Task,"(201, '2018-09-24T13:47:24.243902', {'digest': '50E721E49C013F00C62CF59F2163542A9D8DF02464EFEB615D31051B0FDDC326'}, '000b64a383e0d70d857f91f07b0b70905376cfbdc3dd8098b0d2ea0eaa3413ab', '000033aff7528c9b29610a15582edc14da2582e1a85edfc65b94ce96f640a129', 2591, 'DB')",Start_time,2018-09-24 09:47:24.243902,End_time,2018-09-24 09:47:24.253910,Duration,0:00:00.010008
Task,"(202, '2018-09-24T13:47:24.729604', {'digest': '50E721E49C013F00C62CF59F2163542A9D8DF02464EFEB615D31051B0FDDC326'}, '0002e93ff8647a4b5833f5e8fe8131f6a42b751188b7d5154d7dc5d4e403ffc6', '000b64a383e0d70d857f91f07b0b70905376cfbdc3dd8098b0d2ea0eaa3413ab', 715, 'DB')",Start_time,2018-09-24 09:47:24.729604,End_time,2018-09-24 09:47:24.732595,Duration,0:00:00.002991
Task,"(203, '2018-09-24T13:47:24.738579', <LC.TB_data object at 0x000001F30FB28128>, '0008320c538bda93178d152280dd897dfa84606a596a0b59a389bfd4c4b05f32', '0002e93ff8647a4b5833f5e8fe8131f6a42b751188b7d5154d7dc5d4e403ffc6', 3304, 'TB')",Start_time,2018-09-24 09:47:24.738579,End_time,2018-09-24 09:47:24.746558,Duration,0:00:00.007979
Task,"(204, '2018-09-24T13:47:36.147558', 'Relative Genesis Block', '000af7c4826030acb9d910eca054a0b0d35ce78fc150a40ef7642c16d4387c6b', '0008320c538bda93178d152280dd897dfa84606a596a0b59a389bfd4c4b05f32', 8109, 'RGB')",Start_time,2018-09-24 09:47:36.147558,End_time,2018-09-24 09:47:36.175484,Duration,0:00:00.027926
Task,"(205, '2018-09-24T13:47:36.182468', {'digest': '50E721E49C013F00C62CF59F2163542A9D8DF02464EFEB615D31051B0FDDC326'}, '000ed625b72efc692f41a76932686ffad09d1abf1914789b11d10398cfd8706e', '000af7c4826030acb9d910eca054a0b0d35ce78fc150a40ef7642c16d4387c6b', 1488, 'DB')",Start_time,2018-09-24 09:47:36.182468,End_time,2018-09-24 09:47:36.186489,Duration,0:00:00.004021
Task,"(206, '2018-09-24T13:47:36.651213', {'digest': '50E721E49C013F00C62CF59F2163542A9D8DF02464EFEB615D31051B0FDDC326'}, '000e5d5080dd1d6d7d6896e5319f449ea73c95d1b7c36f6e5fd3d86f79370bfb', '000ed625b72efc692f41a76932686ffad09d1abf1914789b11d10398cfd8706e', 6406, 'DB')",Start_time,2018-09-24 09:47:36.651213,End_time,2018-09-24 09:47:36.668166,Duration,0:00:00.016953
Task,"(207, '2018-09-24T13:47:37.145889', {'digest': '50E721E49C013F00C62CF59F2163542A9D8DF02464EFEB615D31051B0FDDC326'}, '000ce7ecb96c29de4cc71713378f52b4166efe048a9aa20a1767ffacd4bc44cc', '000e5d5080dd1d6d7d6896e5319f449ea73c95d1b7c36f6e5fd3d86f79370bfb', 182, 'DB')",Start_time,2018-09-24 09:47:37.145889,End_time,2018-09-24 09:47:37.147884,Duration,0:00:00.001995
Task,"(208, '2018-09-24T13:47:37.639570', {'digest': '50E721E49C013F00C62CF59F2163542A9D8DF02464EFEB615D31051B0FDDC326'}, '000cf943afce61dab1c833b9e0cdac958a2dd050821be3e857c41c4850e5fff0', '000ce7ecb96c29de4cc71713378f52b4166efe048a9aa20a1767ffacd4bc44cc', 5825, 'DB')",Start_time,2018-09-24 09:47:37.639570,End_time,2018-09-24 09:47:37.658552,Duration,0:00:00.018982
Task,"(209, '2018-09-24T13:47:38.340729', {'digest': '50E721E49C013F00C62CF59F2163542A9D8DF02464EFEB615D31051B0FDDC326'}, '0006d8365a594a561056f0a7e2ffa64bf421b1d6b98d052cf394350ed0704be7', '000cf943afce61dab1c833b9e0cdac958a2dd050821be3e857c41c4850e5fff0', 2553, 'DB')",Start_time,2018-09-24 09:47:38.340729,End_time,2018-09-24 09:47:38.348674,Duration,0:00:00.007945
Task,"(210, '2018-09-24T13:47:38.853324', {'digest': '50E721E49C013F00C62CF59F2163542A9D8DF02464EFEB615D31051B0FDDC326'}, '00008b3b64f60addd5efa56fa3e87508cd517be0ba3dae3a1fd9bbf45e4e9f52', '0006d8365a594a561056f0a7e2ffa64bf421b1d6b98d052cf394350ed0704be7', 72, 'DB')",Start_time,2018-09-24 09:47:38.853324,End_time,2018-09-24 09:47:38.854321,Duration,0:00:00.000997
Task,"(211, '2018-09-24T13:47:39.443745', {'digest': '50E721E49C013F00C62CF59F2163542A9D8DF02464EFEB615D31051B0FDDC326'}, '0005d8db61d12342b7af1a44c9b221f4f17815c24cc7433e839ad9f6a35a8d00', '00008b3b64f60addd5efa56fa3e87508cd517be0ba3dae3a1fd9bbf45e4e9f52', 14725, 'DB')",Start_time,2018-09-24 09:47:39.443745,End_time,2018-09-24 09:47:39.482641,Duration,0:00:00.038896
Task,"(212, '2018-09-24T13:47:39.950392', {'digest': '50E721E49C013F00C62CF59F2163542A9D8DF02464EFEB615D31051B0FDDC326'}, '00022605cc142428fc84e9dd676994416507550c238f109af94b0cc7b8358136', '0005d8db61d12342b7af1a44c9b221f4f17815c24cc7433e839ad9f6a35a8d00', 1175, 'DB')",Start_time,2018-09-24 09:47:39.950392,End_time,2018-09-24 09:47:39.953383,Duration,0:00:00.002991
Task,"(213, '2018-09-24T13:47:40.434132', {'digest': '50E721E49C013F00C62CF59F2163542A9D8DF02464EFEB615D31051B0FDDC326'}, '0003762b961ac4e56704c87547e0600b015f957284c9adeeaffba0a4e22baf9b', '00022605cc142428fc84e9dd676994416507550c238f109af94b0cc7b8358136', 2016, 'DB')",Start_time,2018-09-24 09:47:40.434132,End_time,2018-09-24 09:47:40.443107,Duration,0:00:00.008975
Task,"(214, '2018-09-24T13:47:40.962684', {'digest': '50E721E49C013F00C62CF59F2163542A9D8DF02464EFEB615D31051B0FDDC326'}, '0008712b6615a30a6a000fbd5d1e6baa157d01bda3a65ab340a8fcebf724d058', '0003762b961ac4e56704c87547e0600b015f957284c9adeeaffba0a4e22baf9b', 2533, 'DB')",Start_time,2018-09-24 09:47:40.962684,End_time,2018-09-24 09:47:40.969665,Duration,0:00:00.006981
Task,"(215, '2018-09-24T13:47:40.984670', <LC.TB_data object at 0x000001F30FB21208>, '000b0cb7c4d506e261c0da83471841b420b1f459adf2f67ace60b5e82dc9fe17', '0008712b6615a30a6a000fbd5d1e6baa157d01bda3a65ab340a8fcebf724d058', 4613, 'TB')",Start_time,2018-09-24 09:47:40.984670,End_time,2018-09-24 09:47:40.996626,Duration,0:00:00.011956
Task,"(216, '2018-09-24T13:47:53.661968', 'Relative Genesis Block', '0009c5b6c33f36964c4394a891d0a27be4c2d2fb8674cd00f1910642183c0c84', '000b0cb7c4d506e261c0da83471841b420b1f459adf2f67ace60b5e82dc9fe17', 3870, 'RGB')",Start_time,2018-09-24 09:47:53.661968,End_time,2018-09-24 09:47:53.672925,Duration,0:00:00.010957
Task,"(217, '2018-09-24T13:47:53.679906', {'digest': '50E721E49C013F00C62CF59F2163542A9D8DF02464EFEB615D31051B0FDDC326'}, '0005ae6ac9f67f6a0bfe3642238ec197f162646ab617614098580776d5208ab6', '0009c5b6c33f36964c4394a891d0a27be4c2d2fb8674cd00f1910642183c0c84', 6670, 'DB')",Start_time,2018-09-24 09:47:53.679906,End_time,2018-09-24 09:47:53.704838,Duration,0:00:00.024932
Task,"(218, '2018-09-24T13:47:54.175580', {'digest': '50E721E49C013F00C62CF59F2163542A9D8DF02464EFEB615D31051B0FDDC326'}, '000552fa343c6ede2a62976d27d0e4aec71b354e3cd63712d234e1a8991c13c2', '0005ae6ac9f67f6a0bfe3642238ec197f162646ab617614098580776d5208ab6', 5929, 'DB')",Start_time,2018-09-24 09:47:54.175580,End_time,2018-09-24 09:47:54.194531,Duration,0:00:00.018951
Task,"(219, '2018-09-24T13:47:54.701176', {'digest': '50E721E49C013F00C62CF59F2163542A9D8DF02464EFEB615D31051B0FDDC326'}, '0002f165835ffbec2d0bfdacd24020889da6592b3296055fac7afb06fb9906ad', '000552fa343c6ede2a62976d27d0e4aec71b354e3cd63712d234e1a8991c13c2', 1176, 'DB')",Start_time,2018-09-24 09:47:54.701176,End_time,2018-09-24 09:47:54.711148,Duration,0:00:00.009972
Task,"(220, '2018-09-24T13:47:55.405292', {'digest': '50E721E49C013F00C62CF59F2163542A9D8DF02464EFEB615D31051B0FDDC326'}, '000eb611fac434a9acd172a661f93489151926c929d66411a80f272e7983eb03', '0002f165835ffbec2d0bfdacd24020889da6592b3296055fac7afb06fb9906ad', 4367, 'DB')",Start_time,2018-09-24 09:47:55.405292,End_time,2018-09-24 09:47:55.414269,Duration,0:00:00.008977
Task,"(221, '2018-09-24T13:47:55.926897', {'digest': '50E721E49C013F00C62CF59F2163542A9D8DF02464EFEB615D31051B0FDDC326'}, '0007ae48595034c01b4913e8e0857ee71458a57367bd3bfa1d6a801980ce2a9f', '000eb611fac434a9acd172a661f93489151926c929d66411a80f272e7983eb03', 1911, 'DB')",Start_time,2018-09-24 09:47:55.926897,End_time,2018-09-24 09:47:55.930888,Duration,0:00:00.003991
Task,"(222, '2018-09-24T13:47:56.425565', {'digest': '50E721E49C013F00C62CF59F2163542A9D8DF02464EFEB615D31051B0FDDC326'}, '0004a12d353115964b6ea9c9c46305d6ac1e7989dd3e1a05ce1877ce21b1bf8f', '0007ae48595034c01b4913e8e0857ee71458a57367bd3bfa1d6a801980ce2a9f', 1062, 'DB')",Start_time,2018-09-24 09:47:56.425565,End_time,2018-09-24 09:47:56.427558,Duration,0:00:00.001993
Task,"(223, '2018-09-24T13:47:57.123698', {'digest': '50E721E49C013F00C62CF59F2163542A9D8DF02464EFEB615D31051B0FDDC326'}, '000e22abd0bfbafcc64aa92c196283a9f1ae53c2161a10cbce5779375d0246f5', '0004a12d353115964b6ea9c9c46305d6ac1e7989dd3e1a05ce1877ce21b1bf8f', 6594, 'DB')",Start_time,2018-09-24 09:47:57.123698,End_time,2018-09-24 09:47:57.145638,Duration,0:00:00.021940
Task,"(224, '2018-09-24T13:47:57.648295', {'digest': '50E721E49C013F00C62CF59F2163542A9D8DF02464EFEB615D31051B0FDDC326'}, '00095c2d92bec0b570a1c8e49432518bd14ff3ee11131fdda79cfbface410536', '000e22abd0bfbafcc64aa92c196283a9f1ae53c2161a10cbce5779375d0246f5', 1226, 'DB')",Start_time,2018-09-24 09:47:57.648295,End_time,2018-09-24 09:47:57.651288,Duration,0:00:00.002993
Task,"(225, '2018-09-24T13:47:58.328477', {'digest': '50E721E49C013F00C62CF59F2163542A9D8DF02464EFEB615D31051B0FDDC326'}, '0009437d0390e0a5f6d97f861f3053f5d923ec071fdfe46b9ff02d58c2013a4d', '00095c2d92bec0b570a1c8e49432518bd14ff3ee11131fdda79cfbface410536', 6645, 'DB')",Start_time,2018-09-24 09:47:58.328477,End_time,2018-09-24 09:47:58.357399,Duration,0:00:00.028922
Task,"(226, '2018-09-24T13:47:58.857071', {'digest': '50E721E49C013F00C62CF59F2163542A9D8DF02464EFEB615D31051B0FDDC326'}, '000aed74c32b163757d8d537025dbca7d4a362ecea8b6f8352abbe550d485609', '0009437d0390e0a5f6d97f861f3053f5d923ec071fdfe46b9ff02d58c2013a4d', 10702, 'DB')",Start_time,2018-09-24 09:47:58.857071,End_time,2018-09-24 09:47:58.882994,Duration,0:00:00.025923
Task,"(227, '2018-09-24T13:47:58.888978', <LC.TB_data object at 0x000001F30FB1C320>, '000b0709bcbe4ddfe8b65ab5be30399c7317661be2f4f832138883faacbcdd86', '000aed74c32b163757d8d537025dbca7d4a362ecea8b6f8352abbe550d485609', 86, 'TB')",Start_time,2018-09-24 09:47:58.888978,End_time,2018-09-24 09:47:58.889977,Duration,0:00:00.000999
Task,"(228, '2018-09-24T13:48:20.057719', 'Relative Genesis Block', '000cc917c8dc4c502114569a348f46e0414850b2c3aaf80c40a16554c8988970', '000b0709bcbe4ddfe8b65ab5be30399c7317661be2f4f832138883faacbcdd86', 18, 'RGB')",Start_time,2018-09-24 09:48:20.057719,End_time,2018-09-24 09:48:20.057719,Duration,0:00:00
Task,"(229, '2018-09-24T13:48:20.062707', {'digest': '50E721E49C013F00C62CF59F2163542A9D8DF02464EFEB615D31051B0FDDC326'}, '0001b1725ecac42cdd9b07c0e979395407f0e05868118f79ba8accf7255d2803', '000cc917c8dc4c502114569a348f46e0414850b2c3aaf80c40a16554c8988970', 12541, 'DB')",Start_time,2018-09-24 09:48:20.062707,End_time,2018-09-24 09:48:20.098609,Duration,0:00:00.035902
Task,"(230, '2018-09-24T13:48:20.575336', {'digest': '50E721E49C013F00C62CF59F2163542A9D8DF02464EFEB615D31051B0FDDC326'}, '00065e385a9d877649512c4fedca73d291c03d58578871687d8e06136b9c23eb', '0001b1725ecac42cdd9b07c0e979395407f0e05868118f79ba8accf7255d2803', 3486, 'DB')",Start_time,2018-09-24 09:48:20.575336,End_time,2018-09-24 09:48:20.586339,Duration,0:00:00.011003
Task,"(231, '2018-09-24T13:48:21.277492', {'digest': '50E721E49C013F00C62CF59F2163542A9D8DF02464EFEB615D31051B0FDDC326'}, '0001c49f22f6ce560a847fe051e35c40cbdecbe410a9de40c077ddcd95630462', '00065e385a9d877649512c4fedca73d291c03d58578871687d8e06136b9c23eb', 40, 'DB')",Start_time,2018-09-24 09:48:21.277492,End_time,2018-09-24 09:48:21.277492,Duration,0:00:00
Task,"(232, '2018-09-24T13:48:21.792085', {'digest': '50E721E49C013F00C62CF59F2163542A9D8DF02464EFEB615D31051B0FDDC326'}, '000fe7b1adf636489e5d12d30f217d1aa64fb32b366df89102505a36ea5159d1', '0001c49f22f6ce560a847fe051e35c40cbdecbe410a9de40c077ddcd95630462', 2809, 'DB')",Start_time,2018-09-24 09:48:21.792085,End_time,2018-09-24 09:48:21.797069,Duration,0:00:00.004984
Task,"(233, '2018-09-24T13:48:22.290751', {'digest': '50E721E49C013F00C62CF59F2163542A9D8DF02464EFEB615D31051B0FDDC326'}, '000b3223cf96c6a1462099b409327a7f2a0eaac60f69ce05ea28db10c52bf0f6', '000fe7b1adf636489e5d12d30f217d1aa64fb32b366df89102505a36ea5159d1', 14910, 'DB')",Start_time,2018-09-24 09:48:22.290751,End_time,2018-09-24 09:48:22.335629,Duration,0:00:00.044878
Task,"(234, '2018-09-24T13:48:23.030771', {'digest': '50E721E49C013F00C62CF59F2163542A9D8DF02464EFEB615D31051B0FDDC326'}, '00009b1da63a50883d80cf2502dc1817e2ce0d5f5cff01126bcf8575019c1d00', '000b3223cf96c6a1462099b409327a7f2a0eaac60f69ce05ea28db10c52bf0f6', 583, 'DB')",Start_time,2018-09-24 09:48:23.030771,End_time,2018-09-24 09:48:23.033764,Duration,0:00:00.002993
Task,"(235, '2018-09-24T13:48:23.552377', {'digest': '50E721E49C013F00C62CF59F2163542A9D8DF02464EFEB615D31051B0FDDC326'}, '00028a840bf060c42587e0afa8de54f20d596fb6f761464ecdebae359eb28214', '00009b1da63a50883d80cf2502dc1817e2ce0d5f5cff01126bcf8575019c1d00', 2646, 'DB')",Start_time,2018-09-24 09:48:23.552377,End_time,2018-09-24 09:48:23.557363,Duration,0:00:00.004986
Task,"(236, '2018-09-24T13:48:24.244528', {'digest': '50E721E49C013F00C62CF59F2163542A9D8DF02464EFEB615D31051B0FDDC326'}, '0008e71d9ae73d03aaabae00d3c6632f31fda1d9ef3fbba2b5832893dfdbc50a', '00028a840bf060c42587e0afa8de54f20d596fb6f761464ecdebae359eb28214', 4223, 'DB')",Start_time,2018-09-24 09:48:24.244528,End_time,2018-09-24 09:48:24.259487,Duration,0:00:00.014959
Task,"(237, '2018-09-24T13:48:24.768129', {'digest': '50E721E49C013F00C62CF59F2163542A9D8DF02464EFEB615D31051B0FDDC326'}, '0008d7c5a03c83e99ee7a485c15c56d9ba3c520aecafbcdcde94460542484198', '0008e71d9ae73d03aaabae00d3c6632f31fda1d9ef3fbba2b5832893dfdbc50a', 2345, 'DB')",Start_time,2018-09-24 09:48:24.768129,End_time,2018-09-24 09:48:24.773113,Duration,0:00:00.004984
Task,"(238, '2018-09-24T13:48:25.265795', {'digest': '50E721E49C013F00C62CF59F2163542A9D8DF02464EFEB615D31051B0FDDC326'}, '000ff8c0a3808bb3cd64d83e2eef3be48384fb6dad09c05ac4ea5323e67ea2db', '0008d7c5a03c83e99ee7a485c15c56d9ba3c520aecafbcdcde94460542484198', 30751, 'DB')",Start_time,2018-09-24 09:48:25.265795,End_time,2018-09-24 09:48:25.341591,Duration,0:00:00.075796
Task,"(239, '2018-09-24T13:48:25.346616', <LC.TB_data object at 0x000001F30FABC128>, '0001cac89676d7426efb154b2d0c7d2916a0cc5c91569d16da597b0d58805bf0', '000ff8c0a3808bb3cd64d83e2eef3be48384fb6dad09c05ac4ea5323e67ea2db', 24, 'TB')",Start_time,2018-09-24 09:48:25.346616,End_time,2018-09-24 09:48:25.346616,Duration,0:00:00
