Task,"(0, '2018-09-25T22:16:44.784552', 'A Genesis Block for Superblockchain', '000fb0a0fdd16ec732b1034cee6cdbb7fa4d33f0d24443d9eff8f41e596e1489', '0000000000000000000000000000000000000000000000000000000000000000', 331, 'SBC-GB')",Start_time,2018-09-25 18:16:45.318120,End_time,2018-09-25 18:17:05.639166,Duration,0:00:20.321046
Task,"(1, '2018-09-25T22:16:44.786543', (11, '2018-09-25T22:16:44.776571', 'aggr_hash: aea0873d0525af11255f9d32511effc29cd385c06e0d491b7304edc13bb4974d', 'timestamp_from: 2018-09-25T22:16:39.415916', 'timestamp_to: 2018-09-25T22:16:44.752634', 'index_from: 0', 'index_to: 10', '000b9906c59919204b528cfaf8429c02d03e54c8c03dfd95022f8354cf5174f6', '000926d493121e8b164ce1b5bc063e7002bc3c4eae730eed7f646b0c838e0282', 647, 'TB'), '0003237f74547c1332e0a2f280ed38b0f888359da300760ce181f46ea709b329', '000fb0a0fdd16ec732b1034cee6cdbb7fa4d33f0d24443d9eff8f41e596e1489', 1334, 'SB')",Start_time,2018-09-25 18:17:05.749837,End_time,2018-09-25 18:17:26.905897,Duration,0:00:21.156060
Task,"(2, '2018-09-25T22:17:32.005269', (23, '2018-09-25T22:17:31.988305', 'aggr_hash: 4c4b64bc6be87795e5bed90fe1952fd1c0616d1bb347424d99b4ede3cb0cc394', 'timestamp_from: 2018-09-25T22:17:27.431492', 'timestamp_to: 2018-09-25T22:17:31.966365', 'index_from: 12', 'index_to: 22', '0008e7bac185db8bad05f406c0bba2c72820eb0d4d2ba902d0f484ee76e48aef', '00041e7f22342149ea66e8b105e0f5070069073d6a483c45502476e08aad81e4', 3679, 'TB'), '0001d5a0ce65d62dc9c0a01976396acf24a9c7a067cc54d32d81b1035e8793b8', '0003237f74547c1332e0a2f280ed38b0f888359da300760ce181f46ea709b329', 1125, 'SB')",Start_time,2018-09-25 18:17:32.301500,End_time,2018-09-25 18:17:42.709864,Duration,0:00:10.408364
Task,"(3, '2018-09-25T22:17:47.555903', (35, '2018-09-25T22:17:47.530004', 'aggr_hash: 6b98d5db859aa194aa0a0a1c5d8105e0d11326d86be6f297cdbdb8cc2ec6edb2', 'timestamp_from: 2018-09-25T22:17:43.174620', 'timestamp_to: 2018-09-25T22:17:47.506037', 'index_from: 24', 'index_to: 34', '000f9f62953dc3112c1fb17fe11f4a5a10d1dc806a52aa673395f5b1d6161435', '0007fc39da09c6aa2e7e86ace1c1a9e5926862f35ceee0e61f97c754771a3017', 9808, 'TB'), '0003b1e1ca5e4d4f147457f7eedc7ac7754c76b447a9cdd3638b50892d1ac6c8', '0001d5a0ce65d62dc9c0a01976396acf24a9c7a067cc54d32d81b1035e8793b8', 1569, 'SB')",Start_time,2018-09-25 18:17:47.840144,End_time,2018-09-25 18:18:18.499483,Duration,0:00:30.659339
Task,"(4, '2018-09-25T22:18:23.476108', (47, '2018-09-25T22:18:23.467131', 'aggr_hash: 2bd9741bb00d10a20327e1284c7a7a7aedf084298618ce944a4a021693d3ece8', 'timestamp_from: 2018-09-25T22:18:18.999080', 'timestamp_to: 2018-09-25T22:18:23.440204', 'index_from: 36', 'index_to: 46', '000a42a1064975ed6e925aa76375629496914f2fae7636bdf43388d9fcc71b9a', '000b560a7d61f710e4790bd953671621f3ef569af09bc5c01189248eb0f05ff0', 1719, 'TB'), '000048117546b3eb2dcd4f3d2190d31b754d4900567caec5301d273573250dce', '0003b1e1ca5e4d4f147457f7eedc7ac7754c76b447a9cdd3638b50892d1ac6c8', 611, 'SB')",Start_time,2018-09-25 18:18:23.748379,End_time,2018-09-25 18:19:04.219643,Duration,0:00:40.471264
Task,"(5, '2018-09-25T22:19:09.198371', (59, '2018-09-25T22:19:09.168406', 'aggr_hash: 85dac768abee8905cff0b869ef51acdc3d011f2f0eb06d323a05d05caa6d5902', 'timestamp_from: 2018-09-25T22:19:04.693374', 'timestamp_to: 2018-09-25T22:19:09.156438', 'index_from: 48', 'index_to: 58', '00095d45748929e7f08a7d9efca30632a8fff1ff0721149f7e0d962c64ca254c', '000a92b2099b4e0e98a1ad748afb7fca29fc63d0f9fab1bd3f04b41af87f3f49', 10196, 'TB'), '00051baf58279b6d8d047c9e95a75136a4622f067c5f2ec7465ad5d5c1a7c054', '000048117546b3eb2dcd4f3d2190d31b754d4900567caec5301d273573250dce', 11086, 'SB')",Start_time,2018-09-25 18:19:10.084210,End_time,2018-09-25 18:19:20.300388,Duration,0:00:10.216178
Task,"(6, '2018-09-25T22:19:25.275085', (71, '2018-09-25T22:19:25.264114', 'aggr_hash: 2caef43eb08ad9bff40503f6fdd4084a8528458de79fc4cd55bb6a8c623f7374', 'timestamp_from: 2018-09-25T22:19:20.761156', 'timestamp_to: 2018-09-25T22:19:25.230237', 'index_from: 60', 'index_to: 70', '000114d63134109ffd160ee6169b53ee243d569e5115e8126c705460b785a823', '000dd1e8097a5a29c858e59a1df758b75e5ddbedabc779d64f8166f12c0cad30', 2359, 'TB'), '0004376956e591f1b01a07db8a3f989fb0ed01f8c50c22beeca68a7f3af90497', '00051baf58279b6d8d047c9e95a75136a4622f067c5f2ec7465ad5d5c1a7c054', 4083, 'SB')",Start_time,2018-09-25 18:19:25.550380,End_time,2018-09-25 18:19:45.852054,Duration,0:00:20.301674
Task,"(7, '2018-09-25T22:19:51.353343', (83, '2018-09-25T22:19:51.342373', 'aggr_hash: 7cfa3a547f51c10928f120b7996ce60cdebbd8ebe1ddb30168ebafeef339aab8', 'timestamp_from: 2018-09-25T22:19:46.367706', 'timestamp_to: 2018-09-25T22:19:51.332399', 'index_from: 72', 'index_to: 82', '000074c4267e177df2569440d6fb35de55bee22060771fc4e1e03275c12297c8', '00056e633440ea2c9c129d48901a215da78e5eaa78a2aea0e0b1b0efad940458', 528, 'TB'), '00057233039582571d9db907057e5a80aab11ee23f6b1163c03e276d61a9b7f3', '0004376956e591f1b01a07db8a3f989fb0ed01f8c50c22beeca68a7f3af90497', 4197, 'SB')",Start_time,2018-09-25 18:19:51.648585,End_time,2018-09-25 18:20:01.878774,Duration,0:00:10.230189
Task,"(8, '2018-09-25T22:20:06.755733', (95, '2018-09-25T22:20:06.710854', 'aggr_hash: 8d4654ccfbc02da8e82341df18b6d771aed89fc79c61009ece3dac91baa8738f', 'timestamp_from: 2018-09-25T22:20:02.331565', 'timestamp_to: 2018-09-25T22:20:06.704869', 'index_from: 84', 'index_to: 94', '000d5d7ab6eabeac386c1347ff69108bdbfcf818951f8cd7cc105b753cdabc5d', '000d739597056462164a403c00b19250335dcac4260b01aef536daa4c29fe77d', 15029, 'TB'), '000937e2310d2ebf39992bc204ebaa5d7680031c6173e04f980c3212da341bea', '00057233039582571d9db907057e5a80aab11ee23f6b1163c03e276d61a9b7f3', 8051, 'SB')",Start_time,2018-09-25 18:20:07.987686,End_time,2018-09-25 18:20:18.405391,Duration,0:00:10.417705
Task,"(9, '2018-09-25T22:20:23.243452', (107, '2018-09-25T22:20:23.231487', 'aggr_hash: 19e195073721b702038ff1cecdea993a90870adf2b6ca419df38800e13433223', 'timestamp_from: 2018-09-25T22:20:18.854194', 'timestamp_to: 2018-09-25T22:20:23.224504', 'index_from: 96', 'index_to: 106', '000bfa1613aa24ea21ae8d091cfe86102bce0067c9865aefe1dc368d5d68c1b4', '000c970e994ce9b6fdb184dc26e8c4869a642611415fb860b4d28e0e402e84cb', 2107, 'TB'), '000fae06cf461c15bdb27ee9a07880f0c77a2839c9e0ca2027ffedc489b66059', '000937e2310d2ebf39992bc204ebaa5d7680031c6173e04f980c3212da341bea', 267, 'SB')",Start_time,2018-09-25 18:20:23.544646,End_time,2018-09-25 18:20:53.923351,Duration,0:00:30.378705
Task,"(10, '2018-09-25T22:20:58.986807', (119, '2018-09-25T22:20:58.979826', 'aggr_hash: 6f57ec206baeca80d249568e0ac382617f3f7d3d46360dce5a2cee4afbea6ef5', 'timestamp_from: 2018-09-25T22:20:54.379167', 'timestamp_to: 2018-09-25T22:20:58.971848', 'index_from: 108', 'index_to: 118', '0002a01434a730b377ebc1f3c536c28d05a623d7bebbbc70530e33a63c4a0652', '000373fed8425692c3938468d8900c0b059fb6aa8800efaf27a6a2320502dcc8', 123, 'TB'), '000f77201d52578fcf195127a8ccbe894d7db59bcb1ef26941a268a025ce8790', '000fae06cf461c15bdb27ee9a07880f0c77a2839c9e0ca2027ffedc489b66059', 198, 'SB')",Start_time,2018-09-25 18:20:59.303960,End_time,2018-09-25 18:21:09.580476,Duration,0:00:10.276516
Task,"(11, '2018-09-25T22:21:14.772592', (131, '2018-09-25T22:21:14.759625', 'aggr_hash: 4636f42bb23c97639104543a9b1f5b7aa7d6328611251fce7473a826f2246db4', 'timestamp_from: 2018-09-25T22:21:10.096131', 'timestamp_to: 2018-09-25T22:21:14.729708', 'index_from: 120', 'index_to: 130', '000428bfddea2694eab668604b431e53239d98ae9b133fff04157aa30e6dde6d', '0002867f905c1f763b65f59d076d53ab6ce94fbfb6f9b7fdaba811436d158285', 4267, 'TB'), '000ffcce576c9531f7e3819aa36cf878cc548dfb1ac768a412599f1d74b578d4', '000f77201d52578fcf195127a8ccbe894d7db59bcb1ef26941a268a025ce8790', 1226, 'SB')",Start_time,2018-09-25 18:21:15.094732,End_time,2018-09-25 18:22:05.654882,Duration,0:00:50.560150
Task,"(12, '2018-09-25T22:22:10.687425', (143, '2018-09-25T22:22:10.675455', 'aggr_hash: 9a5096952c3eedbda33e53cdbf28af78ecba02c09e4739c196930029088fee39', 'timestamp_from: 2018-09-25T22:22:06.143576', 'timestamp_to: 2018-09-25T22:22:10.658501', 'index_from: 132', 'index_to: 142', '00059090de3483c6133f7532f69c39cbd1755a2fe1f1b9600644d0b7334449ac', '000763dd373b2c96f6fd5c3ecc2cb3b8aae21488d5967f143f8763c404524f8e', 3241, 'TB'), '000ceae5fcf99b9cf9610f3e2bba3b96221df49946cf21343b2d13d282aeca33', '000ffcce576c9531f7e3819aa36cf878cc548dfb1ac768a412599f1d74b578d4', 4297, 'SB')",Start_time,2018-09-25 18:22:10.990613,End_time,2018-09-25 18:22:41.413927,Duration,0:00:30.423314
Task,"(13, '2018-09-25T22:22:46.426518', (155, '2018-09-25T22:22:46.392577', 'aggr_hash: d7323e2c284a296416825524748f7e72e71de90e9dbaad76428edba0c5367450', 'timestamp_from: 2018-09-25T22:22:41.885629', 'timestamp_to: 2018-09-25T22:22:46.382603', 'index_from: 144', 'index_to: 154', '000156b40ed77f5177e1074e207567109f1b06507901556ece4fa014185a27e3', '0007fefcaecbd2bfcde741eb13d87b7c671ef975dcde3c30bfb939a52bec8763', 9652, 'TB'), '000eb4254809e243c82cf658b1679c59c987827fe23a911ac0bb3cb2b9040c96', '000ceae5fcf99b9cf9610f3e2bba3b96221df49946cf21343b2d13d282aeca33', 4830, 'SB')",Start_time,2018-09-25 18:22:47.000949,End_time,2018-09-25 18:22:57.402133,Duration,0:00:10.401184
Task,"(14, '2018-09-25T22:23:02.345911', (167, '2018-09-25T22:23:02.336937', 'aggr_hash: 2dcfe122cd0a77cdc4cdfc7ec716bb2b2c82e25921a60779aa48de16c50b37bb', 'timestamp_from: 2018-09-25T22:22:57.856916', 'timestamp_to: 2018-09-25T22:23:02.323969', 'index_from: 156', 'index_to: 166', '000f819cbc46f703ac80ccef4bfcac2b354c40c04af65091fdcc66c1dd508bfb', '000fc7c2739e81117db81d640d32853898a2b83241657e5ec82109b63b6a042e', 1367, 'TB'), '00033219323cd47a26a079c3e1554df00a3ce0e8ffd5eeb2796d02b7e93ab1b8', '000eb4254809e243c82cf658b1679c59c987827fe23a911ac0bb3cb2b9040c96', 6015, 'SB')",Start_time,2018-09-25 18:23:02.635137,End_time,2018-09-25 18:23:12.888963,Duration,0:00:10.253826
Task,"(15, '2018-09-25T22:23:17.875627', (179, '2018-09-25T22:23:17.863658', 'aggr_hash: 5e294131626ae67f1b528b025333d5e39cff13126fa130febf8f537c5df05c06', 'timestamp_from: 2018-09-25T22:23:13.351724', 'timestamp_to: 2018-09-25T22:23:17.856677', 'index_from: 168', 'index_to: 178', '0001efce2e44a43136645106c56fe00570c77a436bd5ce505ab6a6ec585dee56', '000c1eb3b85767d32d9df0e08b4f1ee3f63d2461b8dc87b52645849d08fdfd8a', 3469, 'TB'), '00000ab0d9c43701aa1b667e0074fab54aa5f3a4f78694a843b040adce76776b', '00033219323cd47a26a079c3e1554df00a3ce0e8ffd5eeb2796d02b7e93ab1b8', 2003, 'SB')",Start_time,2018-09-25 18:23:18.182805,End_time,2018-09-25 18:23:28.559497,Duration,0:00:10.376692
Task,"(16, '2018-09-25T22:23:33.779538', (191, '2018-09-25T22:23:33.758592', 'aggr_hash: ff345ae490e5bfc7f86c2f2c926fa68d6ddab7ceec812f2ef4e8d6aa00bdf1d3', 'timestamp_from: 2018-09-25T22:23:29.074123', 'timestamp_to: 2018-09-25T22:23:33.728674', 'index_from: 180', 'index_to: 190', '000d5312251498cb66ce34bb10f2aa63657a13fca70d82a01fda55986a6f7c80', '0008f77a75588e71897a193f4dfe5964fccec700dbde35d1105d40144273161b', 3714, 'TB'), '00071cd67d1edf788ceb38d6e9fe7ad6158785987debcc0816c2902c5eeb0b5a', '00000ab0d9c43701aa1b667e0074fab54aa5f3a4f78694a843b040adce76776b', 4635, 'SB')",Start_time,2018-09-25 18:23:34.121656,End_time,2018-09-25 18:24:04.540073,Duration,0:00:30.418417
Task,"(17, '2018-09-25T22:24:09.921679', (203, '2018-09-25T22:24:09.903733', 'aggr_hash: 9c533464a34718182ce65b44232c6b35fd7bd5271b79e73012c8a020bd30039f', 'timestamp_from: 2018-09-25T22:24:05.025773', 'timestamp_to: 2018-09-25T22:24:09.896745', 'index_from: 192', 'index_to: 202', '0002b65c063ea29fb243a131707769c2ba5b21d71fb984c022a7cb129f1aab4a', '000566e4bf04aa57c228278eae67db6711067b1388de3c70ebf0114d93393471', 4988, 'TB'), '000f6d223c537932f8c046092257f6eaefd99b961bdaa30a4d8d23955b680fb7', '00071cd67d1edf788ceb38d6e9fe7ad6158785987debcc0816c2902c5eeb0b5a', 470, 'SB')",Start_time,2018-09-25 18:24:10.234858,End_time,2018-09-25 18:24:30.591404,Duration,0:00:20.356546
Task,"(18, '2018-09-25T22:24:36.156518', (215, '2018-09-25T22:24:36.123606', 'aggr_hash: 8f984c1b535dbf8c4129e7f5e7b21469bb99fa0b52be8b6855a8cebaf71f3c63', 'timestamp_from: 2018-09-25T22:24:31.090069', 'timestamp_to: 2018-09-25T22:24:36.115628', 'index_from: 204', 'index_to: 214', '000f78d0e04dc0243ff0ea054ce1922d17fcdffe00d8f0560e84466f470753d7', '000b731d463c7d41925da33099b1c124e1d7a18389044a3f2c8093b96e8b65fd', 10322, 'TB'), '000d944b491c46d08fdc1fb79e5749dd22a9ddc9ad8b9367e611db575781ff75', '000f6d223c537932f8c046092257f6eaefd99b961bdaa30a4d8d23955b680fb7', 972, 'SB')",Start_time,2018-09-25 18:24:36.624266,End_time,2018-09-25 18:24:47.690671,Duration,0:00:11.066405
Task,"(19, '2018-09-25T22:24:52.655395', (227, '2018-09-25T22:24:52.646418', 'aggr_hash: 77bfef4109e760223e15fc7b9c597f570d4727d039ce7f18dbad3e2b65473e18', 'timestamp_from: 2018-09-25T22:24:48.185349', 'timestamp_to: 2018-09-25T22:24:52.630463', 'index_from: 216', 'index_to: 226', '0004731cbe0b34dfbb63a3162f69f366f0a13d931a38ada559bd65a8d500efe9', '000819dd7797fdbb0dbe7c0b2599dfe898ee2cdf2883afcb2daa6c7740869f0d', 280, 'TB'), '00014eddcc488c4c3461267bc9c461010eca4920feeb269464b9ae8efca9b089', '000d944b491c46d08fdc1fb79e5749dd22a9ddc9ad8b9367e611db575781ff75', 3985, 'SB')",Start_time,2018-09-25 18:24:53.105227,End_time,2018-09-25 18:25:33.573134,Duration,0:00:40.467907
Task,"(20, '2018-09-25T22:25:38.799108', (239, '2018-09-25T22:25:38.779163', 'aggr_hash: f326845a61c2fa1dbf1b46166dd267fd432cfb60c7c636e64ab176c38e529a7f', 'timestamp_from: 2018-09-25T22:25:34.147550', 'timestamp_to: 2018-09-25T22:25:38.773178', 'index_from: 228', 'index_to: 238', '0000b7ce3d03f931b0c1a108bd8a57ad61abd960f9fd2478b6d789db6448600d', '00085cec5325ce19cf442c618e2a8565355d127e02b16ba19c1d31858a1da8cd', 5915, 'TB'), '0002711b36afa8ef47672a6503922cd6650a5ecf16a83325b2735d6b2dd6e620', '00014eddcc488c4c3461267bc9c461010eca4920feeb269464b9ae8efca9b089', 638, 'SB')",Start_time,2018-09-25 18:25:39.424436,End_time,2018-09-25 18:25:49.928835,Duration,0:00:10.504399
