Task,"(0, '2019-10-28T23:13:14.228831', 'Absolute Genesis Block', '000bfd02f1d34a9360913a0e7449cd1933fd0b4dad9b76524e4c55102bc04ae8', '0000000000000000000000000000000000000000000000000000000000000000', 1993, 'AGB')",Start_time,2019-10-28 19:13:14.228831,End_time,2019-10-28 19:13:14.234804,Duration,0:00:00.005973
Task,"(1, '2019-10-28T23:13:14.235809', {'digest': 'C38B226D489D312EE7FC940C42E5651046F8827AFF9D8226CF06BAFA6591B217'}, '000209658f521a367552d6d424fea9c2bd06fa72b843880318d181bcb5bf5767', '000bfd02f1d34a9360913a0e7449cd1933fd0b4dad9b76524e4c55102bc04ae8', 8029, 'DB')",Start_time,2019-10-28 19:13:14.235809,End_time,2019-10-28 19:13:14.271807,Duration,0:00:00.035998
Task,"(2, '2019-10-28T23:13:14.308807', {'digest': 'C38B226D489D312EE7FC940C42E5651046F8827AFF9D8226CF06BAFA6591B217'}, '0006e26d65596b129418378f61295f545206ce23b6593d03a4a99b71cf3cb454', '000209658f521a367552d6d424fea9c2bd06fa72b843880318d181bcb5bf5767', 1935, 'DB')",Start_time,2019-10-28 19:13:14.308807,End_time,2019-10-28 19:13:14.317807,Duration,0:00:00.009000
Task,"(3, '2019-10-28T23:13:14.411810', {'digest': 'C38B226D489D312EE7FC940C42E5651046F8827AFF9D8226CF06BAFA6591B217'}, '00022fe24f33d09a87f1710b850c6bbcd1d067704cdd90b12bd7a857fc0e2abb', '0006e26d65596b129418378f61295f545206ce23b6593d03a4a99b71cf3cb454', 4958, 'DB')",Start_time,2019-10-28 19:13:14.411810,End_time,2019-10-28 19:13:14.435807,Duration,0:00:00.023997
Task,"(4, '2019-10-28T23:13:14.475815', {'digest': 'C38B226D489D312EE7FC940C42E5651046F8827AFF9D8226CF06BAFA6591B217'}, '000920a4766b6f33687d697461f2eaac5e1e3b74febb2313aa9fc6853ab06fba', '00022fe24f33d09a87f1710b850c6bbcd1d067704cdd90b12bd7a857fc0e2abb', 1388, 'DB')",Start_time,2019-10-28 19:13:14.475815,End_time,2019-10-28 19:13:14.480807,Duration,0:00:00.004992
Task,"(5, '2019-10-28T23:13:14.513808', {'digest': 'C38B226D489D312EE7FC940C42E5651046F8827AFF9D8226CF06BAFA6591B217'}, '0007af2fb15bd171b4c1421507273f2e4e6b2eeb35ce94a838017603e4facfc0', '000920a4766b6f33687d697461f2eaac5e1e3b74febb2313aa9fc6853ab06fba', 2574, 'DB')",Start_time,2019-10-28 19:13:14.513808,End_time,2019-10-28 19:13:14.526812,Duration,0:00:00.013004
Task,"(6, '2019-10-28T23:13:14.563810', {'digest': 'C38B226D489D312EE7FC940C42E5651046F8827AFF9D8226CF06BAFA6591B217'}, '00094e2f82640efb0afbd7dfd288663371877aa6e0e271fe749d5bdb38595013', '0007af2fb15bd171b4c1421507273f2e4e6b2eeb35ce94a838017603e4facfc0', 3882, 'DB')",Start_time,2019-10-28 19:13:14.563810,End_time,2019-10-28 19:13:14.581807,Duration,0:00:00.017997
Task,"(7, '2019-10-28T23:13:14.615821', {'digest': 'C38B226D489D312EE7FC940C42E5651046F8827AFF9D8226CF06BAFA6591B217'}, '0008c7d98cae5a3386eefa3e7bffcd654840e47d770b8c3a413fcb5a8b5122ad', '00094e2f82640efb0afbd7dfd288663371877aa6e0e271fe749d5bdb38595013', 4335, 'DB')",Start_time,2019-10-28 19:13:14.615821,End_time,2019-10-28 19:13:14.633806,Duration,0:00:00.017985
Task,"(8, '2019-10-28T23:13:14.670808', {'digest': 'C38B226D489D312EE7FC940C42E5651046F8827AFF9D8226CF06BAFA6591B217'}, '000864a0ff33e13ce85709819b924b8b7aff575ba613a27e7c6bdbcddd38c3fd', '0008c7d98cae5a3386eefa3e7bffcd654840e47d770b8c3a413fcb5a8b5122ad', 2844, 'DB')",Start_time,2019-10-28 19:13:14.670808,End_time,2019-10-28 19:13:14.687807,Duration,0:00:00.016999
Task,"(9, '2019-10-28T23:13:14.731808', {'digest': 'C38B226D489D312EE7FC940C42E5651046F8827AFF9D8226CF06BAFA6591B217'}, '000e489255bbf2c153cce03dd53a39e65a4fcecbc2363362a3b4f0df318540a4', '000864a0ff33e13ce85709819b924b8b7aff575ba613a27e7c6bdbcddd38c3fd', 7296, 'DB')",Start_time,2019-10-28 19:13:14.731808,End_time,2019-10-28 19:13:14.770820,Duration,0:00:00.039012
Task,"(10, '2019-10-28T23:13:14.807807', {'digest': 'C38B226D489D312EE7FC940C42E5651046F8827AFF9D8226CF06BAFA6591B217'}, '000f7527fcfdefb1e7b77666937c4f674fdbde15d006749c4ce14a9ab52ae22b', '000e489255bbf2c153cce03dd53a39e65a4fcecbc2363362a3b4f0df318540a4', 875, 'DB')",Start_time,2019-10-28 19:13:14.807807,End_time,2019-10-28 19:13:14.809805,Duration,0:00:00.001998
Task,"(11, '2019-10-28T23:13:14.815808', <LC.TB_data object at 0x000001AA3E9C60F0>, '00073c1d18501103545ac8d2872b9666e2526ff3fc3f35d4951a6c395229dd82', '000f7527fcfdefb1e7b77666937c4f674fdbde15d006749c4ce14a9ab52ae22b', 1526, 'TB')",Start_time,2019-10-28 19:13:14.815808,End_time,2019-10-28 19:13:14.821808,Duration,0:00:00.006000
Task,"(12, '2019-10-28T23:13:15.070807', 'Relative Genesis Block', '000058222305de7cb9f3b114d0b49aa12b5ad7a7d17760c75fd33eae4d0658c0', '00073c1d18501103545ac8d2872b9666e2526ff3fc3f35d4951a6c395229dd82', 3557, 'RGB')",Start_time,2019-10-28 19:13:15.070807,End_time,2019-10-28 19:13:15.091913,Duration,0:00:00.021106
Task,"(13, '2019-10-28T23:13:15.095813', {'digest': 'C38B226D489D312EE7FC940C42E5651046F8827AFF9D8226CF06BAFA6591B217'}, '0007ba94fcddadcef9dd1d2a7f4cdbf3bfbf86aa53ce19b7fe73482fa47b7682', '000058222305de7cb9f3b114d0b49aa12b5ad7a7d17760c75fd33eae4d0658c0', 753, 'DB')",Start_time,2019-10-28 19:13:15.095813,End_time,2019-10-28 19:13:15.100808,Duration,0:00:00.004995
Task,"(14, '2019-10-28T23:13:15.132807', {'digest': 'C38B226D489D312EE7FC940C42E5651046F8827AFF9D8226CF06BAFA6591B217'}, '000baaeb965a9b97290c42adb8eab8f14eaa108326420222acbb7407c4f550ea', '0007ba94fcddadcef9dd1d2a7f4cdbf3bfbf86aa53ce19b7fe73482fa47b7682', 4102, 'DB')",Start_time,2019-10-28 19:13:15.132807,End_time,2019-10-28 19:13:15.147805,Duration,0:00:00.014998
Task,"(15, '2019-10-28T23:13:15.186806', {'digest': 'C38B226D489D312EE7FC940C42E5651046F8827AFF9D8226CF06BAFA6591B217'}, '00033d35ab5b7fff97d56729aa578b7d4978b6ab51fccb81e79c85b28b0315f3', '000baaeb965a9b97290c42adb8eab8f14eaa108326420222acbb7407c4f550ea', 817, 'DB')",Start_time,2019-10-28 19:13:15.186806,End_time,2019-10-28 19:13:15.188805,Duration,0:00:00.001999
Task,"(16, '2019-10-28T23:13:15.242809', {'digest': 'C38B226D489D312EE7FC940C42E5651046F8827AFF9D8226CF06BAFA6591B217'}, '0009a5700a841c0979ed769317921be8801a20c9e120b0683ae7a16a40745660', '00033d35ab5b7fff97d56729aa578b7d4978b6ab51fccb81e79c85b28b0315f3', 724, 'DB')",Start_time,2019-10-28 19:13:15.242809,End_time,2019-10-28 19:13:15.250807,Duration,0:00:00.007998
Task,"(17, '2019-10-28T23:13:15.299809', {'digest': 'C38B226D489D312EE7FC940C42E5651046F8827AFF9D8226CF06BAFA6591B217'}, '000d398be0b7958515c537d4aae1b5f0395c675ad748259c49ce74c968accde7', '0009a5700a841c0979ed769317921be8801a20c9e120b0683ae7a16a40745660', 2096, 'DB')",Start_time,2019-10-28 19:13:15.299809,End_time,2019-10-28 19:13:15.311806,Duration,0:00:00.011997
Task,"(18, '2019-10-28T23:13:15.355807', {'digest': 'C38B226D489D312EE7FC940C42E5651046F8827AFF9D8226CF06BAFA6591B217'}, '0007d9d31b59114b44edb89af492be4031c03df9ae7753b7922bf3b5a2145b5a', '000d398be0b7958515c537d4aae1b5f0395c675ad748259c49ce74c968accde7', 6936, 'DB')",Start_time,2019-10-28 19:13:15.355807,End_time,2019-10-28 19:13:15.375807,Duration,0:00:00.020000
Task,"(19, '2019-10-28T23:13:15.411808', {'digest': 'C38B226D489D312EE7FC940C42E5651046F8827AFF9D8226CF06BAFA6591B217'}, '000c30abee30f70dbfed816eca8a24fb90882bd5a5a1f935018f40f21b0856de', '0007d9d31b59114b44edb89af492be4031c03df9ae7753b7922bf3b5a2145b5a', 7333, 'DB')",Start_time,2019-10-28 19:13:15.411808,End_time,2019-10-28 19:13:15.443804,Duration,0:00:00.031996
Task,"(20, '2019-10-28T23:13:15.477808', {'digest': 'C38B226D489D312EE7FC940C42E5651046F8827AFF9D8226CF06BAFA6591B217'}, '000d80833cbea657a894bec97431be7ffb130c8d87d4fc5dc5f2d349ad32c806', '000c30abee30f70dbfed816eca8a24fb90882bd5a5a1f935018f40f21b0856de', 3554, 'DB')",Start_time,2019-10-28 19:13:15.477808,End_time,2019-10-28 19:13:15.490806,Duration,0:00:00.012998
Task,"(21, '2019-10-28T23:13:15.529806', {'digest': 'C38B226D489D312EE7FC940C42E5651046F8827AFF9D8226CF06BAFA6591B217'}, '00082b943013e4a0e88893f39325004a6de67ee5a49eee22dd072751dd0e0ff7', '000d80833cbea657a894bec97431be7ffb130c8d87d4fc5dc5f2d349ad32c806', 3223, 'DB')",Start_time,2019-10-28 19:13:15.529806,End_time,2019-10-28 19:13:15.544810,Duration,0:00:00.015004
Task,"(22, '2019-10-28T23:13:15.584811', {'digest': 'C38B226D489D312EE7FC940C42E5651046F8827AFF9D8226CF06BAFA6591B217'}, '00024d90226791aa0a5015f412352ee3ba7ec0cded83ca6b2d57897f508761f2', '00082b943013e4a0e88893f39325004a6de67ee5a49eee22dd072751dd0e0ff7', 8750, 'DB')",Start_time,2019-10-28 19:13:15.584811,End_time,2019-10-28 19:13:15.632809,Duration,0:00:00.047998
Task,"(23, '2019-10-28T23:13:15.633807', <LC.TB_data object at 0x000001AA3E9E0208>, '00052e05abef35a2c043aea73226c2cb264c789b529b2ac2eefafc1862e1083b', '00024d90226791aa0a5015f412352ee3ba7ec0cded83ca6b2d57897f508761f2', 1329, 'TB')",Start_time,2019-10-28 19:13:15.633807,End_time,2019-10-28 19:13:15.638804,Duration,0:00:00.004997
Task,"(24, '2019-10-28T23:13:15.843811', 'Relative Genesis Block', '00046b661e12417c39ad8e8623ecb4b545d2e882509d70ed37e9b832af89a305', '00052e05abef35a2c043aea73226c2cb264c789b529b2ac2eefafc1862e1083b', 1398, 'RGB')",Start_time,2019-10-28 19:13:15.843811,End_time,2019-10-28 19:13:15.855807,Duration,0:00:00.011996
Task,"(25, '2019-10-28T23:13:15.856806', {'digest': 'C38B226D489D312EE7FC940C42E5651046F8827AFF9D8226CF06BAFA6591B217'}, '000c467bb061d695fe9dd157486c43b8f59e5a73f3af9abd50501b3c5f3400f6', '00046b661e12417c39ad8e8623ecb4b545d2e882509d70ed37e9b832af89a305', 347, 'DB')",Start_time,2019-10-28 19:13:15.856806,End_time,2019-10-28 19:13:15.858806,Duration,0:00:00.002000
Task,"(26, '2019-10-28T23:13:15.892812', {'digest': 'C38B226D489D312EE7FC940C42E5651046F8827AFF9D8226CF06BAFA6591B217'}, '00092a37e200c74e064517a091bf5d7d9fd99f039f76a2c859c09d019d6a3a70', '000c467bb061d695fe9dd157486c43b8f59e5a73f3af9abd50501b3c5f3400f6', 5985, 'DB')",Start_time,2019-10-28 19:13:15.892812,End_time,2019-10-28 19:13:15.923806,Duration,0:00:00.030994
Task,"(27, '2019-10-28T23:13:15.957807', {'digest': 'C38B226D489D312EE7FC940C42E5651046F8827AFF9D8226CF06BAFA6591B217'}, '000314c590679de237bd51802e5ceed396c8ad3d61664e9ea6145e5caaf71372', '00092a37e200c74e064517a091bf5d7d9fd99f039f76a2c859c09d019d6a3a70', 691, 'DB')",Start_time,2019-10-28 19:13:15.957807,End_time,2019-10-28 19:13:15.960807,Duration,0:00:00.003000
Task,"(28, '2019-10-28T23:13:15.996807', {'digest': 'C38B226D489D312EE7FC940C42E5651046F8827AFF9D8226CF06BAFA6591B217'}, '000edc6dd44fc0835b22e5a95568e6867157d3506191ea4b1120351d7b05a428', '000314c590679de237bd51802e5ceed396c8ad3d61664e9ea6145e5caaf71372', 1423, 'DB')",Start_time,2019-10-28 19:13:15.996807,End_time,2019-10-28 19:13:16.005808,Duration,0:00:00.009001
Task,"(29, '2019-10-28T23:13:16.044811', {'digest': 'C38B226D489D312EE7FC940C42E5651046F8827AFF9D8226CF06BAFA6591B217'}, '0000be49782f1403fd51379a28f0ea69cc539caf97d00c16a7dc2df79bf10bd7', '000edc6dd44fc0835b22e5a95568e6867157d3506191ea4b1120351d7b05a428', 6716, 'DB')",Start_time,2019-10-28 19:13:16.044811,End_time,2019-10-28 19:13:16.081807,Duration,0:00:00.036996
Task,"(30, '2019-10-28T23:13:16.117809', {'digest': 'C38B226D489D312EE7FC940C42E5651046F8827AFF9D8226CF06BAFA6591B217'}, '000c8887de7dc3aa0a8ab180613da4448c5cfbc93d8ea23b310edc83d48943bc', '0000be49782f1403fd51379a28f0ea69cc539caf97d00c16a7dc2df79bf10bd7', 1533, 'DB')",Start_time,2019-10-28 19:13:16.117809,End_time,2019-10-28 19:13:16.127809,Duration,0:00:00.010000
Task,"(31, '2019-10-28T23:13:16.290812', {'digest': 'C38B226D489D312EE7FC940C42E5651046F8827AFF9D8226CF06BAFA6591B217'}, '000114a6caa49fd867f90144b2579f50506e6e61432951f93699bde758869d2e', '000c8887de7dc3aa0a8ab180613da4448c5cfbc93d8ea23b310edc83d48943bc', 4677, 'DB')",Start_time,2019-10-28 19:13:16.290812,End_time,2019-10-28 19:13:16.324806,Duration,0:00:00.033994
Task,"(32, '2019-10-28T23:13:16.361807', {'digest': 'C38B226D489D312EE7FC940C42E5651046F8827AFF9D8226CF06BAFA6591B217'}, '000345d110f1041203f407d5cd85846911fa6e3e3790ec4bb55a8a79f260e890', '000114a6caa49fd867f90144b2579f50506e6e61432951f93699bde758869d2e', 1722, 'DB')",Start_time,2019-10-28 19:13:16.361807,End_time,2019-10-28 19:13:16.371807,Duration,0:00:00.010000
Task,"(33, '2019-10-28T23:13:16.409807', {'digest': 'C38B226D489D312EE7FC940C42E5651046F8827AFF9D8226CF06BAFA6591B217'}, '0004199955fc9587e00c6b8fde4d7fed889fa18a317b05accd8e02c011b5223f', '000345d110f1041203f407d5cd85846911fa6e3e3790ec4bb55a8a79f260e890', 288, 'DB')",Start_time,2019-10-28 19:13:16.409807,End_time,2019-10-28 19:13:16.411826,Duration,0:00:00.002019
Task,"(34, '2019-10-28T23:13:16.448808', {'digest': 'C38B226D489D312EE7FC940C42E5651046F8827AFF9D8226CF06BAFA6591B217'}, '000db4e55508ea8b5bc7bf71cf88679718541183ae8118f52857a8deb32c1a6e', '0004199955fc9587e00c6b8fde4d7fed889fa18a317b05accd8e02c011b5223f', 854, 'DB')",Start_time,2019-10-28 19:13:16.448808,End_time,2019-10-28 19:13:16.454806,Duration,0:00:00.005998
Task,"(35, '2019-10-28T23:13:16.455809', <LC.TB_data object at 0x000001AA3E9ED240>, '00023cd29927319d9ced64f54e2c43dd69b77fe54ade3fd240128f0c1113452e', '000db4e55508ea8b5bc7bf71cf88679718541183ae8118f52857a8deb32c1a6e', 9652, 'TB')",Start_time,2019-10-28 19:13:16.455809,End_time,2019-10-28 19:13:16.505809,Duration,0:00:00.050000
Task,"(36, '2019-10-28T23:13:16.734808', 'Relative Genesis Block', '000feb2a5d9365b3be44086d1a37f87c6a759da7bfd72f291a9698304813b4d0', '00023cd29927319d9ced64f54e2c43dd69b77fe54ade3fd240128f0c1113452e', 23, 'RGB')",Start_time,2019-10-28 19:13:16.734808,End_time,2019-10-28 19:13:16.734808,Duration,0:00:00
Task,"(37, '2019-10-28T23:13:16.735808', {'digest': 'C38B226D489D312EE7FC940C42E5651046F8827AFF9D8226CF06BAFA6591B217'}, '0007b8d481244256afa1976e7a573dc1b48d37dec87d82e80ca9a7e025c3e893', '000feb2a5d9365b3be44086d1a37f87c6a759da7bfd72f291a9698304813b4d0', 7838, 'DB')",Start_time,2019-10-28 19:13:16.735808,End_time,2019-10-28 19:13:16.801807,Duration,0:00:00.065999
Task,"(38, '2019-10-28T23:13:16.855809', {'digest': 'C38B226D489D312EE7FC940C42E5651046F8827AFF9D8226CF06BAFA6591B217'}, '000c659c1020e380dc093257e332c9ea8b4d1a216ac3e3ca7d851a48fef7378c', '0007b8d481244256afa1976e7a573dc1b48d37dec87d82e80ca9a7e025c3e893', 11180, 'DB')",Start_time,2019-10-28 19:13:16.855809,End_time,2019-10-28 19:13:16.906804,Duration,0:00:00.050995
Task,"(39, '2019-10-28T23:13:16.938808', {'digest': 'C38B226D489D312EE7FC940C42E5651046F8827AFF9D8226CF06BAFA6591B217'}, '0004ff768ba3a73087ea5d3ad6ee1997147bae11861b1951bc4570cf53e95ce6', '000c659c1020e380dc093257e332c9ea8b4d1a216ac3e3ca7d851a48fef7378c', 5483, 'DB')",Start_time,2019-10-28 19:13:16.938808,End_time,2019-10-28 19:13:16.959804,Duration,0:00:00.020996
Task,"(40, '2019-10-28T23:13:16.997809', {'digest': 'C38B226D489D312EE7FC940C42E5651046F8827AFF9D8226CF06BAFA6591B217'}, '000a9e546b30918c4c4aafb7799892545fb290e5e4a3cd352fc4e5ac6b024ff0', '0004ff768ba3a73087ea5d3ad6ee1997147bae11861b1951bc4570cf53e95ce6', 2412, 'DB')",Start_time,2019-10-28 19:13:16.997809,End_time,2019-10-28 19:13:17.007815,Duration,0:00:00.010006
Task,"(41, '2019-10-28T23:13:17.043813', {'digest': 'C38B226D489D312EE7FC940C42E5651046F8827AFF9D8226CF06BAFA6591B217'}, '0004c69d8d60c86afd1d8cf785035e19d9d3eaa79b94a42ed50bcf730d274b0b', '000a9e546b30918c4c4aafb7799892545fb290e5e4a3cd352fc4e5ac6b024ff0', 6237, 'DB')",Start_time,2019-10-28 19:13:17.043813,End_time,2019-10-28 19:13:17.065804,Duration,0:00:00.021991
Task,"(42, '2019-10-28T23:13:17.103834', {'digest': 'C38B226D489D312EE7FC940C42E5651046F8827AFF9D8226CF06BAFA6591B217'}, '00063e8322cfd9d06f25cdf5ae5b8b8c76adc310527ea6e0d66d96ce83edc24e', '0004c69d8d60c86afd1d8cf785035e19d9d3eaa79b94a42ed50bcf730d274b0b', 1331, 'DB')",Start_time,2019-10-28 19:13:17.103834,End_time,2019-10-28 19:13:17.110815,Duration,0:00:00.006981
Task,"(43, '2019-10-28T23:13:17.150817', {'digest': 'C38B226D489D312EE7FC940C42E5651046F8827AFF9D8226CF06BAFA6591B217'}, '0005e14c51d2891e119b9a596aef4e8abcb733c129fd3141c1780394bf096068', '00063e8322cfd9d06f25cdf5ae5b8b8c76adc310527ea6e0d66d96ce83edc24e', 2901, 'DB')",Start_time,2019-10-28 19:13:17.150817,End_time,2019-10-28 19:13:17.163806,Duration,0:00:00.012989
Task,"(44, '2019-10-28T23:13:17.200809', {'digest': 'C38B226D489D312EE7FC940C42E5651046F8827AFF9D8226CF06BAFA6591B217'}, '0005c8c9d1fd26f0b38cf7d710f8a0bdc9c2d1bffe3d82cb2b4dce9cf0903b65', '0005e14c51d2891e119b9a596aef4e8abcb733c129fd3141c1780394bf096068', 1016, 'DB')",Start_time,2019-10-28 19:13:17.200809,End_time,2019-10-28 19:13:17.205805,Duration,0:00:00.004996
Task,"(45, '2019-10-28T23:13:17.246807', {'digest': 'C38B226D489D312EE7FC940C42E5651046F8827AFF9D8226CF06BAFA6591B217'}, '000d968af381b98f9c09970e7a96f02d24de1fd6194957c900f9cba70fe49845', '0005c8c9d1fd26f0b38cf7d710f8a0bdc9c2d1bffe3d82cb2b4dce9cf0903b65', 1799, 'DB')",Start_time,2019-10-28 19:13:17.246807,End_time,2019-10-28 19:13:17.250807,Duration,0:00:00.004000
Task,"(46, '2019-10-28T23:13:17.299808', {'digest': 'C38B226D489D312EE7FC940C42E5651046F8827AFF9D8226CF06BAFA6591B217'}, '000ed9b2442ba36cadc052ef567f98ad96b5e0c4bc8b34300eef1433a6061a40', '000d968af381b98f9c09970e7a96f02d24de1fd6194957c900f9cba70fe49845', 8160, 'DB')",Start_time,2019-10-28 19:13:17.299808,End_time,2019-10-28 19:13:17.340808,Duration,0:00:00.041000
Task,"(47, '2019-10-28T23:13:17.341806', <LC.TB_data object at 0x000001AA3E9D9860>, '000c8fdaa67ad88bb840d3007af2335b3b6029876e5d8c620d543f2e3b0ceede', '000ed9b2442ba36cadc052ef567f98ad96b5e0c4bc8b34300eef1433a6061a40', 1604, 'TB')",Start_time,2019-10-28 19:13:17.341806,End_time,2019-10-28 19:13:17.354838,Duration,0:00:00.013032
Task,"(48, '2019-10-28T23:13:17.528810', 'Relative Genesis Block', '000f36c8afda9a0257242a2c10ac0dc11bb41bdcafdef34fa5f11450d852fbf9', '000c8fdaa67ad88bb840d3007af2335b3b6029876e5d8c620d543f2e3b0ceede', 4616, 'RGB')",Start_time,2019-10-28 19:13:17.528810,End_time,2019-10-28 19:13:17.550807,Duration,0:00:00.021997
Task,"(49, '2019-10-28T23:13:17.553832', {'digest': 'C38B226D489D312EE7FC940C42E5651046F8827AFF9D8226CF06BAFA6591B217'}, '000d25ee637e68826d32ef52cb9b8d5ee5ab7ddf5e49d6438ee59ca30296626c', '000f36c8afda9a0257242a2c10ac0dc11bb41bdcafdef34fa5f11450d852fbf9', 1100, 'DB')",Start_time,2019-10-28 19:13:17.553832,End_time,2019-10-28 19:13:17.557806,Duration,0:00:00.003974
Task,"(50, '2019-10-28T23:13:17.594808', {'digest': 'C38B226D489D312EE7FC940C42E5651046F8827AFF9D8226CF06BAFA6591B217'}, '000c8787d5da714bd89e5f5ba76539f449ac4390dc18127159734eda30d4c622', '000d25ee637e68826d32ef52cb9b8d5ee5ab7ddf5e49d6438ee59ca30296626c', 987, 'DB')",Start_time,2019-10-28 19:13:17.594808,End_time,2019-10-28 19:13:17.600806,Duration,0:00:00.005998
Task,"(51, '2019-10-28T23:13:17.640809', {'digest': 'C38B226D489D312EE7FC940C42E5651046F8827AFF9D8226CF06BAFA6591B217'}, '000747d25865a8633af003aaaa3ffd9dbbc4cc76976aa4bb67bbbaa5d32f54d6', '000c8787d5da714bd89e5f5ba76539f449ac4390dc18127159734eda30d4c622', 4978, 'DB')",Start_time,2019-10-28 19:13:17.640809,End_time,2019-10-28 19:13:17.663804,Duration,0:00:00.022995
Task,"(52, '2019-10-28T23:13:17.698808', {'digest': 'C38B226D489D312EE7FC940C42E5651046F8827AFF9D8226CF06BAFA6591B217'}, '000c6ab375a67b3656e6987920cff7c4f7b11327ce462f7e6906bc4ef4637879', '000747d25865a8633af003aaaa3ffd9dbbc4cc76976aa4bb67bbbaa5d32f54d6', 8956, 'DB')",Start_time,2019-10-28 19:13:17.698808,End_time,2019-10-28 19:13:17.725810,Duration,0:00:00.027002
Task,"(53, '2019-10-28T23:13:17.783807', {'digest': 'C38B226D489D312EE7FC940C42E5651046F8827AFF9D8226CF06BAFA6591B217'}, '000b8ed71263d3ee9f186a296957e32196c659de2ebb8162e0681db45acc5581', '000c6ab375a67b3656e6987920cff7c4f7b11327ce462f7e6906bc4ef4637879', 6872, 'DB')",Start_time,2019-10-28 19:13:17.783807,End_time,2019-10-28 19:13:17.832808,Duration,0:00:00.049001
Task,"(54, '2019-10-28T23:13:17.866809', {'digest': 'C38B226D489D312EE7FC940C42E5651046F8827AFF9D8226CF06BAFA6591B217'}, '000f92c79e6e7738acf9ff01bc50c8ddf64873f831d2164c9bfca30351ff9c64', '000b8ed71263d3ee9f186a296957e32196c659de2ebb8162e0681db45acc5581', 1765, 'DB')",Start_time,2019-10-28 19:13:17.866809,End_time,2019-10-28 19:13:17.873805,Duration,0:00:00.006996
Task,"(55, '2019-10-28T23:13:17.911807', {'digest': 'C38B226D489D312EE7FC940C42E5651046F8827AFF9D8226CF06BAFA6591B217'}, '0006d73a3509d347af7e02464abf185a7f7d100fab68aea5890cbef2864d6264', '000f92c79e6e7738acf9ff01bc50c8ddf64873f831d2164c9bfca30351ff9c64', 6596, 'DB')",Start_time,2019-10-28 19:13:17.911807,End_time,2019-10-28 19:13:17.934808,Duration,0:00:00.023001
Task,"(56, '2019-10-28T23:13:17.986808', {'digest': 'C38B226D489D312EE7FC940C42E5651046F8827AFF9D8226CF06BAFA6591B217'}, '0002beb69758070225b89bc6fe46459f0cc5fa91a110d936fbd329b8b609fb1b', '0006d73a3509d347af7e02464abf185a7f7d100fab68aea5890cbef2864d6264', 391, 'DB')",Start_time,2019-10-28 19:13:17.986808,End_time,2019-10-28 19:13:17.993810,Duration,0:00:00.007002
Task,"(57, '2019-10-28T23:13:18.057821', {'digest': 'C38B226D489D312EE7FC940C42E5651046F8827AFF9D8226CF06BAFA6591B217'}, '00009ceae10b881eb7aabb3a737b952994a322c0d9b7845e85ef30d040a2e3ce', '0002beb69758070225b89bc6fe46459f0cc5fa91a110d936fbd329b8b609fb1b', 30, 'DB')",Start_time,2019-10-28 19:13:18.057821,End_time,2019-10-28 19:13:18.057821,Duration,0:00:00
Task,"(58, '2019-10-28T23:13:18.097808', {'digest': 'C38B226D489D312EE7FC940C42E5651046F8827AFF9D8226CF06BAFA6591B217'}, '00071f24902ca997656201b59dbe78dda83e48efe6425e78ca4378fd4ef7f0ab', '00009ceae10b881eb7aabb3a737b952994a322c0d9b7845e85ef30d040a2e3ce', 3768, 'DB')",Start_time,2019-10-28 19:13:18.097808,End_time,2019-10-28 19:13:18.123807,Duration,0:00:00.025999
Task,"(59, '2019-10-28T23:13:18.158810', <LC.TB_data object at 0x000001AA3D9AFAC8>, '000a052aaea548237f90dfcf891c5286a232db4e2692a5368fb49cdb84e5a660', '00071f24902ca997656201b59dbe78dda83e48efe6425e78ca4378fd4ef7f0ab', 185, 'TB')",Start_time,2019-10-28 19:13:18.158810,End_time,2019-10-28 19:13:18.160861,Duration,0:00:00.002051
Task,"(60, '2019-10-28T23:13:18.404808', 'Relative Genesis Block', '0001e9efb49a21474e7044b53b96fe8a53de79d3b9837588be96a0a06298917d', '000a052aaea548237f90dfcf891c5286a232db4e2692a5368fb49cdb84e5a660', 1658, 'RGB')",Start_time,2019-10-28 19:13:18.404808,End_time,2019-10-28 19:13:18.409808,Duration,0:00:00.005000
Task,"(61, '2019-10-28T23:13:18.410805', {'digest': 'C38B226D489D312EE7FC940C42E5651046F8827AFF9D8226CF06BAFA6591B217'}, '000b5846469251d4647a22444e4925ca59cb5eb97b4f39a8bd00ee4c2bff5a69', '0001e9efb49a21474e7044b53b96fe8a53de79d3b9837588be96a0a06298917d', 9796, 'DB')",Start_time,2019-10-28 19:13:18.410805,End_time,2019-10-28 19:13:18.459805,Duration,0:00:00.049000
Task,"(62, '2019-10-28T23:13:18.497807', {'digest': 'C38B226D489D312EE7FC940C42E5651046F8827AFF9D8226CF06BAFA6591B217'}, '000320c34cb124480961f6885c283ec5fed96895d76bf38b01f4c599a137fdf7', '000b5846469251d4647a22444e4925ca59cb5eb97b4f39a8bd00ee4c2bff5a69', 887, 'DB')",Start_time,2019-10-28 19:13:18.497807,End_time,2019-10-28 19:13:18.505810,Duration,0:00:00.008003
Task,"(63, '2019-10-28T23:13:18.547808', {'digest': 'C38B226D489D312EE7FC940C42E5651046F8827AFF9D8226CF06BAFA6591B217'}, '000aaf471e1b91a86b0a669ea90d676e45dbfdf5385da395f0b0d8702ae40a37', '000320c34cb124480961f6885c283ec5fed96895d76bf38b01f4c599a137fdf7', 281, 'DB')",Start_time,2019-10-28 19:13:18.547808,End_time,2019-10-28 19:13:18.547808,Duration,0:00:00
Task,"(64, '2019-10-28T23:13:18.592813', {'digest': 'C38B226D489D312EE7FC940C42E5651046F8827AFF9D8226CF06BAFA6591B217'}, '0001ab638f7f478b60d477edbdbf2bb9498434e212e3711ece80ba327f053dda', '000aaf471e1b91a86b0a669ea90d676e45dbfdf5385da395f0b0d8702ae40a37', 6370, 'DB')",Start_time,2019-10-28 19:13:18.592813,End_time,2019-10-28 19:13:18.631805,Duration,0:00:00.038992
Task,"(65, '2019-10-28T23:13:18.669809', {'digest': 'C38B226D489D312EE7FC940C42E5651046F8827AFF9D8226CF06BAFA6591B217'}, '000c1b71eca42e7f0019ad753e726d2f9f11487dcb78ef91adc15c6618654250', '0001ab638f7f478b60d477edbdbf2bb9498434e212e3711ece80ba327f053dda', 4175, 'DB')",Start_time,2019-10-28 19:13:18.669809,End_time,2019-10-28 19:13:18.696808,Duration,0:00:00.026999
Task,"(66, '2019-10-28T23:13:18.737806', {'digest': 'C38B226D489D312EE7FC940C42E5651046F8827AFF9D8226CF06BAFA6591B217'}, '0004aec48bee3e5acfa34ef426ff265b98be96ab15535b692b115369cac5d6e5', '000c1b71eca42e7f0019ad753e726d2f9f11487dcb78ef91adc15c6618654250', 1446, 'DB')",Start_time,2019-10-28 19:13:18.737806,End_time,2019-10-28 19:13:18.746806,Duration,0:00:00.009000
Task,"(67, '2019-10-28T23:13:18.794810', {'digest': 'C38B226D489D312EE7FC940C42E5651046F8827AFF9D8226CF06BAFA6591B217'}, '000d7d88717b167f73cf8b409a829f6181c70e78b46aaddeb98d50446ae791d7', '0004aec48bee3e5acfa34ef426ff265b98be96ab15535b692b115369cac5d6e5', 4969, 'DB')",Start_time,2019-10-28 19:13:18.794810,End_time,2019-10-28 19:13:18.837831,Duration,0:00:00.043021
Task,"(68, '2019-10-28T23:13:18.890815', {'digest': 'C38B226D489D312EE7FC940C42E5651046F8827AFF9D8226CF06BAFA6591B217'}, '0000081653bafb5f806c4a8b322c012d38232484b755b7dff4846ae5029461ba', '000d7d88717b167f73cf8b409a829f6181c70e78b46aaddeb98d50446ae791d7', 3961, 'DB')",Start_time,2019-10-28 19:13:18.890815,End_time,2019-10-28 19:13:18.922807,Duration,0:00:00.031992
Task,"(69, '2019-10-28T23:13:18.992815', {'digest': 'C38B226D489D312EE7FC940C42E5651046F8827AFF9D8226CF06BAFA6591B217'}, '00044a52e240208ce86f0520a344f777efe507f60c59ea3c7d61b6e230bac279', '0000081653bafb5f806c4a8b322c012d38232484b755b7dff4846ae5029461ba', 5897, 'DB')",Start_time,2019-10-28 19:13:18.992815,End_time,2019-10-28 19:13:19.030807,Duration,0:00:00.037992
Task,"(70, '2019-10-28T23:13:19.070817', {'digest': 'C38B226D489D312EE7FC940C42E5651046F8827AFF9D8226CF06BAFA6591B217'}, '000f6b4ce99dd0d61b06a0cf0e6597a2d3414a93d0c3043db9c3865880b6e4ae', '00044a52e240208ce86f0520a344f777efe507f60c59ea3c7d61b6e230bac279', 1925, 'DB')",Start_time,2019-10-28 19:13:19.070817,End_time,2019-10-28 19:13:19.078809,Duration,0:00:00.007992
Task,"(71, '2019-10-28T23:13:19.079806', <LC.TB_data object at 0x000001AA3E9F8D68>, '000738e1039c38886ecfea77b69671c65eb2f37cd18ebd691c921c1534afa695', '000f6b4ce99dd0d61b06a0cf0e6597a2d3414a93d0c3043db9c3865880b6e4ae', 4977, 'TB')",Start_time,2019-10-28 19:13:19.079806,End_time,2019-10-28 19:13:19.113805,Duration,0:00:00.033999
Task,"(72, '2019-10-28T23:13:19.310809', 'Relative Genesis Block', '000a3e01f87624c0a871afa7e9713c2eb34d23144b6aff4cda8fe23e05bb9cb2', '000738e1039c38886ecfea77b69671c65eb2f37cd18ebd691c921c1534afa695', 7128, 'RGB')",Start_time,2019-10-28 19:13:19.310809,End_time,2019-10-28 19:13:19.357806,Duration,0:00:00.046997
Task,"(73, '2019-10-28T23:13:19.358807', {'digest': 'C38B226D489D312EE7FC940C42E5651046F8827AFF9D8226CF06BAFA6591B217'}, '000588be6a053c3967a75c0911a68bc5a232b2dcec5e5a801d231a9525260529', '000a3e01f87624c0a871afa7e9713c2eb34d23144b6aff4cda8fe23e05bb9cb2', 6908, 'DB')",Start_time,2019-10-28 19:13:19.358807,End_time,2019-10-28 19:13:19.382804,Duration,0:00:00.023997
Task,"(74, '2019-10-28T23:13:19.419808', {'digest': 'C38B226D489D312EE7FC940C42E5651046F8827AFF9D8226CF06BAFA6591B217'}, '000e82161d81c14b818bb84b697434c80eea81b5fd0ae3e804adca1926c60f82', '000588be6a053c3967a75c0911a68bc5a232b2dcec5e5a801d231a9525260529', 3084, 'DB')",Start_time,2019-10-28 19:13:19.419808,End_time,2019-10-28 19:13:19.426805,Duration,0:00:00.006997
Task,"(75, '2019-10-28T23:13:19.459826', {'digest': 'C38B226D489D312EE7FC940C42E5651046F8827AFF9D8226CF06BAFA6591B217'}, '000465ca51027b209cdf23041836ecb832887345879c616586757753e201d184', '000e82161d81c14b818bb84b697434c80eea81b5fd0ae3e804adca1926c60f82', 1380, 'DB')",Start_time,2019-10-28 19:13:19.459826,End_time,2019-10-28 19:13:19.464807,Duration,0:00:00.004981
Task,"(76, '2019-10-28T23:13:19.501808', {'digest': 'C38B226D489D312EE7FC940C42E5651046F8827AFF9D8226CF06BAFA6591B217'}, '00044fd8f80334c92fdaf6e8600cdb12e63a76392e78b7ddb19886d220f922a3', '000465ca51027b209cdf23041836ecb832887345879c616586757753e201d184', 2304, 'DB')",Start_time,2019-10-28 19:13:19.501808,End_time,2019-10-28 19:13:19.510804,Duration,0:00:00.008996
Task,"(77, '2019-10-28T23:13:19.543851', {'digest': 'C38B226D489D312EE7FC940C42E5651046F8827AFF9D8226CF06BAFA6591B217'}, '00063ad6196b26057800765eedda4251d78e1645264ebe28c64f9e9064d8453a', '00044fd8f80334c92fdaf6e8600cdb12e63a76392e78b7ddb19886d220f922a3', 7544, 'DB')",Start_time,2019-10-28 19:13:19.543851,End_time,2019-10-28 19:13:19.572808,Duration,0:00:00.028957
Task,"(78, '2019-10-28T23:13:19.604810', {'digest': 'C38B226D489D312EE7FC940C42E5651046F8827AFF9D8226CF06BAFA6591B217'}, '0009d3618be3523327664cc1d9f548336da3d5df51fff58fe2cbc13a024b5364', '00063ad6196b26057800765eedda4251d78e1645264ebe28c64f9e9064d8453a', 2314, 'DB')",Start_time,2019-10-28 19:13:19.604810,End_time,2019-10-28 19:13:19.618808,Duration,0:00:00.013998
Task,"(79, '2019-10-28T23:13:19.662809', {'digest': 'C38B226D489D312EE7FC940C42E5651046F8827AFF9D8226CF06BAFA6591B217'}, '00073d84543585429c09146c4250ccdd3e55887f67e957f59779dc6a162694e3', '0009d3618be3523327664cc1d9f548336da3d5df51fff58fe2cbc13a024b5364', 3405, 'DB')",Start_time,2019-10-28 19:13:19.662809,End_time,2019-10-28 19:13:19.675806,Duration,0:00:00.012997
Task,"(80, '2019-10-28T23:13:19.711808', {'digest': 'C38B226D489D312EE7FC940C42E5651046F8827AFF9D8226CF06BAFA6591B217'}, '000d0f66ccaba7ce38bb61794db3af468a2ac1091973a3efea27256155171a08', '00073d84543585429c09146c4250ccdd3e55887f67e957f59779dc6a162694e3', 1429, 'DB')",Start_time,2019-10-28 19:13:19.711808,End_time,2019-10-28 19:13:19.715805,Duration,0:00:00.003997
Task,"(81, '2019-10-28T23:13:19.748807', {'digest': 'C38B226D489D312EE7FC940C42E5651046F8827AFF9D8226CF06BAFA6591B217'}, '00033d47635a77f3f7bc2a06a4cdbb5810a22fd650374fcac717edc51792c04a', '000d0f66ccaba7ce38bb61794db3af468a2ac1091973a3efea27256155171a08', 3394, 'DB')",Start_time,2019-10-28 19:13:19.748807,End_time,2019-10-28 19:13:19.776810,Duration,0:00:00.028003
Task,"(82, '2019-10-28T23:13:19.818809', {'digest': 'C38B226D489D312EE7FC940C42E5651046F8827AFF9D8226CF06BAFA6591B217'}, '000173fba2d94a65bbf69cfad07329471665d82d0eea858d9acd97436041b060', '00033d47635a77f3f7bc2a06a4cdbb5810a22fd650374fcac717edc51792c04a', 4935, 'DB')",Start_time,2019-10-28 19:13:19.818809,End_time,2019-10-28 19:13:19.844807,Duration,0:00:00.025998
Task,"(83, '2019-10-28T23:13:19.846808', <LC.TB_data object at 0x000001AA3E9C0FD0>, '000318b315d8a913a8c00134c2d46b4e93ea857e2b3e32f4855e1d61158c48fc', '000173fba2d94a65bbf69cfad07329471665d82d0eea858d9acd97436041b060', 4824, 'TB')",Start_time,2019-10-28 19:13:19.846808,End_time,2019-10-28 19:13:19.870808,Duration,0:00:00.024000
Task,"(84, '2019-10-28T23:13:20.118808', 'Relative Genesis Block', '0000fc6b674122cb0619d358732b6c24dffc26f862a40825109ede06bc859541', '000318b315d8a913a8c00134c2d46b4e93ea857e2b3e32f4855e1d61158c48fc', 2242, 'RGB')",Start_time,2019-10-28 19:13:20.118808,End_time,2019-10-28 19:13:20.148807,Duration,0:00:00.029999
Task,"(85, '2019-10-28T23:13:20.149809', {'digest': 'C38B226D489D312EE7FC940C42E5651046F8827AFF9D8226CF06BAFA6591B217'}, '000fc07803b6dabc84f0a73e0e8c53a90eca7bdf573a32b978bae7eb2bd316f8', '0000fc6b674122cb0619d358732b6c24dffc26f862a40825109ede06bc859541', 8549, 'DB')",Start_time,2019-10-28 19:13:20.149809,End_time,2019-10-28 19:13:20.183804,Duration,0:00:00.033995
Task,"(86, '2019-10-28T23:13:20.218807', {'digest': 'C38B226D489D312EE7FC940C42E5651046F8827AFF9D8226CF06BAFA6591B217'}, '0002d1aced728cdaadaf6b6c92ba72fe3e1d8d87f028032eca504ae3f0eb4606', '000fc07803b6dabc84f0a73e0e8c53a90eca7bdf573a32b978bae7eb2bd316f8', 413, 'DB')",Start_time,2019-10-28 19:13:20.218807,End_time,2019-10-28 19:13:20.220809,Duration,0:00:00.002002
Task,"(87, '2019-10-28T23:13:20.270805', {'digest': 'C38B226D489D312EE7FC940C42E5651046F8827AFF9D8226CF06BAFA6591B217'}, '000d857ebb6e6cfe608221cd3f678af218cc0620213f80ae39233a67988baa3f', '0002d1aced728cdaadaf6b6c92ba72fe3e1d8d87f028032eca504ae3f0eb4606', 8099, 'DB')",Start_time,2019-10-28 19:13:20.270805,End_time,2019-10-28 19:13:20.339808,Duration,0:00:00.069003
Task,"(88, '2019-10-28T23:13:20.383807', {'digest': 'C38B226D489D312EE7FC940C42E5651046F8827AFF9D8226CF06BAFA6591B217'}, '000851cec980083556689863c0bdf99b39cea59fc7d6ba9cb32f7bb77d28664d', '000d857ebb6e6cfe608221cd3f678af218cc0620213f80ae39233a67988baa3f', 2108, 'DB')",Start_time,2019-10-28 19:13:20.383807,End_time,2019-10-28 19:13:20.388804,Duration,0:00:00.004997
Task,"(89, '2019-10-28T23:13:20.425808', {'digest': 'C38B226D489D312EE7FC940C42E5651046F8827AFF9D8226CF06BAFA6591B217'}, '0004505a890233cbe8258b611cd5d1ad06a965a6c181b26783660a77129af9b5', '000851cec980083556689863c0bdf99b39cea59fc7d6ba9cb32f7bb77d28664d', 8318, 'DB')",Start_time,2019-10-28 19:13:20.425808,End_time,2019-10-28 19:13:20.451804,Duration,0:00:00.025996
Task,"(90, '2019-10-28T23:13:20.484820', {'digest': 'C38B226D489D312EE7FC940C42E5651046F8827AFF9D8226CF06BAFA6591B217'}, '00045d130e256d72c0ab123a7093b27755c1a1d06b56e079273f5873436cde53', '0004505a890233cbe8258b611cd5d1ad06a965a6c181b26783660a77129af9b5', 7033, 'DB')",Start_time,2019-10-28 19:13:20.484820,End_time,2019-10-28 19:13:20.505805,Duration,0:00:00.020985
Task,"(91, '2019-10-28T23:13:20.540811', {'digest': 'C38B226D489D312EE7FC940C42E5651046F8827AFF9D8226CF06BAFA6591B217'}, '000e5e059fec38226c4bcd76abd1058affd3f0824a7c72cc2898ab051d90beaf', '00045d130e256d72c0ab123a7093b27755c1a1d06b56e079273f5873436cde53', 503, 'DB')",Start_time,2019-10-28 19:13:20.540811,End_time,2019-10-28 19:13:20.548809,Duration,0:00:00.007998
Task,"(92, '2019-10-28T23:13:20.602808', {'digest': 'C38B226D489D312EE7FC940C42E5651046F8827AFF9D8226CF06BAFA6591B217'}, '00003c5e589bbe08c8794c0d3bdf3fa748027289ae2f1a7cac71f3c47e00b53b', '000e5e059fec38226c4bcd76abd1058affd3f0824a7c72cc2898ab051d90beaf', 9314, 'DB')",Start_time,2019-10-28 19:13:20.602808,End_time,2019-10-28 19:13:20.635810,Duration,0:00:00.033002
Task,"(93, '2019-10-28T23:13:20.673808', {'digest': 'C38B226D489D312EE7FC940C42E5651046F8827AFF9D8226CF06BAFA6591B217'}, '000531e245a698f1256ca55a9467054bb3fadf43e41ac1af979713a6d3959400', '00003c5e589bbe08c8794c0d3bdf3fa748027289ae2f1a7cac71f3c47e00b53b', 6523, 'DB')",Start_time,2019-10-28 19:13:20.673808,End_time,2019-10-28 19:13:20.694804,Duration,0:00:00.020996
Task,"(94, '2019-10-28T23:13:20.730809', {'digest': 'C38B226D489D312EE7FC940C42E5651046F8827AFF9D8226CF06BAFA6591B217'}, '000004c1954ba89d97aacd682f7b0e15ae057b8dfba31bc1a6b6281ec8673f7d', '000531e245a698f1256ca55a9467054bb3fadf43e41ac1af979713a6d3959400', 1241, 'DB')",Start_time,2019-10-28 19:13:20.730809,End_time,2019-10-28 19:13:20.733804,Duration,0:00:00.002995
Task,"(95, '2019-10-28T23:13:20.734804', <LC.TB_data object at 0x000001AA3E9E0390>, '000f39bb0ef80bbbafb64cb9e418dbac9ee0f1c484a273c3ac7779588c8d5c87', '000004c1954ba89d97aacd682f7b0e15ae057b8dfba31bc1a6b6281ec8673f7d', 3791, 'TB')",Start_time,2019-10-28 19:13:20.734804,End_time,2019-10-28 19:13:20.748805,Duration,0:00:00.014001
Task,"(96, '2019-10-28T23:13:20.938807', 'Relative Genesis Block', '000c96237d5bb94d526cae8446d386644e56e78f718ec5270c1397e5c97b06a0', '000f39bb0ef80bbbafb64cb9e418dbac9ee0f1c484a273c3ac7779588c8d5c87', 1925, 'RGB')",Start_time,2019-10-28 19:13:20.938807,End_time,2019-10-28 19:13:20.944841,Duration,0:00:00.006034
Task,"(97, '2019-10-28T23:13:20.948810', {'digest': 'C38B226D489D312EE7FC940C42E5651046F8827AFF9D8226CF06BAFA6591B217'}, '000f2aa15c5c9a1bdc53ce5f581936d4266fc62e8126941ec79c99ae556ef654', '000c96237d5bb94d526cae8446d386644e56e78f718ec5270c1397e5c97b06a0', 845, 'DB')",Start_time,2019-10-28 19:13:20.948810,End_time,2019-10-28 19:13:20.951815,Duration,0:00:00.003005
Task,"(98, '2019-10-28T23:13:20.989807', {'digest': 'C38B226D489D312EE7FC940C42E5651046F8827AFF9D8226CF06BAFA6591B217'}, '00090494be76ccd674ddd68a662afa888d251963169a6167df47be5c92203a52', '000f2aa15c5c9a1bdc53ce5f581936d4266fc62e8126941ec79c99ae556ef654', 1731, 'DB')",Start_time,2019-10-28 19:13:20.989807,End_time,2019-10-28 19:13:20.996812,Duration,0:00:00.007005
Task,"(99, '2019-10-28T23:13:21.038810', {'digest': 'C38B226D489D312EE7FC940C42E5651046F8827AFF9D8226CF06BAFA6591B217'}, '00053dcad754a5e543ca02009bbce916275115bf1c1df43f54aa5792c052c163', '00090494be76ccd674ddd68a662afa888d251963169a6167df47be5c92203a52', 3263, 'DB')",Start_time,2019-10-28 19:13:21.038810,End_time,2019-10-28 19:13:21.049806,Duration,0:00:00.010996
Task,"(100, '2019-10-28T23:13:21.090809', {'digest': 'C38B226D489D312EE7FC940C42E5651046F8827AFF9D8226CF06BAFA6591B217'}, '0008d4881fcc84b752262d4ecf28fa6f6d56a09ce02540a23bcdd2f73a363ee7', '00053dcad754a5e543ca02009bbce916275115bf1c1df43f54aa5792c052c163', 10072, 'DB')",Start_time,2019-10-28 19:13:21.090809,End_time,2019-10-28 19:13:21.121805,Duration,0:00:00.030996
Task,"(101, '2019-10-28T23:13:21.153808', {'digest': 'C38B226D489D312EE7FC940C42E5651046F8827AFF9D8226CF06BAFA6591B217'}, '00005e5fa76985f0cd9c2de083c2e33d9b101aa37d537244897cf40fccf1b42e', '0008d4881fcc84b752262d4ecf28fa6f6d56a09ce02540a23bcdd2f73a363ee7', 2957, 'DB')",Start_time,2019-10-28 19:13:21.153808,End_time,2019-10-28 19:13:21.160808,Duration,0:00:00.007000
Task,"(102, '2019-10-28T23:13:21.191807', {'digest': 'C38B226D489D312EE7FC940C42E5651046F8827AFF9D8226CF06BAFA6591B217'}, '000dd09309e425b41b15f666b002c905283ac074508be16d649e84d95752e13d', '00005e5fa76985f0cd9c2de083c2e33d9b101aa37d537244897cf40fccf1b42e', 4442, 'DB')",Start_time,2019-10-28 19:13:21.191807,End_time,2019-10-28 19:13:21.212805,Duration,0:00:00.020998
Task,"(103, '2019-10-28T23:13:21.248811', {'digest': 'C38B226D489D312EE7FC940C42E5651046F8827AFF9D8226CF06BAFA6591B217'}, '000c3e41cf575a4ecc8baf26136557d98220d2eb34aa30c88f4c48c123c4dfc1', '000dd09309e425b41b15f666b002c905283ac074508be16d649e84d95752e13d', 407, 'DB')",Start_time,2019-10-28 19:13:21.248811,End_time,2019-10-28 19:13:21.249811,Duration,0:00:00.001000
Task,"(104, '2019-10-28T23:13:21.286806', {'digest': 'C38B226D489D312EE7FC940C42E5651046F8827AFF9D8226CF06BAFA6591B217'}, '000bac6c231a9f8923b867ac4898de37bb98d9241f0b0b2a770892254e8a8baa', '000c3e41cf575a4ecc8baf26136557d98220d2eb34aa30c88f4c48c123c4dfc1', 376, 'DB')",Start_time,2019-10-28 19:13:21.286806,End_time,2019-10-28 19:13:21.288807,Duration,0:00:00.002001
Task,"(105, '2019-10-28T23:13:21.320808', {'digest': 'C38B226D489D312EE7FC940C42E5651046F8827AFF9D8226CF06BAFA6591B217'}, '000a34e41f6c396026701e94a409f912cb28271749d43e73fab26b3a8521cdfe', '000bac6c231a9f8923b867ac4898de37bb98d9241f0b0b2a770892254e8a8baa', 6174, 'DB')",Start_time,2019-10-28 19:13:21.320808,End_time,2019-10-28 19:13:21.343807,Duration,0:00:00.022999
Task,"(106, '2019-10-28T23:13:21.383808', {'digest': 'C38B226D489D312EE7FC940C42E5651046F8827AFF9D8226CF06BAFA6591B217'}, '0005dbbe6c27543a794f5dc1a8def1eabf63d4f29332309cc5c6c9bf9680b901', '000a34e41f6c396026701e94a409f912cb28271749d43e73fab26b3a8521cdfe', 1226, 'DB')",Start_time,2019-10-28 19:13:21.383808,End_time,2019-10-28 19:13:21.386804,Duration,0:00:00.002996
Task,"(107, '2019-10-28T23:13:21.388810', <LC.TB_data object at 0x000001AA3EA080F0>, '00039606edb9f29ae8d524b60a8d022f5054dbb340bb5f60a20942c681a7465a', '0005dbbe6c27543a794f5dc1a8def1eabf63d4f29332309cc5c6c9bf9680b901', 1090, 'TB')",Start_time,2019-10-28 19:13:21.388810,End_time,2019-10-28 19:13:21.393807,Duration,0:00:00.004997
Task,"(108, '2019-10-28T23:13:21.602810', 'Relative Genesis Block', '00045962039feb6d9a7684750999f838541359de0afe3aa5955514e12a0fa45a', '00039606edb9f29ae8d524b60a8d022f5054dbb340bb5f60a20942c681a7465a', 11082, 'RGB')",Start_time,2019-10-28 19:13:21.602810,End_time,2019-10-28 19:13:21.642805,Duration,0:00:00.039995
Task,"(109, '2019-10-28T23:13:21.644807', {'digest': 'C38B226D489D312EE7FC940C42E5651046F8827AFF9D8226CF06BAFA6591B217'}, '000bc6c749c80e790eb6f6762c5b3f7a607271abb12e70e2d2801a1b87642a88', '00045962039feb6d9a7684750999f838541359de0afe3aa5955514e12a0fa45a', 795, 'DB')",Start_time,2019-10-28 19:13:21.644807,End_time,2019-10-28 19:13:21.645806,Duration,0:00:00.000999
Task,"(110, '2019-10-28T23:13:21.691808', {'digest': 'C38B226D489D312EE7FC940C42E5651046F8827AFF9D8226CF06BAFA6591B217'}, '000aadc4e3249ff58b48c1cbd80100ca2bdcf5b9901faf90a0fac9e42e2ed508', '000bc6c749c80e790eb6f6762c5b3f7a607271abb12e70e2d2801a1b87642a88', 7361, 'DB')",Start_time,2019-10-28 19:13:21.691808,End_time,2019-10-28 19:13:21.758805,Duration,0:00:00.066997
Task,"(111, '2019-10-28T23:13:21.795809', {'digest': 'C38B226D489D312EE7FC940C42E5651046F8827AFF9D8226CF06BAFA6591B217'}, '00004cee77676294ff36efb09db3c058206231970682c95f38787deff70932d7', '000aadc4e3249ff58b48c1cbd80100ca2bdcf5b9901faf90a0fac9e42e2ed508', 3910, 'DB')",Start_time,2019-10-28 19:13:21.795809,End_time,2019-10-28 19:13:21.817807,Duration,0:00:00.021998
Task,"(112, '2019-10-28T23:13:21.858807', {'digest': 'C38B226D489D312EE7FC940C42E5651046F8827AFF9D8226CF06BAFA6591B217'}, '000e3b485da721bcf39f13c5bdfc2c987b7dea632f922b1552ea7a06a0745fd4', '00004cee77676294ff36efb09db3c058206231970682c95f38787deff70932d7', 4291, 'DB')",Start_time,2019-10-28 19:13:21.858807,End_time,2019-10-28 19:13:21.880808,Duration,0:00:00.022001
Task,"(113, '2019-10-28T23:13:21.926811', {'digest': 'C38B226D489D312EE7FC940C42E5651046F8827AFF9D8226CF06BAFA6591B217'}, '00091d86c5234bfdd7f09c87dd741043de1208f1dea0ef6dc5b608102fa75983', '000e3b485da721bcf39f13c5bdfc2c987b7dea632f922b1552ea7a06a0745fd4', 6917, 'DB')",Start_time,2019-10-28 19:13:21.926811,End_time,2019-10-28 19:13:21.949804,Duration,0:00:00.022993
Task,"(114, '2019-10-28T23:13:21.982806', {'digest': 'C38B226D489D312EE7FC940C42E5651046F8827AFF9D8226CF06BAFA6591B217'}, '0007b916047d6adc9e98e8211151734ac17a37271e80d5dab7392e1c3b777542', '00091d86c5234bfdd7f09c87dd741043de1208f1dea0ef6dc5b608102fa75983', 1519, 'DB')",Start_time,2019-10-28 19:13:21.982806,End_time,2019-10-28 19:13:21.986804,Duration,0:00:00.003998
Task,"(115, '2019-10-28T23:13:22.019809', {'digest': 'C38B226D489D312EE7FC940C42E5651046F8827AFF9D8226CF06BAFA6591B217'}, '0009d87336af12a6c49c1845994c664936a8450e062d1965946df8b5355005ab', '0007b916047d6adc9e98e8211151734ac17a37271e80d5dab7392e1c3b777542', 1802, 'DB')",Start_time,2019-10-28 19:13:22.019809,End_time,2019-10-28 19:13:22.024804,Duration,0:00:00.004995
Task,"(116, '2019-10-28T23:13:22.069808', {'digest': 'C38B226D489D312EE7FC940C42E5651046F8827AFF9D8226CF06BAFA6591B217'}, '000d0fb3b4f4c6e6d9c37be3c74c36d635237e9a376ae1886066e354f48ce20f', '0009d87336af12a6c49c1845994c664936a8450e062d1965946df8b5355005ab', 8833, 'DB')",Start_time,2019-10-28 19:13:22.069808,End_time,2019-10-28 19:13:22.105805,Duration,0:00:00.035997
Task,"(117, '2019-10-28T23:13:22.135810', {'digest': 'C38B226D489D312EE7FC940C42E5651046F8827AFF9D8226CF06BAFA6591B217'}, '0004cbda735bc4da771da1eab05a28ac31a8788bb9dfe3fcc0e788a7f6b2c874', '000d0fb3b4f4c6e6d9c37be3c74c36d635237e9a376ae1886066e354f48ce20f', 1506, 'DB')",Start_time,2019-10-28 19:13:22.135810,End_time,2019-10-28 19:13:22.144807,Duration,0:00:00.008997
Task,"(118, '2019-10-28T23:13:22.180808', {'digest': 'C38B226D489D312EE7FC940C42E5651046F8827AFF9D8226CF06BAFA6591B217'}, '00036e8435289e9012010fe9227a2f4dc607d541fa6e2a4e5107958fda769eb7', '0004cbda735bc4da771da1eab05a28ac31a8788bb9dfe3fcc0e788a7f6b2c874', 1711, 'DB')",Start_time,2019-10-28 19:13:22.180808,End_time,2019-10-28 19:13:22.185806,Duration,0:00:00.004998
Task,"(119, '2019-10-28T23:13:22.186806', <LC.TB_data object at 0x000001AA3EA08978>, '00014a052045e197724dc85072a3ddd07253116d2dbfac9ef9dc4a0f7ad6e268', '00036e8435289e9012010fe9227a2f4dc607d541fa6e2a4e5107958fda769eb7', 4635, 'TB')",Start_time,2019-10-28 19:13:22.186806,End_time,2019-10-28 19:13:22.202808,Duration,0:00:00.016002
Task,"(120, '2019-10-28T23:13:22.370808', 'Relative Genesis Block', '00066baac4540f9fde61c43fd6dcab2b142645d4cf12b71dcac342390834fd2b', '00014a052045e197724dc85072a3ddd07253116d2dbfac9ef9dc4a0f7ad6e268', 1351, 'RGB')",Start_time,2019-10-28 19:13:22.370808,End_time,2019-10-28 19:13:22.375807,Duration,0:00:00.004999
Task,"(121, '2019-10-28T23:13:22.380809', {'digest': 'C38B226D489D312EE7FC940C42E5651046F8827AFF9D8226CF06BAFA6591B217'}, '000429d54ff85d9dc7456f62408284ab8dc1c0a82f0d02c045206d6d44223d6b', '00066baac4540f9fde61c43fd6dcab2b142645d4cf12b71dcac342390834fd2b', 131, 'DB')",Start_time,2019-10-28 19:13:22.380809,End_time,2019-10-28 19:13:22.380809,Duration,0:00:00
Task,"(122, '2019-10-28T23:13:22.419811', {'digest': 'C38B226D489D312EE7FC940C42E5651046F8827AFF9D8226CF06BAFA6591B217'}, '000f12e12631b6f577c890019f90f53675343b86cd5bff4eb5e79005efe20e71', '000429d54ff85d9dc7456f62408284ab8dc1c0a82f0d02c045206d6d44223d6b', 532, 'DB')",Start_time,2019-10-28 19:13:22.419811,End_time,2019-10-28 19:13:22.421811,Duration,0:00:00.002000
Task,"(123, '2019-10-28T23:13:22.463808', {'digest': 'C38B226D489D312EE7FC940C42E5651046F8827AFF9D8226CF06BAFA6591B217'}, '000797f064d7e7427975f3f1666020e68f3c763feb47dc71f23a3eb2fa891632', '000f12e12631b6f577c890019f90f53675343b86cd5bff4eb5e79005efe20e71', 5916, 'DB')",Start_time,2019-10-28 19:13:22.463808,End_time,2019-10-28 19:13:22.482805,Duration,0:00:00.018997
Task,"(124, '2019-10-28T23:13:22.517828', {'digest': 'C38B226D489D312EE7FC940C42E5651046F8827AFF9D8226CF06BAFA6591B217'}, '0006f63002a0dccdb3d58f6bfc595a97f56c5f46571a8abaf784b7d3ed8baa58', '000797f064d7e7427975f3f1666020e68f3c763feb47dc71f23a3eb2fa891632', 4145, 'DB')",Start_time,2019-10-28 19:13:22.517828,End_time,2019-10-28 19:13:22.530811,Duration,0:00:00.012983
Task,"(125, '2019-10-28T23:13:22.608812', {'digest': 'C38B226D489D312EE7FC940C42E5651046F8827AFF9D8226CF06BAFA6591B217'}, '0008ddf924228c496260ec96e9bce1388596882afb074d68abb99f260b53bcf4', '0006f63002a0dccdb3d58f6bfc595a97f56c5f46571a8abaf784b7d3ed8baa58', 6349, 'DB')",Start_time,2019-10-28 19:13:22.608812,End_time,2019-10-28 19:13:22.646805,Duration,0:00:00.037993
Task,"(126, '2019-10-28T23:13:22.682809', {'digest': 'C38B226D489D312EE7FC940C42E5651046F8827AFF9D8226CF06BAFA6591B217'}, '00084fcd25b61e7219919da6cde2978e86bcf49c158a8a56801a1dd5f6acad70', '0008ddf924228c496260ec96e9bce1388596882afb074d68abb99f260b53bcf4', 4306, 'DB')",Start_time,2019-10-28 19:13:22.682809,End_time,2019-10-28 19:13:22.695804,Duration,0:00:00.012995
Task,"(127, '2019-10-28T23:13:22.735807', {'digest': 'C38B226D489D312EE7FC940C42E5651046F8827AFF9D8226CF06BAFA6591B217'}, '0007870fb761f2f40dbae556e7a9de5b020ae65842636a35c4ad0c33ca4d026b', '00084fcd25b61e7219919da6cde2978e86bcf49c158a8a56801a1dd5f6acad70', 2181, 'DB')",Start_time,2019-10-28 19:13:22.735807,End_time,2019-10-28 19:13:22.744807,Duration,0:00:00.009000
Task,"(128, '2019-10-28T23:13:22.777814', {'digest': 'C38B226D489D312EE7FC940C42E5651046F8827AFF9D8226CF06BAFA6591B217'}, '000c6f175fb850c1d755b1d98fa391d5bc45d07c193473a9a4b189d4cee425a2', '0007870fb761f2f40dbae556e7a9de5b020ae65842636a35c4ad0c33ca4d026b', 6530, 'DB')",Start_time,2019-10-28 19:13:22.777814,End_time,2019-10-28 19:13:22.801804,Duration,0:00:00.023990
Task,"(129, '2019-10-28T23:13:22.842808', {'digest': 'C38B226D489D312EE7FC940C42E5651046F8827AFF9D8226CF06BAFA6591B217'}, '0006907de58cc768db97b2cdd96be00f29d286df4e94f70bf065dc6d27697004', '000c6f175fb850c1d755b1d98fa391d5bc45d07c193473a9a4b189d4cee425a2', 9530, 'DB')",Start_time,2019-10-28 19:13:22.842808,End_time,2019-10-28 19:13:22.880806,Duration,0:00:00.037998
Task,"(130, '2019-10-28T23:13:22.917808', {'digest': 'C38B226D489D312EE7FC940C42E5651046F8827AFF9D8226CF06BAFA6591B217'}, '000c3695ba057165e6351489940b49ac927f0ffb40cd7e2fdd4d8c3fb1d02470', '0006907de58cc768db97b2cdd96be00f29d286df4e94f70bf065dc6d27697004', 2047, 'DB')",Start_time,2019-10-28 19:13:22.917808,End_time,2019-10-28 19:13:22.924825,Duration,0:00:00.007017
Task,"(131, '2019-10-28T23:13:22.928809', <LC.TB_data object at 0x000001AA3E9E07F0>, '000139e1eb1416b8b703230b436e051a27e5495f37f33fcb48a2def004f2e309', '000c3695ba057165e6351489940b49ac927f0ffb40cd7e2fdd4d8c3fb1d02470', 279, 'TB')",Start_time,2019-10-28 19:13:22.928809,End_time,2019-10-28 19:13:22.930811,Duration,0:00:00.002002
Task,"(132, '2019-10-28T23:13:23.105809', 'Relative Genesis Block', '0001931e827645443c6b1bdebf0a6c607fe4e7033aa9c6a00a17729589b05770', '000139e1eb1416b8b703230b436e051a27e5495f37f33fcb48a2def004f2e309', 1697, 'RGB')",Start_time,2019-10-28 19:13:23.105809,End_time,2019-10-28 19:13:23.111807,Duration,0:00:00.005998
Task,"(133, '2019-10-28T23:13:23.119808', {'digest': 'C38B226D489D312EE7FC940C42E5651046F8827AFF9D8226CF06BAFA6591B217'}, '000858754239c0c4cec796890e381e649e8e457ff53caa6dbbbc73904579aa6c', '0001931e827645443c6b1bdebf0a6c607fe4e7033aa9c6a00a17729589b05770', 1199, 'DB')",Start_time,2019-10-28 19:13:23.119808,End_time,2019-10-28 19:13:23.124808,Duration,0:00:00.005000
Task,"(134, '2019-10-28T23:13:23.157810', {'digest': 'C38B226D489D312EE7FC940C42E5651046F8827AFF9D8226CF06BAFA6591B217'}, '0002619b957feece85b78ff541c0b87c91839a62578d191c6aa01e1d83476055', '000858754239c0c4cec796890e381e649e8e457ff53caa6dbbbc73904579aa6c', 894, 'DB')",Start_time,2019-10-28 19:13:23.157810,End_time,2019-10-28 19:13:23.161808,Duration,0:00:00.003998
Task,"(135, '2019-10-28T23:13:23.200812', {'digest': 'C38B226D489D312EE7FC940C42E5651046F8827AFF9D8226CF06BAFA6591B217'}, '000244993a1a49a489049aeea9719f80fe3c6960b4f94662faef71815068472e', '0002619b957feece85b78ff541c0b87c91839a62578d191c6aa01e1d83476055', 1680, 'DB')",Start_time,2019-10-28 19:13:23.200812,End_time,2019-10-28 19:13:23.204806,Duration,0:00:00.003994
Task,"(136, '2019-10-28T23:13:23.236807', {'digest': 'C38B226D489D312EE7FC940C42E5651046F8827AFF9D8226CF06BAFA6591B217'}, '00087865bf820225e48a792acf704278c7d275b227d07c47025a94c3d749e59c', '000244993a1a49a489049aeea9719f80fe3c6960b4f94662faef71815068472e', 5352, 'DB')",Start_time,2019-10-28 19:13:23.236807,End_time,2019-10-28 19:13:23.256807,Duration,0:00:00.020000
Task,"(137, '2019-10-28T23:13:23.298843', {'digest': 'C38B226D489D312EE7FC940C42E5651046F8827AFF9D8226CF06BAFA6591B217'}, '000d0c0d88dadbf3af76bdb0ab3c3f0b4d0a582f3b833a7b6de0ea0364e7ed07', '00087865bf820225e48a792acf704278c7d275b227d07c47025a94c3d749e59c', 16, 'DB')",Start_time,2019-10-28 19:13:23.298843,End_time,2019-10-28 19:13:23.298843,Duration,0:00:00
Task,"(138, '2019-10-28T23:13:23.338809', {'digest': 'C38B226D489D312EE7FC940C42E5651046F8827AFF9D8226CF06BAFA6591B217'}, '000df3440547f243426a423f7e0e026d975720e00ecb21b6cdcde5a172b8efb7', '000d0c0d88dadbf3af76bdb0ab3c3f0b4d0a582f3b833a7b6de0ea0364e7ed07', 5097, 'DB')",Start_time,2019-10-28 19:13:23.338809,End_time,2019-10-28 19:13:23.360810,Duration,0:00:00.022001
Task,"(139, '2019-10-28T23:13:23.400808', {'digest': 'C38B226D489D312EE7FC940C42E5651046F8827AFF9D8226CF06BAFA6591B217'}, '00064c06138b1b38449d2ad3b9465b824bd67fb3afe85d007e79ca80d07411b5', '000df3440547f243426a423f7e0e026d975720e00ecb21b6cdcde5a172b8efb7', 2355, 'DB')",Start_time,2019-10-28 19:13:23.400808,End_time,2019-10-28 19:13:23.411808,Duration,0:00:00.011000
Task,"(140, '2019-10-28T23:13:23.447807', {'digest': 'C38B226D489D312EE7FC940C42E5651046F8827AFF9D8226CF06BAFA6591B217'}, '00074511075376293bdacb4bd178f5589e4a3abd39feb6ee4019cbd9d14ef9b3', '00064c06138b1b38449d2ad3b9465b824bd67fb3afe85d007e79ca80d07411b5', 415, 'DB')",Start_time,2019-10-28 19:13:23.447807,End_time,2019-10-28 19:13:23.448805,Duration,0:00:00.000998
Task,"(141, '2019-10-28T23:13:23.482807', {'digest': 'C38B226D489D312EE7FC940C42E5651046F8827AFF9D8226CF06BAFA6591B217'}, '000372ba1fdda9b6298563910ee4de622a098bb61a627e1f380b626ac67ab15f', '00074511075376293bdacb4bd178f5589e4a3abd39feb6ee4019cbd9d14ef9b3', 8927, 'DB')",Start_time,2019-10-28 19:13:23.482807,End_time,2019-10-28 19:13:23.505804,Duration,0:00:00.022997
Task,"(142, '2019-10-28T23:13:23.548831', {'digest': 'C38B226D489D312EE7FC940C42E5651046F8827AFF9D8226CF06BAFA6591B217'}, '00073d423a4dc1e6eb980e7e317c7c36889db720d9d54ef79bc41d2013b1ca00', '000372ba1fdda9b6298563910ee4de622a098bb61a627e1f380b626ac67ab15f', 4639, 'DB')",Start_time,2019-10-28 19:13:23.548831,End_time,2019-10-28 19:13:23.587806,Duration,0:00:00.038975
Task,"(143, '2019-10-28T23:13:23.588807', <LC.TB_data object at 0x000001AA3E9EDB00>, '0003d511910d1fb1967a8b017a63a4ec11533db518d207131fc9fbad91c33f92', '00073d423a4dc1e6eb980e7e317c7c36889db720d9d54ef79bc41d2013b1ca00', 955, 'TB')",Start_time,2019-10-28 19:13:23.588807,End_time,2019-10-28 19:13:23.590804,Duration,0:00:00.001997
Task,"(144, '2019-10-28T23:13:23.787807', 'Relative Genesis Block', '000e741c0a6e3838f342152d1430194e1a669f06a7b57b42897b046491e3433c', '0003d511910d1fb1967a8b017a63a4ec11533db518d207131fc9fbad91c33f92', 776, 'RGB')",Start_time,2019-10-28 19:13:23.787807,End_time,2019-10-28 19:13:23.790807,Duration,0:00:00.003000
Task,"(145, '2019-10-28T23:13:23.791809', {'digest': 'C38B226D489D312EE7FC940C42E5651046F8827AFF9D8226CF06BAFA6591B217'}, '0006af245710419fd00c7b42b206b18689b784ade87d124449625e68e9b40cd1', '000e741c0a6e3838f342152d1430194e1a669f06a7b57b42897b046491e3433c', 174, 'DB')",Start_time,2019-10-28 19:13:23.791809,End_time,2019-10-28 19:13:23.792808,Duration,0:00:00.000999
Task,"(146, '2019-10-28T23:13:23.829806', {'digest': 'C38B226D489D312EE7FC940C42E5651046F8827AFF9D8226CF06BAFA6591B217'}, '000024be5184302292fd8c832123049ea3274e4f273b03be217935d11a921fc8', '0006af245710419fd00c7b42b206b18689b784ade87d124449625e68e9b40cd1', 412, 'DB')",Start_time,2019-10-28 19:13:23.829806,End_time,2019-10-28 19:13:23.830806,Duration,0:00:00.001000
Task,"(147, '2019-10-28T23:13:23.861808', {'digest': 'C38B226D489D312EE7FC940C42E5651046F8827AFF9D8226CF06BAFA6591B217'}, '000826d0bd7c1b8a26cd8fb12d0e9d0d27db533f724804262d8ee81eed36fdf5', '000024be5184302292fd8c832123049ea3274e4f273b03be217935d11a921fc8', 3464, 'DB')",Start_time,2019-10-28 19:13:23.861808,End_time,2019-10-28 19:13:23.875809,Duration,0:00:00.014001
Task,"(148, '2019-10-28T23:13:23.913809', {'digest': 'C38B226D489D312EE7FC940C42E5651046F8827AFF9D8226CF06BAFA6591B217'}, '00077bdbae9f59616aa45c3b7d384fbe605f15a2a877e52a571af3645777c615', '000826d0bd7c1b8a26cd8fb12d0e9d0d27db533f724804262d8ee81eed36fdf5', 433, 'DB')",Start_time,2019-10-28 19:13:23.913809,End_time,2019-10-28 19:13:23.914806,Duration,0:00:00.000997
Task,"(149, '2019-10-28T23:13:23.967807', {'digest': 'C38B226D489D312EE7FC940C42E5651046F8827AFF9D8226CF06BAFA6591B217'}, '000ea24954160e5fc541f71689a8867e70f2a20682af1874957732d4e811c2f4', '00077bdbae9f59616aa45c3b7d384fbe605f15a2a877e52a571af3645777c615', 3808, 'DB')",Start_time,2019-10-28 19:13:23.967807,End_time,2019-10-28 19:13:23.985805,Duration,0:00:00.017998
Task,"(150, '2019-10-28T23:13:24.017808', {'digest': 'C38B226D489D312EE7FC940C42E5651046F8827AFF9D8226CF06BAFA6591B217'}, '0005e28a560fe6b3c8dd2c75330475821a55fb0469373f5db346c06618cdc3a4', '000ea24954160e5fc541f71689a8867e70f2a20682af1874957732d4e811c2f4', 2628, 'DB')",Start_time,2019-10-28 19:13:24.017808,End_time,2019-10-28 19:13:24.032813,Duration,0:00:00.015005
Task,"(151, '2019-10-28T23:13:24.071809', {'digest': 'C38B226D489D312EE7FC940C42E5651046F8827AFF9D8226CF06BAFA6591B217'}, '000a4c7d3919e011ea63bca4d6e26cff8dd813ade8c56eef85c6ecc244f64b84', '0005e28a560fe6b3c8dd2c75330475821a55fb0469373f5db346c06618cdc3a4', 2229, 'DB')",Start_time,2019-10-28 19:13:24.071809,End_time,2019-10-28 19:13:24.082826,Duration,0:00:00.011017
Task,"(152, '2019-10-28T23:13:24.119807', {'digest': 'C38B226D489D312EE7FC940C42E5651046F8827AFF9D8226CF06BAFA6591B217'}, '000522a9422de3480d0ffb2f9b27e1f4e736976c131fcbf4fc45cc634aa0c9c2', '000a4c7d3919e011ea63bca4d6e26cff8dd813ade8c56eef85c6ecc244f64b84', 3058, 'DB')",Start_time,2019-10-28 19:13:24.119807,End_time,2019-10-28 19:13:24.126805,Duration,0:00:00.006998
Task,"(153, '2019-10-28T23:13:24.163808', {'digest': 'C38B226D489D312EE7FC940C42E5651046F8827AFF9D8226CF06BAFA6591B217'}, '00011268223c435ed56a2aafd5ef8f0c5c55804088c1abb19470aa741fffd4c8', '000522a9422de3480d0ffb2f9b27e1f4e736976c131fcbf4fc45cc634aa0c9c2', 1625, 'DB')",Start_time,2019-10-28 19:13:24.163808,End_time,2019-10-28 19:13:24.169808,Duration,0:00:00.006000
Task,"(154, '2019-10-28T23:13:24.204806', {'digest': 'C38B226D489D312EE7FC940C42E5651046F8827AFF9D8226CF06BAFA6591B217'}, '000b3e7e62ce43e1c72aa489a6aeadba26a913c71aee214ea4a386095cb21048', '00011268223c435ed56a2aafd5ef8f0c5c55804088c1abb19470aa741fffd4c8', 3700, 'DB')",Start_time,2019-10-28 19:13:24.204806,End_time,2019-10-28 19:13:24.216808,Duration,0:00:00.012002
Task,"(155, '2019-10-28T23:13:24.217807', <LC.TB_data object at 0x000001AA3EA1A198>, '000ac717b2f4398e3348916205f15fe4078f92bbff26de35a79aff3a2be5bf52', '000b3e7e62ce43e1c72aa489a6aeadba26a913c71aee214ea4a386095cb21048', 5901, 'TB')",Start_time,2019-10-28 19:13:24.217807,End_time,2019-10-28 19:13:24.312807,Duration,0:00:00.095000
Task,"(156, '2019-10-28T23:13:24.514813', 'Relative Genesis Block', '00058808deffd58e45ff0639e431f6c496eef54ad8fcb431183e9643cd8b5d1e', '000ac717b2f4398e3348916205f15fe4078f92bbff26de35a79aff3a2be5bf52', 4739, 'RGB')",Start_time,2019-10-28 19:13:24.514813,End_time,2019-10-28 19:13:24.532805,Duration,0:00:00.017992
Task,"(157, '2019-10-28T23:13:24.533807', {'digest': 'C38B226D489D312EE7FC940C42E5651046F8827AFF9D8226CF06BAFA6591B217'}, '0008c29a42b8bd421de0724987626ce4ba9946238589cd679ec6eac0d08d8757', '00058808deffd58e45ff0639e431f6c496eef54ad8fcb431183e9643cd8b5d1e', 2655, 'DB')",Start_time,2019-10-28 19:13:24.533807,End_time,2019-10-28 19:13:24.540804,Duration,0:00:00.006997
Task,"(158, '2019-10-28T23:13:24.581811', {'digest': 'C38B226D489D312EE7FC940C42E5651046F8827AFF9D8226CF06BAFA6591B217'}, '000d1aadca52e66d8707192ec3f2322e863026e5d37013876f820ccaea33beca', '0008c29a42b8bd421de0724987626ce4ba9946238589cd679ec6eac0d08d8757', 5985, 'DB')",Start_time,2019-10-28 19:13:24.581811,End_time,2019-10-28 19:13:24.602804,Duration,0:00:00.020993
Task,"(159, '2019-10-28T23:13:24.635809', {'digest': 'C38B226D489D312EE7FC940C42E5651046F8827AFF9D8226CF06BAFA6591B217'}, '0004da86f2c4d4678c372e2c723e9b2ac8cef9014581bfba3eac7940ba3352ae', '000d1aadca52e66d8707192ec3f2322e863026e5d37013876f820ccaea33beca', 6476, 'DB')",Start_time,2019-10-28 19:13:24.635809,End_time,2019-10-28 19:13:24.657805,Duration,0:00:00.021996
Task,"(160, '2019-10-28T23:13:24.698811', {'digest': 'C38B226D489D312EE7FC940C42E5651046F8827AFF9D8226CF06BAFA6591B217'}, '000f6e848742f79e177712b9b60c2805f3f55c8cd7493d981df1e2e9ec683e06', '0004da86f2c4d4678c372e2c723e9b2ac8cef9014581bfba3eac7940ba3352ae', 3404, 'DB')",Start_time,2019-10-28 19:13:24.698811,End_time,2019-10-28 19:13:24.712811,Duration,0:00:00.014000
Task,"(161, '2019-10-28T23:13:24.756811', {'digest': 'C38B226D489D312EE7FC940C42E5651046F8827AFF9D8226CF06BAFA6591B217'}, '00038027b4ed535e100b5d383d57206d53b546e44c5b73df257c898f19a8a6e6', '000f6e848742f79e177712b9b60c2805f3f55c8cd7493d981df1e2e9ec683e06', 3163, 'DB')",Start_time,2019-10-28 19:13:24.756811,End_time,2019-10-28 19:13:24.794807,Duration,0:00:00.037996
Task,"(162, '2019-10-28T23:13:24.827811', {'digest': 'C38B226D489D312EE7FC940C42E5651046F8827AFF9D8226CF06BAFA6591B217'}, '0009145e589070e3e493b12097e72f4f65d2a46f15748e0ec7a28b5a88095dbb', '00038027b4ed535e100b5d383d57206d53b546e44c5b73df257c898f19a8a6e6', 1308, 'DB')",Start_time,2019-10-28 19:13:24.827811,End_time,2019-10-28 19:13:24.830806,Duration,0:00:00.002995
Task,"(163, '2019-10-28T23:13:24.867807', {'digest': 'C38B226D489D312EE7FC940C42E5651046F8827AFF9D8226CF06BAFA6591B217'}, '0005719608bcd0d12456094bd5c59b78c4c7e9e341978bb4e6eae6623de3cea2', '0009145e589070e3e493b12097e72f4f65d2a46f15748e0ec7a28b5a88095dbb', 3354, 'DB')",Start_time,2019-10-28 19:13:24.867807,End_time,2019-10-28 19:13:24.884804,Duration,0:00:00.016997
Task,"(164, '2019-10-28T23:13:24.922810', {'digest': 'C38B226D489D312EE7FC940C42E5651046F8827AFF9D8226CF06BAFA6591B217'}, '0006a976d8763eceb627d4c4b3bd31ab00a23b3bef935454b76ba12f243cfeca', '0005719608bcd0d12456094bd5c59b78c4c7e9e341978bb4e6eae6623de3cea2', 3964, 'DB')",Start_time,2019-10-28 19:13:24.922810,End_time,2019-10-28 19:13:24.958809,Duration,0:00:00.035999
Task,"(165, '2019-10-28T23:13:25.000806', {'digest': 'C38B226D489D312EE7FC940C42E5651046F8827AFF9D8226CF06BAFA6591B217'}, '000b2aaef0752ca30fb789c58d76b6d5c083b37a411d370501fca8f0a111cb55', '0006a976d8763eceb627d4c4b3bd31ab00a23b3bef935454b76ba12f243cfeca', 4073, 'DB')",Start_time,2019-10-28 19:13:25.000806,End_time,2019-10-28 19:13:25.017805,Duration,0:00:00.016999
Task,"(166, '2019-10-28T23:13:25.054807', {'digest': 'C38B226D489D312EE7FC940C42E5651046F8827AFF9D8226CF06BAFA6591B217'}, '000ad0becc5451a736fadd52d1dc4cd07ec88a904b89e98e83be12aa196c50bc', '000b2aaef0752ca30fb789c58d76b6d5c083b37a411d370501fca8f0a111cb55', 1044, 'DB')",Start_time,2019-10-28 19:13:25.054807,End_time,2019-10-28 19:13:25.057805,Duration,0:00:00.002998
Task,"(167, '2019-10-28T23:13:25.058808', <LC.TB_data object at 0x000001AA3EA08898>, '00093c01ba3e2f961e6f5cc64e5123c2bb9289f7d79f0c7a3d7df38908e057c2', '000ad0becc5451a736fadd52d1dc4cd07ec88a904b89e98e83be12aa196c50bc', 8491, 'TB')",Start_time,2019-10-28 19:13:25.058808,End_time,2019-10-28 19:13:25.084804,Duration,0:00:00.025996
Task,"(168, '2019-10-28T23:13:25.253811', 'Relative Genesis Block', '000961fbc5874d49770b5a0e635f21ff6559335d7881751443c3d777389bf3e7', '00093c01ba3e2f961e6f5cc64e5123c2bb9289f7d79f0c7a3d7df38908e057c2', 2552, 'RGB')",Start_time,2019-10-28 19:13:25.253811,End_time,2019-10-28 19:13:25.260809,Duration,0:00:00.006998
Task,"(169, '2019-10-28T23:13:25.264812', {'digest': 'C38B226D489D312EE7FC940C42E5651046F8827AFF9D8226CF06BAFA6591B217'}, '000e8e7a4b1813102f1188cdbff364841e58e4316c15036f2c52abc0407ecb05', '000961fbc5874d49770b5a0e635f21ff6559335d7881751443c3d777389bf3e7', 1699, 'DB')",Start_time,2019-10-28 19:13:25.264812,End_time,2019-10-28 19:13:25.272808,Duration,0:00:00.007996
Task,"(170, '2019-10-28T23:13:25.312808', {'digest': 'C38B226D489D312EE7FC940C42E5651046F8827AFF9D8226CF06BAFA6591B217'}, '0005bf7d6eaea6ac563a0e299e288cf30b1fffe94da1f931fb9bd40b759d3015', '000e8e7a4b1813102f1188cdbff364841e58e4316c15036f2c52abc0407ecb05', 4928, 'DB')",Start_time,2019-10-28 19:13:25.312808,End_time,2019-10-28 19:13:25.328804,Duration,0:00:00.015996
Task,"(171, '2019-10-28T23:13:25.363808', {'digest': 'C38B226D489D312EE7FC940C42E5651046F8827AFF9D8226CF06BAFA6591B217'}, '000b5110be0929ca26b8c260b765b4b552997206ea5df7aaf8e00e9cb1847bfa', '0005bf7d6eaea6ac563a0e299e288cf30b1fffe94da1f931fb9bd40b759d3015', 2426, 'DB')",Start_time,2019-10-28 19:13:25.363808,End_time,2019-10-28 19:13:25.370808,Duration,0:00:00.007000
Task,"(172, '2019-10-28T23:13:25.406809', {'digest': 'C38B226D489D312EE7FC940C42E5651046F8827AFF9D8226CF06BAFA6591B217'}, '0004e59385ed27c113b84fdbce1f4b3dfcef1984afb5c711112dde2f3b6e7704', '000b5110be0929ca26b8c260b765b4b552997206ea5df7aaf8e00e9cb1847bfa', 3002, 'DB')",Start_time,2019-10-28 19:13:25.406809,End_time,2019-10-28 19:13:25.414804,Duration,0:00:00.007995
Task,"(173, '2019-10-28T23:13:25.445807', {'digest': 'C38B226D489D312EE7FC940C42E5651046F8827AFF9D8226CF06BAFA6591B217'}, '0005d62ee062aec6e73d65face40636083220142c98e1eab98ff31778591e995', '0004e59385ed27c113b84fdbce1f4b3dfcef1984afb5c711112dde2f3b6e7704', 638, 'DB')",Start_time,2019-10-28 19:13:25.445807,End_time,2019-10-28 19:13:25.447808,Duration,0:00:00.002001
Task,"(174, '2019-10-28T23:13:25.492821', {'digest': 'C38B226D489D312EE7FC940C42E5651046F8827AFF9D8226CF06BAFA6591B217'}, '000940a256115524822fafbe36632980789825b5d10c700f9acb8ff5408f2113', '0005d62ee062aec6e73d65face40636083220142c98e1eab98ff31778591e995', 865, 'DB')",Start_time,2019-10-28 19:13:25.492821,End_time,2019-10-28 19:13:25.496807,Duration,0:00:00.003986
Task,"(175, '2019-10-28T23:13:25.537808', {'digest': 'C38B226D489D312EE7FC940C42E5651046F8827AFF9D8226CF06BAFA6591B217'}, '00035e96a427395efe3edfe16312daa0d8a2801bc90c0fd87a793dc7fa7e2a86', '000940a256115524822fafbe36632980789825b5d10c700f9acb8ff5408f2113', 5253, 'DB')",Start_time,2019-10-28 19:13:25.537808,End_time,2019-10-28 19:13:25.556804,Duration,0:00:00.018996
Task,"(176, '2019-10-28T23:13:25.596806', {'digest': 'C38B226D489D312EE7FC940C42E5651046F8827AFF9D8226CF06BAFA6591B217'}, '000f8c6de8c3502a4bb2dac297517ee8c6709947475895a5a3e2d743939b2c69', '00035e96a427395efe3edfe16312daa0d8a2801bc90c0fd87a793dc7fa7e2a86', 1469, 'DB')",Start_time,2019-10-28 19:13:25.596806,End_time,2019-10-28 19:13:25.601808,Duration,0:00:00.005002
Task,"(177, '2019-10-28T23:13:25.631807', {'digest': 'C38B226D489D312EE7FC940C42E5651046F8827AFF9D8226CF06BAFA6591B217'}, '000e40062b957bb66ce96d7727c3864438edd40e7cff206d36a5398cd719dd7f', '000f8c6de8c3502a4bb2dac297517ee8c6709947475895a5a3e2d743939b2c69', 701, 'DB')",Start_time,2019-10-28 19:13:25.631807,End_time,2019-10-28 19:13:25.633808,Duration,0:00:00.002001
Task,"(178, '2019-10-28T23:13:25.671806', {'digest': 'C38B226D489D312EE7FC940C42E5651046F8827AFF9D8226CF06BAFA6591B217'}, '000f71fbaa9c4eb9dcf8b3676e94b52a6f227021cb13a8e305e854b4ac7b0797', '000e40062b957bb66ce96d7727c3864438edd40e7cff206d36a5398cd719dd7f', 859, 'DB')",Start_time,2019-10-28 19:13:25.671806,End_time,2019-10-28 19:13:25.673807,Duration,0:00:00.002001
Task,"(179, '2019-10-28T23:13:25.674807', <LC.TB_data object at 0x000001AA3E9EDEB8>, '000ade4cae990c3ee4969a0e789d23474468be4af1d0043d5ec789932ee3b611', '000f71fbaa9c4eb9dcf8b3676e94b52a6f227021cb13a8e305e854b4ac7b0797', 691, 'TB')",Start_time,2019-10-28 19:13:25.674807,End_time,2019-10-28 19:13:25.677810,Duration,0:00:00.003003
Task,"(180, '2019-10-28T23:13:25.856807', 'Relative Genesis Block', '00085be8f8b1766761b3a4af707b28d98a7281d6e6bf7273177c59aa52609d4e', '000ade4cae990c3ee4969a0e789d23474468be4af1d0043d5ec789932ee3b611', 457, 'RGB')",Start_time,2019-10-28 19:13:25.856807,End_time,2019-10-28 19:13:25.857808,Duration,0:00:00.001001
Task,"(181, '2019-10-28T23:13:25.858808', {'digest': 'C38B226D489D312EE7FC940C42E5651046F8827AFF9D8226CF06BAFA6591B217'}, '000b90f40dd000e13ec8b07988c89486e10f665d2ddbebe3ef9f456250791201', '00085be8f8b1766761b3a4af707b28d98a7281d6e6bf7273177c59aa52609d4e', 732, 'DB')",Start_time,2019-10-28 19:13:25.858808,End_time,2019-10-28 19:13:25.861807,Duration,0:00:00.002999
Task,"(182, '2019-10-28T23:13:25.899811', {'digest': 'C38B226D489D312EE7FC940C42E5651046F8827AFF9D8226CF06BAFA6591B217'}, '000f390f4cd98910756e7575cfede596c587849b4a139d0c8bfb39d3b9a7908c', '000b90f40dd000e13ec8b07988c89486e10f665d2ddbebe3ef9f456250791201', 506, 'DB')",Start_time,2019-10-28 19:13:25.899811,End_time,2019-10-28 19:13:25.905807,Duration,0:00:00.005996
Task,"(183, '2019-10-28T23:13:25.943808', {'digest': 'C38B226D489D312EE7FC940C42E5651046F8827AFF9D8226CF06BAFA6591B217'}, '000c5d1465ce22cdcc075663a09d34988c0fcee71c8b945f43200463a70079c2', '000f390f4cd98910756e7575cfede596c587849b4a139d0c8bfb39d3b9a7908c', 1040, 'DB')",Start_time,2019-10-28 19:13:25.943808,End_time,2019-10-28 19:13:25.948808,Duration,0:00:00.005000
Task,"(184, '2019-10-28T23:13:25.991807', {'digest': 'C38B226D489D312EE7FC940C42E5651046F8827AFF9D8226CF06BAFA6591B217'}, '0009da2ca94ea5ea14634a373565b02cf652b2030ef9fce2960faa1781f0db9f', '000c5d1465ce22cdcc075663a09d34988c0fcee71c8b945f43200463a70079c2', 1593, 'DB')",Start_time,2019-10-28 19:13:25.991807,End_time,2019-10-28 19:13:25.997807,Duration,0:00:00.006000
Task,"(185, '2019-10-28T23:13:26.033807', {'digest': 'C38B226D489D312EE7FC940C42E5651046F8827AFF9D8226CF06BAFA6591B217'}, '0006aac79c0a3d5299fbb34099de2a018cc6e52a7061035322467e63dd7114cc', '0009da2ca94ea5ea14634a373565b02cf652b2030ef9fce2960faa1781f0db9f', 3313, 'DB')",Start_time,2019-10-28 19:13:26.033807,End_time,2019-10-28 19:13:26.046807,Duration,0:00:00.013000
Task,"(186, '2019-10-28T23:13:26.084808', {'digest': 'C38B226D489D312EE7FC940C42E5651046F8827AFF9D8226CF06BAFA6591B217'}, '000782964fc216abcccb40d0fda35dc910901b60aa00162556b74f057301fe27', '0006aac79c0a3d5299fbb34099de2a018cc6e52a7061035322467e63dd7114cc', 6659, 'DB')",Start_time,2019-10-28 19:13:26.084808,End_time,2019-10-28 19:13:26.103804,Duration,0:00:00.018996
Task,"(187, '2019-10-28T23:13:26.140807', {'digest': 'C38B226D489D312EE7FC940C42E5651046F8827AFF9D8226CF06BAFA6591B217'}, '00098921e6ffee43fdd393d47c44c6c15de3ca2dd0b386be3aee3d85831a2b86', '000782964fc216abcccb40d0fda35dc910901b60aa00162556b74f057301fe27', 5041, 'DB')",Start_time,2019-10-28 19:13:26.140807,End_time,2019-10-28 19:13:26.165807,Duration,0:00:00.025000
Task,"(188, '2019-10-28T23:13:26.202810', {'digest': 'C38B226D489D312EE7FC940C42E5651046F8827AFF9D8226CF06BAFA6591B217'}, '0005814b2fbb50c18d14e7bf68be6d1b74fe686288bf50ccb5dca4d3dfea959b', '00098921e6ffee43fdd393d47c44c6c15de3ca2dd0b386be3aee3d85831a2b86', 2881, 'DB')",Start_time,2019-10-28 19:13:26.202810,End_time,2019-10-28 19:13:26.210804,Duration,0:00:00.007994
Task,"(189, '2019-10-28T23:13:26.249810', {'digest': 'C38B226D489D312EE7FC940C42E5651046F8827AFF9D8226CF06BAFA6591B217'}, '00011a9007832ae6acf6fc6a13adcd01cd5d47029c06f4efdf343f21922a5455', '0005814b2fbb50c18d14e7bf68be6d1b74fe686288bf50ccb5dca4d3dfea959b', 1962, 'DB')",Start_time,2019-10-28 19:13:26.249810,End_time,2019-10-28 19:13:26.254806,Duration,0:00:00.004996
Task,"(190, '2019-10-28T23:13:26.291811', {'digest': 'C38B226D489D312EE7FC940C42E5651046F8827AFF9D8226CF06BAFA6591B217'}, '00053b0409799266d9d4c88ce8eeecc337571b3543dfff83029af4657164db2c', '00011a9007832ae6acf6fc6a13adcd01cd5d47029c06f4efdf343f21922a5455', 1004, 'DB')",Start_time,2019-10-28 19:13:26.291811,End_time,2019-10-28 19:13:26.296806,Duration,0:00:00.004995
Task,"(191, '2019-10-28T23:13:26.297808', <LC.TB_data object at 0x000001AA3EA1A5C0>, '000c0f7b925a19f85e471ce95cdf50a04a90d22819230dd585b298ba7a290186', '00053b0409799266d9d4c88ce8eeecc337571b3543dfff83029af4657164db2c', 1217, 'TB')",Start_time,2019-10-28 19:13:26.297808,End_time,2019-10-28 19:13:26.304805,Duration,0:00:00.006997
Task,"(192, '2019-10-28T23:13:26.531806', 'Relative Genesis Block', '0000f753a643afcd2212ac0e79c8dedc29f248896b2a92f6ef9f0ce28d13f3c4', '000c0f7b925a19f85e471ce95cdf50a04a90d22819230dd585b298ba7a290186', 389, 'RGB')",Start_time,2019-10-28 19:13:26.531806,End_time,2019-10-28 19:13:26.533808,Duration,0:00:00.002002
Task,"(193, '2019-10-28T23:13:26.534808', {'digest': 'C38B226D489D312EE7FC940C42E5651046F8827AFF9D8226CF06BAFA6591B217'}, '000342f97f80c4bbd5677e5fcede3d70aef86adc9de453160d47f29fcee98f22', '0000f753a643afcd2212ac0e79c8dedc29f248896b2a92f6ef9f0ce28d13f3c4', 1678, 'DB')",Start_time,2019-10-28 19:13:26.534808,End_time,2019-10-28 19:13:26.540854,Duration,0:00:00.006046
Task,"(194, '2019-10-28T23:13:26.577807', {'digest': 'C38B226D489D312EE7FC940C42E5651046F8827AFF9D8226CF06BAFA6591B217'}, '000b7eb678bc5437f159dc07ad079665b6fc1e0d2390b4dfd54b3227c601356b', '000342f97f80c4bbd5677e5fcede3d70aef86adc9de453160d47f29fcee98f22', 2386, 'DB')",Start_time,2019-10-28 19:13:26.577807,End_time,2019-10-28 19:13:26.588810,Duration,0:00:00.011003
Task,"(195, '2019-10-28T23:13:26.622806', {'digest': 'C38B226D489D312EE7FC940C42E5651046F8827AFF9D8226CF06BAFA6591B217'}, '0001e4f443768cf48b107fbf5c8b38b864801763f9cd30a909da4fd7a3ca0592', '000b7eb678bc5437f159dc07ad079665b6fc1e0d2390b4dfd54b3227c601356b', 8559, 'DB')",Start_time,2019-10-28 19:13:26.622806,End_time,2019-10-28 19:13:26.653806,Duration,0:00:00.031000
Task,"(196, '2019-10-28T23:13:26.685808', {'digest': 'C38B226D489D312EE7FC940C42E5651046F8827AFF9D8226CF06BAFA6591B217'}, '000170f9a76eca468434793bea59b5e819f8f95a34514615bb0632ad9878225e', '0001e4f443768cf48b107fbf5c8b38b864801763f9cd30a909da4fd7a3ca0592', 5470, 'DB')",Start_time,2019-10-28 19:13:26.685808,End_time,2019-10-28 19:13:26.705805,Duration,0:00:00.019997
Task,"(197, '2019-10-28T23:13:26.738809', {'digest': 'C38B226D489D312EE7FC940C42E5651046F8827AFF9D8226CF06BAFA6591B217'}, '000d00ccdbeb69420d52cdb421ff1ea1d64f8e358951e26a99838dcdda8920e2', '000170f9a76eca468434793bea59b5e819f8f95a34514615bb0632ad9878225e', 4648, 'DB')",Start_time,2019-10-28 19:13:26.738809,End_time,2019-10-28 19:13:26.757808,Duration,0:00:00.018999
Task,"(198, '2019-10-28T23:13:26.797810', {'digest': 'C38B226D489D312EE7FC940C42E5651046F8827AFF9D8226CF06BAFA6591B217'}, '0000368d9ebe9972066ef582f88b466fbea1e6d6279468423644ee2e6f81c9b7', '000d00ccdbeb69420d52cdb421ff1ea1d64f8e358951e26a99838dcdda8920e2', 975, 'DB')",Start_time,2019-10-28 19:13:26.797810,End_time,2019-10-28 19:13:26.803809,Duration,0:00:00.005999
Task,"(199, '2019-10-28T23:13:26.888805', {'digest': 'C38B226D489D312EE7FC940C42E5651046F8827AFF9D8226CF06BAFA6591B217'}, '000032f4eef688e2edd025a227ff64382e71f338a9b8d7c66ad2b6980fc2c1a8', '0000368d9ebe9972066ef582f88b466fbea1e6d6279468423644ee2e6f81c9b7', 16776, 'DB')",Start_time,2019-10-28 19:13:26.888805,End_time,2019-10-28 19:13:26.934804,Duration,0:00:00.045999
Task,"(200, '2019-10-28T23:13:26.970809', {'digest': 'C38B226D489D312EE7FC940C42E5651046F8827AFF9D8226CF06BAFA6591B217'}, '000186e7ac6292f6cce33e857f6c7467a8740f884ab5459d4b477abfc2835457', '000032f4eef688e2edd025a227ff64382e71f338a9b8d7c66ad2b6980fc2c1a8', 1074, 'DB')",Start_time,2019-10-28 19:13:26.970809,End_time,2019-10-28 19:13:26.974807,Duration,0:00:00.003998
Task,"(201, '2019-10-28T23:13:27.013810', {'digest': 'C38B226D489D312EE7FC940C42E5651046F8827AFF9D8226CF06BAFA6591B217'}, '0000a4a36069a3c3db3799f9ebd30fc0ce3fed85186cc530f3399185fda3eba1', '000186e7ac6292f6cce33e857f6c7467a8740f884ab5459d4b477abfc2835457', 34, 'DB')",Start_time,2019-10-28 19:13:27.013810,End_time,2019-10-28 19:13:27.013810,Duration,0:00:00
Task,"(202, '2019-10-28T23:13:27.055808', {'digest': 'C38B226D489D312EE7FC940C42E5651046F8827AFF9D8226CF06BAFA6591B217'}, '00082f09e8b448e1886d9973aa0ef457b2eee1b0e2fffc1a1f50e0cae76c52d7', '0000a4a36069a3c3db3799f9ebd30fc0ce3fed85186cc530f3399185fda3eba1', 4563, 'DB')",Start_time,2019-10-28 19:13:27.055808,End_time,2019-10-28 19:13:27.076808,Duration,0:00:00.021000
Task,"(203, '2019-10-28T23:13:27.079814', <LC.TB_data object at 0x000001AA3E9C0048>, '00056074d5023cf13b89b1697894cd78047c801e200612a420424d7957e1b510', '00082f09e8b448e1886d9973aa0ef457b2eee1b0e2fffc1a1f50e0cae76c52d7', 2148, 'TB')",Start_time,2019-10-28 19:13:27.079814,End_time,2019-10-28 19:13:27.088805,Duration,0:00:00.008991
Task,"(204, '2019-10-28T23:13:27.304809', 'Relative Genesis Block', '000ec015d43d4a16acb81c7a41e5fd967d48c4d3b01e3d350d227f2884880506', '00056074d5023cf13b89b1697894cd78047c801e200612a420424d7957e1b510', 14249, 'RGB')",Start_time,2019-10-28 19:13:27.304809,End_time,2019-10-28 19:13:27.357804,Duration,0:00:00.052995
Task,"(205, '2019-10-28T23:13:27.358806', {'digest': 'C38B226D489D312EE7FC940C42E5651046F8827AFF9D8226CF06BAFA6591B217'}, '0009f63e4040b87e1a771c1e81a4e8fac458cbe45b7197b02cb9368f675e3a0a', '000ec015d43d4a16acb81c7a41e5fd967d48c4d3b01e3d350d227f2884880506', 11287, 'DB')",Start_time,2019-10-28 19:13:27.358806,End_time,2019-10-28 19:13:27.388806,Duration,0:00:00.030000
Task,"(206, '2019-10-28T23:13:27.422808', {'digest': 'C38B226D489D312EE7FC940C42E5651046F8827AFF9D8226CF06BAFA6591B217'}, '000351d63ba26c2f984f62039d31b6f0644bc11ddce5b52c45199e21445ff7d6', '0009f63e4040b87e1a771c1e81a4e8fac458cbe45b7197b02cb9368f675e3a0a', 950, 'DB')",Start_time,2019-10-28 19:13:27.422808,End_time,2019-10-28 19:13:27.424805,Duration,0:00:00.001997
Task,"(207, '2019-10-28T23:13:27.455807', {'digest': 'C38B226D489D312EE7FC940C42E5651046F8827AFF9D8226CF06BAFA6591B217'}, '000e5c2e0aef88e7fc9d819d7251b92ae130c47e4c6ca1d0d3d558290458462e', '000351d63ba26c2f984f62039d31b6f0644bc11ddce5b52c45199e21445ff7d6', 260, 'DB')",Start_time,2019-10-28 19:13:27.455807,End_time,2019-10-28 19:13:27.456807,Duration,0:00:00.001000
Task,"(208, '2019-10-28T23:13:27.489808', {'digest': 'C38B226D489D312EE7FC940C42E5651046F8827AFF9D8226CF06BAFA6591B217'}, '00027eb0ea0227a0294bae3f39adbd3803cfb4139e25f7512072919be42e5a06', '000e5c2e0aef88e7fc9d819d7251b92ae130c47e4c6ca1d0d3d558290458462e', 12731, 'DB')",Start_time,2019-10-28 19:13:27.489808,End_time,2019-10-28 19:13:27.527843,Duration,0:00:00.038035
Task,"(209, '2019-10-28T23:13:27.567812', {'digest': 'C38B226D489D312EE7FC940C42E5651046F8827AFF9D8226CF06BAFA6591B217'}, '0004deab0365543ccc8f94c98e6f8f12d4f7b70d33500671ef6eeeae8c1aaad4', '00027eb0ea0227a0294bae3f39adbd3803cfb4139e25f7512072919be42e5a06', 134, 'DB')",Start_time,2019-10-28 19:13:27.567812,End_time,2019-10-28 19:13:27.568806,Duration,0:00:00.000994
Task,"(210, '2019-10-28T23:13:27.598807', {'digest': 'C38B226D489D312EE7FC940C42E5651046F8827AFF9D8226CF06BAFA6591B217'}, '00098b8756c8202be48f8d38bc546bd78ca25adca397e5e7ded0477b1b406903', '0004deab0365543ccc8f94c98e6f8f12d4f7b70d33500671ef6eeeae8c1aaad4', 5601, 'DB')",Start_time,2019-10-28 19:13:27.598807,End_time,2019-10-28 19:13:27.622805,Duration,0:00:00.023998
Task,"(211, '2019-10-28T23:13:27.665807', {'digest': 'C38B226D489D312EE7FC940C42E5651046F8827AFF9D8226CF06BAFA6591B217'}, '00025f9e5443c5bb29a95cb2e447482d28ea0f5020311e47c443efa16490d890', '00098b8756c8202be48f8d38bc546bd78ca25adca397e5e7ded0477b1b406903', 3498, 'DB')",Start_time,2019-10-28 19:13:27.665807,End_time,2019-10-28 19:13:27.674805,Duration,0:00:00.008998
Task,"(212, '2019-10-28T23:13:27.708809', {'digest': 'C38B226D489D312EE7FC940C42E5651046F8827AFF9D8226CF06BAFA6591B217'}, '0000c1490cb75a3209592db0d0fd8b09d424f9f1c3945e81696faaab7828f300', '00025f9e5443c5bb29a95cb2e447482d28ea0f5020311e47c443efa16490d890', 4370, 'DB')",Start_time,2019-10-28 19:13:27.708809,End_time,2019-10-28 19:13:27.726805,Duration,0:00:00.017996
Task,"(213, '2019-10-28T23:13:27.768807', {'digest': 'C38B226D489D312EE7FC940C42E5651046F8827AFF9D8226CF06BAFA6591B217'}, '0009e1bdd1f29a91b8c3ca0f6c3b2464876f806a6013f00a43fb77f05f115e67', '0000c1490cb75a3209592db0d0fd8b09d424f9f1c3945e81696faaab7828f300', 2705, 'DB')",Start_time,2019-10-28 19:13:27.768807,End_time,2019-10-28 19:13:27.798806,Duration,0:00:00.029999
Task,"(214, '2019-10-28T23:13:27.835810', {'digest': 'C38B226D489D312EE7FC940C42E5651046F8827AFF9D8226CF06BAFA6591B217'}, '000958df542610796e0778104439130d8840580273357082fc6c3c1534d3f920', '0009e1bdd1f29a91b8c3ca0f6c3b2464876f806a6013f00a43fb77f05f115e67', 1120, 'DB')",Start_time,2019-10-28 19:13:27.835810,End_time,2019-10-28 19:13:27.840807,Duration,0:00:00.004997
Task,"(215, '2019-10-28T23:13:27.841810', <LC.TB_data object at 0x000001AA3EA08860>, '000b8a8fb9e43120da34b9bc164b445227e98e1582bf654825de854c37cf55db', '000958df542610796e0778104439130d8840580273357082fc6c3c1534d3f920', 467, 'TB')",Start_time,2019-10-28 19:13:27.841810,End_time,2019-10-28 19:13:27.843807,Duration,0:00:00.001997
Task,"(216, '2019-10-28T23:13:28.028809', 'Relative Genesis Block', '000771a4589de4b2809ea67254844d5766b9b7103aade4caa0a20b917914f8c0', '000b8a8fb9e43120da34b9bc164b445227e98e1582bf654825de854c37cf55db', 5029, 'RGB')",Start_time,2019-10-28 19:13:28.028809,End_time,2019-10-28 19:13:28.054805,Duration,0:00:00.025996
Task,"(217, '2019-10-28T23:13:28.061814', {'digest': 'C38B226D489D312EE7FC940C42E5651046F8827AFF9D8226CF06BAFA6591B217'}, '000d0b0c6b7bdc911f3b90a7d3df3f243fa9e847a7521fdfe48e8efbe34a515e', '000771a4589de4b2809ea67254844d5766b9b7103aade4caa0a20b917914f8c0', 4593, 'DB')",Start_time,2019-10-28 19:13:28.061814,End_time,2019-10-28 19:13:28.077805,Duration,0:00:00.015991
Task,"(218, '2019-10-28T23:13:28.116808', {'digest': 'C38B226D489D312EE7FC940C42E5651046F8827AFF9D8226CF06BAFA6591B217'}, '000b764df0378ea2e18a702ec28e0f02c224460ae51d35edfe7ac8b02d4455ac', '000d0b0c6b7bdc911f3b90a7d3df3f243fa9e847a7521fdfe48e8efbe34a515e', 180, 'DB')",Start_time,2019-10-28 19:13:28.116808,End_time,2019-10-28 19:13:28.117810,Duration,0:00:00.001002
Task,"(219, '2019-10-28T23:13:28.152807', {'digest': 'C38B226D489D312EE7FC940C42E5651046F8827AFF9D8226CF06BAFA6591B217'}, '00062b96bfdc0057ed2f046e28f123458c904fd5f9c798dfa810706857484d80', '000b764df0378ea2e18a702ec28e0f02c224460ae51d35edfe7ac8b02d4455ac', 1480, 'DB')",Start_time,2019-10-28 19:13:28.152807,End_time,2019-10-28 19:13:28.155804,Duration,0:00:00.002997
Task,"(220, '2019-10-28T23:13:28.191807', {'digest': 'C38B226D489D312EE7FC940C42E5651046F8827AFF9D8226CF06BAFA6591B217'}, '0009c175c7062acd6ddae25d95ecdda768a316fe76dbaacfc7356d4b2279375a', '00062b96bfdc0057ed2f046e28f123458c904fd5f9c798dfa810706857484d80', 3528, 'DB')",Start_time,2019-10-28 19:13:28.191807,End_time,2019-10-28 19:13:28.204804,Duration,0:00:00.012997
Task,"(221, '2019-10-28T23:13:28.240808', {'digest': 'C38B226D489D312EE7FC940C42E5651046F8827AFF9D8226CF06BAFA6591B217'}, '00086cdc717eae784817251aff9382504914133c295e907e32de0ee60524154b', '0009c175c7062acd6ddae25d95ecdda768a316fe76dbaacfc7356d4b2279375a', 1029, 'DB')",Start_time,2019-10-28 19:13:28.240808,End_time,2019-10-28 19:13:28.243807,Duration,0:00:00.002999
Task,"(222, '2019-10-28T23:13:28.289807', {'digest': 'C38B226D489D312EE7FC940C42E5651046F8827AFF9D8226CF06BAFA6591B217'}, '0007e93bdd561c093ff29038e53a95c4ff9aefc370c1aa75559d4b6e50451069', '00086cdc717eae784817251aff9382504914133c295e907e32de0ee60524154b', 1084, 'DB')",Start_time,2019-10-28 19:13:28.289807,End_time,2019-10-28 19:13:28.293806,Duration,0:00:00.003999
Task,"(223, '2019-10-28T23:13:28.334815', {'digest': 'C38B226D489D312EE7FC940C42E5651046F8827AFF9D8226CF06BAFA6591B217'}, '0008afa1d7023e30bb253af9f62f1cdebfa2c967de8fbd4a699ad3ed10448367', '0007e93bdd561c093ff29038e53a95c4ff9aefc370c1aa75559d4b6e50451069', 27, 'DB')",Start_time,2019-10-28 19:13:28.334815,End_time,2019-10-28 19:13:28.334815,Duration,0:00:00
Task,"(224, '2019-10-28T23:13:28.373807', {'digest': 'C38B226D489D312EE7FC940C42E5651046F8827AFF9D8226CF06BAFA6591B217'}, '000d91a2311199699936ec05b2369d505392e1861381d13f42fe3087ed981d8c', '0008afa1d7023e30bb253af9f62f1cdebfa2c967de8fbd4a699ad3ed10448367', 7144, 'DB')",Start_time,2019-10-28 19:13:28.373807,End_time,2019-10-28 19:13:28.395807,Duration,0:00:00.022000
Task,"(225, '2019-10-28T23:13:28.432814', {'digest': 'C38B226D489D312EE7FC940C42E5651046F8827AFF9D8226CF06BAFA6591B217'}, '000ae8d156ab457e30c43cb192ae5f34faeb0a83617fc49e3364228cdad91222', '000d91a2311199699936ec05b2369d505392e1861381d13f42fe3087ed981d8c', 7942, 'DB')",Start_time,2019-10-28 19:13:28.432814,End_time,2019-10-28 19:13:28.464810,Duration,0:00:00.031996
Task,"(226, '2019-10-28T23:13:28.511811', {'digest': 'C38B226D489D312EE7FC940C42E5651046F8827AFF9D8226CF06BAFA6591B217'}, '0001f3bb7862673222af5fef6b152cb18fa1b7ded8613b247969c33b8c45b5e0', '000ae8d156ab457e30c43cb192ae5f34faeb0a83617fc49e3364228cdad91222', 614, 'DB')",Start_time,2019-10-28 19:13:28.511811,End_time,2019-10-28 19:13:28.514809,Duration,0:00:00.002998
Task,"(227, '2019-10-28T23:13:28.516807', <LC.TB_data object at 0x000001AA3E9FE080>, '000faa705e32635f6be4aa51ee9daa14bb28967648f1ddabd8dbb5c979385549', '0001f3bb7862673222af5fef6b152cb18fa1b7ded8613b247969c33b8c45b5e0', 1136, 'TB')",Start_time,2019-10-28 19:13:28.516807,End_time,2019-10-28 19:13:28.526807,Duration,0:00:00.010000
Task,"(228, '2019-10-28T23:13:28.717807', 'Relative Genesis Block', '0009f354413cf6d4b50f8959477459880194e1351977c7f30a67f6ead5fe4f4d', '000faa705e32635f6be4aa51ee9daa14bb28967648f1ddabd8dbb5c979385549', 195, 'RGB')",Start_time,2019-10-28 19:13:28.717807,End_time,2019-10-28 19:13:28.718809,Duration,0:00:00.001002
Task,"(229, '2019-10-28T23:13:28.720807', {'digest': 'C38B226D489D312EE7FC940C42E5651046F8827AFF9D8226CF06BAFA6591B217'}, '000ac391ab06aa17b57cd0f522829beddbeb7e44ed89f00560c3b1994bb9c2b3', '0009f354413cf6d4b50f8959477459880194e1351977c7f30a67f6ead5fe4f4d', 11811, 'DB')",Start_time,2019-10-28 19:13:28.720807,End_time,2019-10-28 19:13:28.777806,Duration,0:00:00.056999
Task,"(230, '2019-10-28T23:13:28.815834', {'digest': 'C38B226D489D312EE7FC940C42E5651046F8827AFF9D8226CF06BAFA6591B217'}, '0002b2fdae823fc7c759386865ae4103b3ec42b7970ee08fe541905c3e493bbb', '000ac391ab06aa17b57cd0f522829beddbeb7e44ed89f00560c3b1994bb9c2b3', 1458, 'DB')",Start_time,2019-10-28 19:13:28.815834,End_time,2019-10-28 19:13:28.820806,Duration,0:00:00.004972
Task,"(231, '2019-10-28T23:13:28.858809', {'digest': 'C38B226D489D312EE7FC940C42E5651046F8827AFF9D8226CF06BAFA6591B217'}, '00036db341e688306de1f6b45be10797ad6c4a14448521da71a6d7612dd75d14', '0002b2fdae823fc7c759386865ae4103b3ec42b7970ee08fe541905c3e493bbb', 20608, 'DB')",Start_time,2019-10-28 19:13:28.858809,End_time,2019-10-28 19:13:28.918808,Duration,0:00:00.059999
Task,"(232, '2019-10-28T23:13:28.949806', {'digest': 'C38B226D489D312EE7FC940C42E5651046F8827AFF9D8226CF06BAFA6591B217'}, '000cb31ff857ce0f51d6b2e7ff8a2b4e7a9bc863a8a5a58b528fd57307e20e88', '00036db341e688306de1f6b45be10797ad6c4a14448521da71a6d7612dd75d14', 7750, 'DB')",Start_time,2019-10-28 19:13:28.949806,End_time,2019-10-28 19:13:28.983804,Duration,0:00:00.033998
Task,"(233, '2019-10-28T23:13:29.026815', {'digest': 'C38B226D489D312EE7FC940C42E5651046F8827AFF9D8226CF06BAFA6591B217'}, '0003b89c72938e85d21708bb531a9984eb72620f9408efcff076ee4c6045964a', '000cb31ff857ce0f51d6b2e7ff8a2b4e7a9bc863a8a5a58b528fd57307e20e88', 1700, 'DB')",Start_time,2019-10-28 19:13:29.026815,End_time,2019-10-28 19:13:29.034807,Duration,0:00:00.007992
Task,"(234, '2019-10-28T23:13:29.069808', {'digest': 'C38B226D489D312EE7FC940C42E5651046F8827AFF9D8226CF06BAFA6591B217'}, '000284630dc6a9128bad349e9f95a22097d318ac1b8f8b8504d968a510112f3b', '0003b89c72938e85d21708bb531a9984eb72620f9408efcff076ee4c6045964a', 3885, 'DB')",Start_time,2019-10-28 19:13:29.069808,End_time,2019-10-28 19:13:29.083805,Duration,0:00:00.013997
Task,"(235, '2019-10-28T23:13:29.119808', {'digest': 'C38B226D489D312EE7FC940C42E5651046F8827AFF9D8226CF06BAFA6591B217'}, '000dbb6c4e2da4d8a3d4c160a857b0dc93259dca006db33c8226d2acc44f2a9b', '000284630dc6a9128bad349e9f95a22097d318ac1b8f8b8504d968a510112f3b', 5427, 'DB')",Start_time,2019-10-28 19:13:29.119808,End_time,2019-10-28 19:13:29.138805,Duration,0:00:00.018997
Task,"(236, '2019-10-28T23:13:29.172808', {'digest': 'C38B226D489D312EE7FC940C42E5651046F8827AFF9D8226CF06BAFA6591B217'}, '0008c8f861bbe8036ec0d33bfa2878fe637da7f91662bb7562977efd331f98c8', '000dbb6c4e2da4d8a3d4c160a857b0dc93259dca006db33c8226d2acc44f2a9b', 5885, 'DB')",Start_time,2019-10-28 19:13:29.172808,End_time,2019-10-28 19:13:29.198806,Duration,0:00:00.025998
Task,"(237, '2019-10-28T23:13:29.236811', {'digest': 'C38B226D489D312EE7FC940C42E5651046F8827AFF9D8226CF06BAFA6591B217'}, '00078a90ef126b963b2802526935a47e3d13992f2207d1fd55e62da6500ca954', '0008c8f861bbe8036ec0d33bfa2878fe637da7f91662bb7562977efd331f98c8', 9297, 'DB')",Start_time,2019-10-28 19:13:29.236811,End_time,2019-10-28 19:13:29.275807,Duration,0:00:00.038996
Task,"(238, '2019-10-28T23:13:29.308806', {'digest': 'C38B226D489D312EE7FC940C42E5651046F8827AFF9D8226CF06BAFA6591B217'}, '0005d8d68bc9f2b95b0db0d7e7e271c2ed1f7db65f01b613d58ef22f8da5a91e', '00078a90ef126b963b2802526935a47e3d13992f2207d1fd55e62da6500ca954', 2060, 'DB')",Start_time,2019-10-28 19:13:29.308806,End_time,2019-10-28 19:13:29.315807,Duration,0:00:00.007001
Task,"(239, '2019-10-28T23:13:29.317807', <LC.TB_data object at 0x000001AA3D9AFEB8>, '000269b625d4c261eb929807140e2354137e9b6fa8574d88b07e384a46b79a9f', '0005d8d68bc9f2b95b0db0d7e7e271c2ed1f7db65f01b613d58ef22f8da5a91e', 13312, 'TB')",Start_time,2019-10-28 19:13:29.317807,End_time,2019-10-28 19:13:29.359809,Duration,0:00:00.042002
